{"mean_test_accuracy": 0.3999999910593033, "std_test_accuracy": 0.008695647120475769}