{"mean_test_accuracy": 0.7564102709293365, "std_test_accuracy": 0.012820512056350708}