{"mean_test_accuracy": 0.10606060922145844, "std_test_accuracy": 0.01515151560306549}