{"mean_test_accuracy": 0.3652173727750778, "std_test_accuracy": 0.017391309142112732}