{"mean_test_accuracy": 0.02752293460071087, "std_test_accuracy": 0.02752293460071087}