{"mean_test_accuracy": 0.07339449133723974, "std_test_accuracy": 0.04587155673652887}