{"mean_test_accuracy": 0.5596330165863037, "std_test_accuracy": 0.018348634243011475}