{"mean_test_accuracy": 0.35916359225908917, "std_test_accuracy": 0.014238411166198823}