{"mean_test_accuracy": 0.03669724613428116, "std_test_accuracy": 0.03669724613428116}