{"mean_test_accuracy": 0.3086956385523081, "std_test_accuracy": 0.247826075181365}