{"mean_test_accuracy": 0.12820513173937798, "std_test_accuracy": 0.05128205195069313}