{"train_loss": [2.33568098170034, 0.8267476377862223, 0.34495736951573513, 0.19397090367051992, 0.15996378819259366, 0.1360812307743544, 0.12613280214829725, 0.13552882327708635, 0.13959961032934404, 0.10281983847740327, 0.14137477498878254], "train_acc": [0.3075842559337616, 0.7106741666793823, 0.8876404762268066, 0.932584285736084, 0.942415714263916, 0.959269642829895, 0.9550561904907227, 0.949438214302063, 0.9550561904907227, 0.9620786309242249, 0.9578651785850525], "val_loss": [5.473920249938965, 6.500534629821777, 7.199769401550293, 7.997643852233887, 8.302350807189942, 8.2964617729187, 8.306227207183838, 8.31818904876709, 8.329643630981446, 8.329707717895507, 8.329858016967773], "val_acc": [0.0, 0.0, 0.0, 0.02500000037252903, 0.0, 0.0, 0.0, 0.0, 0.0, 0.0, 0.0], "train_class_acc": [{"0": 0.16666666666666666, "1": 0.0, "2": 0.20833333333333334, "3": 0.125, "4": 0.4444444444444444, "5": 0.75, "6": 0.0, "7": 0.37037037037037035, "8": 0.30303030303030304, "9": 0.5185185185185185, "10": 0.3, "11": 0.48484848484848486, "12": 0.23809523809523808, "13": 0.4583333333333333, "14": 0.25, "15": 0.3333333333333333, "16": 0.3939393939393939, "17": 0.2, "18": 0.21212121212121213, "19": 0.5454545454545454, "20": 0.36363636363636365, "21": 0.0, "22": 0.2962962962962963, "23": 0.16666666666666666, "24": 0.0, "25": 0.0, "26": 0.3333333333333333, "27": 0.3333333333333333, "28": 0.42857142857142855, "29": 0.0, "30": 0.0}, {"0": 0.6666666666666666, "1": 0.6666666666666666, "2": 0.6666666666666666, "3": 0.7083333333333334, "4": 0.7407407407407407, "5": 0.9583333333333334, "6": 0.8666666666666667, "7": 0.6296296296296297, "8": 0.9393939393939394, "9": 0.8148148148148148, "10": 0.7, "11": 0.9090909090909091, "12": 0.7619047619047619, "13": 0.8333333333333334, "14": 0.5416666666666666, "15": 0.6666666666666666, "16": 0.6363636363636364, "17": 0.9333333333333333, "18": 0.6363636363636364, "19": 0.9090909090909091, "20": 0.8484848484848485, "21": 0.3333333333333333, "22": 0.6666666666666666, "23": 0.25, "24": 0.5833333333333334, "25": 0.4074074074074074, "26": 0.375, "27": 0.9393939393939394, "28": 0.5357142857142857, "29": 0.6666666666666666, "30": 0.6666666666666666}, {"0": 0.9444444444444444, "1": 0.8, "2": 0.875, "3": 0.9583333333333334, "4": 0.6666666666666666, "5": 1.0, "6": 1.0, "7": 0.9259259259259259, "8": 0.9696969696969697, "9": 0.9629629629629629, "10": 0.9, "11": 1.0, "12": 0.9523809523809523, "13": 0.9583333333333334, "14": 0.7083333333333334, "15": 0.6666666666666666, "16": 0.9393939393939394, "17": 1.0, "18": 0.7878787878787878, "19": 0.9696969696969697, "20": 0.9393939393939394, "21": 0.6666666666666666, "22": 0.8518518518518519, "23": 0.75, "24": 0.7916666666666666, "25": 0.5925925925925926, "26": 0.9583333333333334, "27": 0.9393939393939394, "28": 0.8571428571428571, "29": 1.0, "30": 1.0}, {"0": 0.9444444444444444, "1": 1.0, "2": 0.9583333333333334, "3": 0.9583333333333334, "4": 0.6666666666666666, "5": 0.9583333333333334, "6": 1.0, "7": 1.0, "8": 0.9696969696969697, "9": 0.9629629629629629, "10": 0.9666666666666667, "11": 1.0, "12": 1.0, "13": 1.0, "14": 0.625, "15": 1.0, "16": 1.0, "17": 0.9333333333333333, "18": 0.8484848484848485, "19": 0.9696969696969697, "20": 0.9696969696969697, "21": 1.0, "22": 0.7777777777777778, "23": 1.0, "24": 0.9166666666666666, "25": 0.8148148148148148, "26": 1.0, "27": 1.0, "28": 0.9642857142857143, "29": 0.6666666666666666, "30": 1.0}, {"0": 0.9444444444444444, "1": 0.9333333333333333, "2": 1.0, "3": 0.9583333333333334, "4": 0.6666666666666666, "5": 0.9583333333333334, "6": 1.0, "7": 0.9629629629629629, "8": 0.9696969696969697, "9": 0.9629629629629629, "10": 1.0, "11": 0.9696969696969697, "12": 1.0, "13": 1.0, "14": 0.6666666666666666, "15": 1.0, "16": 1.0, "17": 1.0, "18": 0.7878787878787878, "19": 1.0, "20": 1.0, "21": 1.0, "22": 0.9259259259259259, "23": 1.0, "24": 0.9583333333333334, "25": 0.8148148148148148, "26": 1.0, "27": 0.9696969696969697, "28": 1.0, "29": 1.0, "30": 1.0}, {"0": 1.0, "1": 1.0, "2": 1.0, "3": 1.0, "4": 0.8888888888888888, "5": 1.0, "6": 1.0, "7": 1.0, "8": 1.0, "9": 0.9629629629629629, "10": 1.0, "11": 1.0, "12": 0.9523809523809523, "13": 1.0, "14": 0.625, "15": 1.0, "16": 1.0, "17": 0.9333333333333333, "18": 0.9090909090909091, "19": 1.0, "20": 1.0, "21": 1.0, "22": 0.8888888888888888, "23": 1.0, "24": 0.8333333333333334, "25": 0.8888888888888888, "26": 1.0, "27": 1.0, "28": 0.9642857142857143, "29": 1.0, "30": 1.0}, {"0": 1.0, "1": 1.0, "2": 0.9583333333333334, "3": 0.9583333333333334, "4": 0.8518518518518519, "5": 1.0, "6": 1.0, "7": 1.0, "8": 0.9696969696969697, "9": 1.0, "10": 1.0, "11": 1.0, "12": 1.0, "13": 1.0, "14": 0.5416666666666666, "15": 1.0, "16": 1.0, "17": 1.0, "18": 0.8787878787878788, "19": 1.0, "20": 1.0, "21": 1.0, "22": 0.7777777777777778, "23": 0.9583333333333334, "24": 0.9583333333333334, "25": 0.9629629629629629, "26": 0.9583333333333334, "27": 1.0, "28": 1.0, "29": 1.0, "30": 1.0}, {"0": 1.0, "1": 1.0, "2": 1.0, "3": 0.9583333333333334, "4": 0.7037037037037037, "5": 1.0, "6": 1.0, "7": 1.0, "8": 0.9393939393939394, "9": 1.0, "10": 0.9666666666666667, "11": 1.0, "12": 0.9523809523809523, "13": 1.0, "14": 0.625, "15": 1.0, "16": 0.9696969696969697, "17": 0.8666666666666667, "18": 0.9090909090909091, "19": 0.9696969696969697, "20": 1.0, "21": 1.0, "22": 0.9259259259259259, "23": 1.0, "24": 0.9166666666666666, "25": 0.8888888888888888, "26": 1.0, "27": 1.0, "28": 1.0, "29": 1.0, "30": 1.0}, {"0": 1.0, "1": 1.0, "2": 1.0, "3": 1.0, "4": 0.7407407407407407, "5": 1.0, "6": 1.0, "7": 1.0, "8": 0.9696969696969697, "9": 0.9629629629629629, "10": 1.0, "11": 1.0, "12": 1.0, "13": 0.9583333333333334, "14": 0.75, "15": 1.0, "16": 0.9696969696969697, "17": 0.8666666666666667, "18": 0.9696969696969697, "19": 1.0, "20": 1.0, "21": 1.0, "22": 0.8148148148148148, "23": 0.9583333333333334, "24": 1.0, "25": 0.7777777777777778, "26": 1.0, "27": 1.0, "28": 1.0, "29": 1.0, "30": 1.0}, {"0": 1.0, "1": 1.0, "2": 1.0, "3": 1.0, "4": 0.7777777777777778, "5": 1.0, "6": 1.0, "7": 1.0, "8": 1.0, "9": 1.0, "10": 1.0, "11": 1.0, "12": 1.0, "13": 1.0, "14": 0.6666666666666666, "15": 1.0, "16": 1.0, "17": 0.9333333333333333, "18": 0.9090909090909091, "19": 1.0, "20": 1.0, "21": 1.0, "22": 0.9259259259259259, "23": 1.0, "24": 0.9166666666666666, "25": 0.8518518518518519, "26": 0.9583333333333334, "27": 1.0, "28": 1.0, "29": 1.0, "30": 1.0}, {"0": 1.0, "1": 1.0, "2": 1.0, "3": 1.0, "4": 0.7777777777777778, "5": 1.0, "6": 1.0, "7": 1.0, "8": 0.9696969696969697, "9": 1.0, "10": 1.0, "11": 1.0, "12": 1.0, "13": 1.0, "14": 0.75, "15": 1.0, "16": 0.9696969696969697, "17": 1.0, "18": 0.8787878787878788, "19": 1.0, "20": 1.0, "21": 1.0, "22": 0.8518518518518519, "23": 0.9166666666666666, "24": 1.0, "25": 0.8888888888888888, "26": 1.0, "27": 1.0, "28": 0.9285714285714286, "29": 1.0, "30": 0.6666666666666666}], "val_class_acc": [{"0": 0.0, "1": 0.0, "2": 0.0, "3": 0.0, "4": 0, "5": 0.0, "6": 0.0, "7": 0.0, "8": 0, "9": 0, "10": 0, "11": 0, "12": 0, "13": 0, "14": 0, "15": 0, "16": 0, "17": 0, "18": 0, "19": 0, "20": 0, "21": 0, "22": 0, "23": 0, "24": 0, "25": 0, "26": 0, "27": 0, "28": 0, "29": 0, "30": 0}, {"0": 0.0, "1": 0.0, "2": 0.0, "3": 0.0, "4": 0, "5": 0.0, "6": 0.0, "7": 0.0, "8": 0, "9": 0, "10": 0, "11": 0, "12": 0, "13": 0, "14": 0, "15": 0, "16": 0, "17": 0, "18": 0, "19": 0, "20": 0, "21": 0, "22": 0, "23": 0, "24": 0, "25": 0, "26": 0, "27": 0, "28": 0, "29": 0, "30": 0}, {"0": 0.0, "1": 0.0, "2": 0.0, "3": 0.0, "4": 0, "5": 0.0, "6": 0.0, "7": 0.0, "8": 0, "9": 0, "10": 0, "11": 0, "12": 0, "13": 0, "14": 0, "15": 0, "16": 0, "17": 0, "18": 0, "19": 0, "20": 0, "21": 0, "22": 0, "23": 0, "24": 0, "25": 0, "26": 0, "27": 0, "28": 0, "29": 0, "30": 0}, {"0": 0.16666666666666666, "1": 0.0, "2": 0.0, "3": 0.0, "4": 0, "5": 0.0, "6": 0.0, "7": 0.0, "8": 0, "9": 0, "10": 0, "11": 0, "12": 0, "13": 0, "14": 0, "15": 0, "16": 0, "17": 0, "18": 0, "19": 0, "20": 0, "21": 0, "22": 0, "23": 0, "24": 0,