{"train_loss": [2.259835628981001, 1.0047826244589988, 0.620743626624011, 0.44469498918297584, 0.3421221552939897, 0.26916379171810795, 0.22078898532337018, 0.2136393344301856, 0.19824654102492867, 0.1995793691930476], "train_acc": [0.3483146131038666, 0.7191011309623718, 0.8230336904525757, 0.8426966071128845, 0.8792135119438171, 0.8960674405097961, 0.9030898809432983, 0.898876428604126, 0.9030898809432983, 0.9073033928871155], "val_loss": [1.72086873955614, 1.6647618126681472, 1.7280571432564202, 1.6378491563121165, 1.6330903449396448, 1.6587255545488493, 1.5937935836671844, 1.5709806389696017, 1.5568918937773217, 1.5586664104086208], "val_acc": [0.4488188922405243, 0.4803149700164795, 0.5669291019439697, 0.5433070659637451, 0.5196850299835205, 0.5590550899505615, 0.5275590419769287, 0.5275590419769287, 0.5354330539703369, 0.5196850299835205], "train_class_acc": [{"0": 0.2777777777777778, "1": 0.26666666666666666, "2": 0.5, "3": 0.2916666666666667, "4": 0.6296296296296297, "5": 0.5, "6": 0.2, "7": 0.18518518518518517, "8": 0.3333333333333333, "9": 0.1111111111111111, "10": 0.3333333333333333, "11": 0.7272727272727273, "12": 0.14285714285714285, "13": 0.375, "14": 0.5, "15": 0.0, "16": 0.3939393939393939, "17": 0.6666666666666666, "18": 0.696969696969697, "19": 0.8484848484848485, "20": 0.18181818181818182, "21": 0.0, "22": 0.1111111111111111, "23": 0.041666666666666664, "24": 0.041666666666666664, "25": 0.037037037037037035, "26": 0.041666666666666664, "27": 0.5454545454545454, "28": 0.21428571428571427, "29": 0.0, "30": 0.0}, {"0": 1.0, "1": 0.8666666666666667, "2": 1.0, "3": 1.0, "4": 1.0, "5": 1.0, "6": 1.0, "7": 0.18518518518518517, "8": 1.0, "9": 0.2962962962962963, "10": 0.23333333333333334, "11": 1.0, "12": 0.5238095238095238, "13": 0.5416666666666666, "14": 0.7916666666666666, "15": 0.0, "16": 0.3939393939393939, "17": 1.0, "18": 1.0, "19": 1.0, "20": 0.45454545454545453, "21": 0.0, "22": 0.8148148148148148, "23": 0.375, "24": 0.5416666666666666, "25": 0.9259259259259259, "26": 0.16666666666666666, "27": 1.0, "28": 0.7857142857142857, "29": 0.0, "30": 0.3333333333333333}, {"0": 1.0, "1": 1.0, "2": 1.0, "3": 1.0, "4": 1.0, "5": 1.0, "6": 1.0, "7": 0.3333333333333333, "8": 1.0, "9": 0.7037037037037037, "10": 0.3, "11": 1.0, "12": 0.9047619047619048, "13": 0.75, "14": 0.9166666666666666, "15": 0.0, "16": 0.7272727272727273, "17": 1.0, "18": 1.0, "19": 1.0, "20": 0.48484848484848486, "21": 0.3333333333333333, "22": 0.9259259259259259, "23": 0.625, "24": 0.5, "25": 0.9629629629629629, "26": 0.7916666666666666, "27": 1.0, "28": 0.7857142857142857, "29": 0.0, "30": 1.0}, {"0": 1.0, "1": 1.0, "2": 1.0, "3": 1.0, "4": 1.0, "5": 1.0, "6": 1.0, "7": 0.37037037037037035, "8": 1.0, "9": 0.7407407407407407, "10": 0.26666666666666666, "11": 1.0, "12": 0.9523809523809523, "13": 0.8333333333333334, "14": 0.9583333333333334, "15": 0.0, "16": 0.8787878787878788, "17": 1.0, "18": 1.0, "19": 1.0, "20": 0.36363636363636365, "21": 0.6666666666666666, "22": 1.0, "23": 0.75, "24": 0.5416666666666666, "25": 0.9259259259259259, "26": 0.6666666666666666, "27": 1.0, "28": 0.9642857142857143, "29": 0.0, "30": 1.0}, {"0": 1.0, "1": 1.0, "2": 1.0, "3": 1.0, "4": 1.0, "5": 1.0, "6": 1.0, "7": 0.25925925925925924, "8": 1.0, "9": 0.8888888888888888, "10": 0.4666666666666667, "11": 1.0, "12": 0.9047619047619048, "13": 0.75, "14": 1.0, "15": 0.6666666666666666, "16": 0.9393939393939394, "17": 1.0, "18": 1.0, "19": 1.0, "20": 0.48484848484848486, "21": 0.3333333333333333, "22": 1.0, "23": 0.8333333333333334, "24": 0.75, "25": 1.0, "26": 0.875, "27": 1.0, "28": 0.9642857142857143, "29": 0.0, "30": 1.0}, {"0": 1.0, "1": 1.0, "2": 1.0, "3": 1.0, "4": 1.0, "5": 1.0, "6": 1.0, "7": 0.2222222222222222, "8": 1.0, "9": 0.9259259259259259, "10": 0.43333333333333335, "11": 1.0, "12": 1.0, "13": 0.9166666666666666, "14": 1.0, "15": 0.0, "16": 0.9696969696969697, "17": 1.0, "18": 1.0, "19": 1.0, "20": 0.48484848484848486, "21": 0.0, "22": 1.0, "23": 0.9583333333333334, "24": 0.8333333333333334, "25": 1.0, "26": 1.0, "27": 1.0, "28": 0.9285714285714286, "29": 0.6666666666666666, "30": 1.0}, {"0": 1.0, "1": 1.0, "2": 1.0, "3": 1.0, "4": 1.0, "5": 1.0, "6": 1.0, "7": 0.37037037037037035, "8": 1.0, "9": 0.9259259259259259, "10": 0.3333333333333333, "11": 1.0, "12": 1.0, "13": 0.75, "14": 1.0, "15": 0.0, "16": 1.0, "17": 1.0, "18": 1.0, "19": 1.0, "20": 0.6060606060606061, "21": 0.3333333333333333, "22": 1.0, "23": 1.0, "24": 0.9166666666666666, "25": 1.0, "26": 0.9583333333333334, "27": 1.0, "28": 1.0, "29": 0.0, "30": 1.0}, {"0": 1.0, "1": 1.0, "2": 1.0, "3": 1.0, "4": 1.0, "5": 1.0, "6": 1.0, "7": 0.25925925925925924, "8": 1.0, "9": 0.9629629629629629, "10": 0.36666666666666664, "11": 1.0, "12": 1.0, "13": 0.9166666666666666, "14": 1.0, "15": 0.0, "16": 1.0, "17": 1.0, "18": 1.0, "19": 1.0, "20": 0.48484848484848486, "21": 0.3333333333333333, "22": 1.0, "23": 0.9583333333333334, "24": 0.9166666666666666, "25": 1.0, "26": 0.9166666666666666, "27": 1.0, "28": 1.0, "29": 0.0, "30": 1.0}, {"0": 1.0, "1": 1.0, "2": 1.0, "3": 1.0, "4": 1.0, "5": 1.0, "6": 1.0, "7": 0.3333333333333333, "8": 1.0, "9": 0.9629629629629629, "10": 0.5, "11": 1.0, "12": 1.0, "13": 0.8333333333333334, "14": 1.0, "15": 0.3333333333333333, "16": 0.9393939393939394, "17": 1.0, "18": 1.0, "19": 1.0, "20": 0.45454545454545453, "21": 0.0, "22": 1.0, "23": 0.9583333333333334, "24": 0.9583333333333334, "25": 1.0, "26": 0.9583333333333334, "27": 1.0, "28": 1.0, "29": 0.0, "30": 1.0}, {"0": 1.0, "1": 1.0, "2": 1.0, "3": 1.0, "4": 1.0, "5": 1.0, "6": 1.0, "7": 0.37037037037037035, "8": 1.0, "9": 0.9259259259259259, "10": 0.43333333333333335, "11": 1.0, "12": 1.0, "13": 0.7916666666666666, "14": 1.0, "15": 0.0, "16": 1.0, "17": 1.0, "18": 1.0, "19": 1.0, "20": 0.48484848484848486, "21": 1.0, "22": 1.0, "23": 0.9583333333333334, "24": 0.9583333333333334, "25": 1.0, "26": 1.0, "27": 1.0, "28": 1.0, "29": 0.0, "30": 1.0}], "val_class_acc": [{"0": 0.0, "1": 0.0, "2": 1.0, "3": 0.5, "4": 1.0, "5": 0.3333333333333333, "6": 1.0, "7": 0.0, "8": 1.0, "9": 0.0, "10": 1.0, "11": 1.0, "12": 0.0, "13": 0.0, "14": 0.0, "15": 0, "16": 0.0, "17": 0, "18": 1.0, "19": 0.6666666666666666, "20": 0.0, "21": 0, "22": 0.0, "23": 0.0, "24": 0.0, "25": 0.5, "26": 0.0, "27": 1.0, "28": 0.75, "29": 0, "30": 0}, {"0": 0.1111111111111111, "1": 1.0, "2": 1.0, "3": 0.5, "4": 1.0, "5": 0.3333333333333333, "6": 1.0, "7": 0.0, "8": 1.0, "9": 0.0, "10": 0.0, "11": 1.0, "12": 0.0, "13": 0.0, "14": 0.0, "15": 0, "16": 0.0, "17": 0, "18": 1.0, "19": 0.6666666666666666, "20": 1.0, "21": 0, "22": 0.0, "23": 0.0, "24": 0.0, "25": 0.5, "26": 0.0, "27": 1.0, "28": 0.75, "29": 0, "30": 0}, {"0": 0.4444444444444444, "1": 1.0, "2": 1.0, "3": 0.5, "4": 1.0, "5": 0.3333333333333333, "6": 1.0, "7": 0.0, "8": 1.0, "9": 0.0, "10": 0.0, "11": 1.0, "12": 0.0, "13": 0.0, "14": 0.0, "15": 0, "16": 0.0, "17": 0, "18": 1.0, "19": 0.6666666666666666, "20": 1.0, "21": 0, "22": 1.0, "23": 0.0, "24": 0.0, "25": 0.8333333333333334, "26": 0.0, "27": 1.0, "28": 0.75, "29": 0, "30": 0}, {"0": 0.4444444444444444, "1": 0.6666666666666666, "2": 1.0, "3": 0.5, "4": 1.0, "5": 0.3333333333333333, "6": 1.0, "7": 0.0, "8": 1.0, "9": 0.0, "10": 0.0, "11": 1.0, "12": 0.0, "13": 0.0, "14": 0.0, "15": 0, "16": 0.5, "17": 0, "18": 1.0, "19": 0.6666666666666666, "20": 1.0, "21": 0, "22": 1.0, "23": 0.0, "24": 0.0, "25": 0.5, "26": 0.0, "27": 1.0, "28": 0.0, "29": 0, "30": 0}, {"0": 0.3333333333333333, "1": 0.0, "2": 1.0, "3": 0.5, "4": 1.0, "5": 0.3333333333333333, "6": 1.0, "7": 0.0, "8": 1.0, "9": 0.0, "10": 0.0, "11": 1.0, "12": 0.0, "13": 0.0, "14": 0.0, "15": 0, "16": 0.0, "17": 0, "18": 1.0, "19": 0.6666666666666666, "20": 1.0, "21": 0, "22": 0.5, "23": 0.0, "24": 0.0, "25": 1.0, "26": 0.0, "27": 1.0, "28": 0.75, "29": 0, "30": 0}, {"0": 0.2222222222222222, "1": 0.6666666666666666, "2": 1.0, "3": 0.5, "4": 1.0, "5": 0.5, "6": 1.0, "7": 0.0, "8": 1.0, "9": 0.0, "10": 1.0, "11": 1.0, "12": 0.0, "13": 0.0,