{"train_loss": [1.8348907601061484, 0.664010513314812, 0.3198983852240107, 0.2373921779705752, 0.18802144015721567, 0.1872330027804386, 0.18254813716280088, 0.14266846856053214, 0.13685071882869987, 0.1185261178359711, 0.10872150389410609, 0.11251970057150157, 0.10502401530313835, 0.11056536271703615, 0.10543449566089849, 0.09805151941679079, 0.10101201603238245, 0.10898562808402723], "train_acc": [0.4148681163787842, 0.8561151027679443, 0.9256594777107239, 0.9280575513839722, 0.9256594777107239, 0.9304556250572205, 0.9208633303642273, 0.935251772403717, 0.9376499056816101, 0.9400479793548584, 0.9568345546722412, 0.9424460530281067, 0.9472422003746033, 0.9400479793548584, 0.9376499056816101, 0.9592326283454895, 0.9400479793548584, 0.9592326283454895], "val_loss": [1.4533538494581058, 1.2377491836194638, 1.166932005941132, 1.136405153039061, 1.1743224697348513, 1.0895498549496685, 1.1199479515169874, 1.1822283179671675, 1.1001293099956748, 1.070390545291665, 1.1563897368348675, 1.1644210079569874, 1.1503578350867754, 1.0483590173132626, 1.0689374370339475, 1.1616328204119648, 1.1393854706375688, 1.2128275647575473], "val_acc": [0.4938271641731262, 0.5432099103927612, 0.5925925970077515, 0.5555555820465088, 0.6296296119689941, 0.6666666865348816, 0.6419752836227417, 0.5679012537002563, 0.6419752836227417, 0.6666666865348816, 0.6172839403152466, 0.5802469253540039, 0.5802469253540039, 0.6666666865348816, 0.6172839403152466, 0.604938268661499, 0.604938268661499, 0.5925925970077515], "train_class_acc": [{"0": 0.4444444444444444, "1": 0.06666666666666667, "2": 0.125, "3": 0.5, "4": 0.5555555555555556, "5": 0.9166666666666666, "6": 0.06666666666666667, "7": 0.07407407407407407, "8": 0.6363636363636364, "9": 0.4444444444444444, "10": 0.5, "11": 0.6666666666666666, "12": 0.38095238095238093, "13": 0.125, "14": 0.2916666666666667, "15": 0.0, "16": 0.5454545454545454, "17": 0.2}, {"0": 0.8888888888888888, "1": 0.8, "2": 0.9166666666666666, "3": 0.9583333333333334, "4": 1.0, "5": 1.0, "6": 1.0, "7": 0.2962962962962963, "8": 0.9696969696969697, "9": 0.9259259259259259, "10": 0.6666666666666666, "11": 1.0, "12": 0.7142857142857143, "13": 0.7083333333333334, "14": 0.9166666666666666, "15": 0.0, "16": 0.9393939393939394, "17": 1.0}, {"0": 1.0, "1": 1.0, "2": 1.0, "3": 1.0, "4": 1.0, "5": 1.0, "6": 1.0, "7": 0.5555555555555556, "8": 1.0, "9": 1.0, "10": 0.6, "11": 1.0, "12": 0.9047619047619048, "13": 0.8333333333333334, "14": 0.9583333333333334, "15": 1.0, "16": 1.0, "17": 1.0}, {"0": 1.0, "1": 1.0, "2": 1.0, "3": 1.0, "4": 1.0, "5": 1.0, "6": 1.0, "7": 0.6296296296296297, "8": 1.0, "9": 0.9629629629629629, "10": 0.5333333333333333, "11": 1.0, "12": 1.0, "13": 0.7916666666666666, "14": 1.0, "15": 1.0, "16": 1.0, "17": 1.0}, {"0": 1.0, "1": 1.0, "2": 1.0, "3": 1.0, "4": 1.0, "5": 1.0, "6": 1.0, "7": 0.5185185185185185, "8": 1.0, "9": 0.9629629629629629, "10": 0.7, "11": 1.0, "12": 0.9047619047619048, "13": 0.7916666666666666, "14": 1.0, "15": 1.0, "16": 0.9696969696969697, "17": 1.0}, {"0": 1.0, "1": 1.0, "2": 1.0, "3": 1.0, "4": 1.0, "5": 1.0, "6": 1.0, "7": 0.48148148148148145, "8": 1.0, "9": 0.9259259259259259, "10": 0.7666666666666667, "11": 1.0, "12": 1.0, "13": 0.875, "14": 1.0, "15": 1.0, "16": 0.9090909090909091, "17": 1.0}, {"0": 1.0, "1": 1.0, "2": 1.0, "3": 1.0, "4": 1.0, "5": 1.0, "6": 1.0, "7": 0.5185185185185185, "8": 1.0, "9": 0.8888888888888888, "10": 0.5666666666666667, "11": 1.0, "12": 1.0, "13": 0.875, "14": 1.0, "15": 1.0, "16": 0.9696969696969697, "17": 1.0}, {"0": 1.0, "1": 1.0, "2": 1.0, "3": 1.0, "4": 1.0, "5": 1.0, "6": 1.0, "7": 0.6666666666666666, "8": 1.0, "9": 0.9629629629629629, "10": 0.5666666666666667, "11": 1.0, "12": 1.0, "13": 0.875, "14": 0.9583333333333334, "15": 1.0, "16": 1.0, "17": 1.0}, {"0": 1.0, "1": 1.0, "2": 1.0, "3": 1.0, "4": 1.0, "5": 1.0, "6": 1.0, "7": 0.5185185185185185, "8": 1.0, "9": 1.0, "10": 0.7, "11": 1.0, "12": 1.0, "13": 0.8333333333333334, "14": 1.0, "15": 1.0, "16": 1.0, "17": 1.0}, {"0": 1.0, "1": 1.0, "2": 1.0, "3": 1.0, "4": 1.0, "5": 1.0, "6": 1.0, "7": 0.7037037037037037, "8": 1.0, "9": 1.0, "10": 0.5, "11": 1.0, "12": 1.0, "13": 0.9166666666666666, "14": 1.0, "15": 1.0, "16": 1.0, "17": 1.0}, {"0": 1.0, "1": 1.0, "2": 0.9583333333333334, "3": 1.0, "4": 1.0, "5": 1.0, "6": 1.0, "7": 0.7777777777777778, "8": 1.0, "9": 1.0, "10": 0.7, "11": 1.0, "12": 1.0, "13": 0.9166666666666666, "14": 1.0, "15": 1.0, "16": 1.0, "17": 1.0}, {"0": 1.0, "1": 0.9333333333333333, "2": 1.0, "3": 1.0, "4": 1.0, "5": 1.0, "6": 1.0, "7": 0.5555555555555556, "8": 1.0, "9": 1.0, "10": 0.7333333333333333, "11": 1.0, "12": 1.0, "13": 0.875, "14": 1.0, "15": 1.0, "16": 1.0, "17": 1.0}, {"0": 1.0, "1": 1.0, "2": 1.0, "3": 1.0, "4": 1.0, "5": 1.0, "6": 1.0, "7": 0.7407407407407407, "8": 1.0, "9": 1.0, "10": 0.6, "11": 0.9696969696969697, "12": 1.0, "13": 0.9166666666666666, "14": 1.0, "15": 1.0, "16": 1.0, "17": 1.0}, {"0": 1.0, "1": 1.0, "2": 1.0, "3": 1.0, "4": 1.0, "5": 1.0, "6": 1.0, "7": 0.5925925925925926, "8": 1.0, "9": 1.0, "10": 0.6666666666666666, "11": 0.9696969696969697, "12": 1.0, "13": 0.875, "14": 1.0, "15": 1.0, "16": 1.0, "17": 1.0}, {"0": 1.0, "1": 1.0, "2": 1.0, "3": 1.0, "4": 1.0, "5": 1.0, "6": 1.0, "7": 0.5925925925925926, "8": 1.0, "9": 1.0, "10": 0.6333333333333333, "11": 1.0, "12": 1.0, "13": 0.875, "14": 1.0, "15": 1.0, "16": 1.0, "17": 0.9333333333333333}, {"0": 1.0, "1": 1.0, "2": 1.0, "3": 0.9583333333333334, "4": 1.0, "5": 1.0, "6": 1.0, "7": 0.6296296296296297, "8": 1.0, "9": 1.0, "10": 0.8333333333333334, "11": 1.0, "12": 1.0, "13": 0.9583333333333334, "14": 1.0, "15": 1.0, "16": 1.0, "17": 1.0}, {"0": 1.0, "1": 1.0, "2": 1.0, "3": 0.9583333333333334, "4": 1.0, "5": 1.0, "6": 1.0, "7": 0.6296296296296297, "8": 1.0, "9": 1.0, "10": 0.6333333333333333, "11": 1.0, "12": 1.0, "13": 0.875, "14": 1.0, "15": 1.0, "16": 1.0, "17": 1.0}, {"0": 1.0, "1": 1.0, "2": 1.0, "3": 1.0, "4": 1.0, "5": 1.0, "6": 1.0, "7": 0.6666666666666666, "8": 1.0, "9": 1.0, "10": 0.8, "11": 1.0, "12": 1.0, "13": 0.9166666666666666, "14": 1.0, "15": 1.0, "16": 1.0, "17": 1.0}], "val_class_acc": [{"0": 0.4444444444444444, "1": 0.0, "2": 0.3333333333333333, "3": 0.5, "4": 1.0, "5": 0.8333333333333334, "6": 0.0, "7": 1.0, "8": 1.0, "9": 0.0, "10": 0.0, "11": 1.0, "12": 0.0, "13": 0.0, "14": 0.0, "15": 0, "16": 1.0, "17": 0}, {"0": 0.3333333333333333, "1": 0.0, "2": 0.6666666666666666, "3": 0.5, "4": 1.0, "5": 0.5, "6": 0.6666666666666666, "7": 1.0, "8": 1.0, "9": 0.5, "10": 0.0, "11": 1.0, "12": 0.0, "13": 0.0, "14": 0.0, "15": 0, "16": 0.5, "17": 0}, {"0": 0.4444444444444444, "1": 0.0, "2": 1.0, "3": 0.5, "4": 1.0, "5": 0.0, "6": 1.0, "7": 0.0, "8": 1.0, "9": 0.3333333333333333, "10": 1.0, "11": 1.0, "12": 1.0, "13": 0.0, "14": 0.0, "15": 0, "16": 0.5, "17": 0}, {"0": 0.4444444444444444, "1": 0.0, "2": 1.0, "3": 0.5, "4": 1.0, "5": 0.3333333333333333, "6": 1.0, "7": 0.0, "8": 1.0, "9": 0.0, "10": 1.0, "11": 1.0, "12": 0.0, "13": 0.0, "14": 0.0, "15": 0, "16": 0.5, "17": 0}, {"0": 0.5555555555555556, "1": 0.6666666666666666, "2": 1.0, "3": 0.5, "4": 1.0, "5": 0.0, "6": 1.0, "7": 0.3333333333333333, "8": 1.0, "9": 0.3333333333333333, "10": 0.6666666666666666, "11": 1.0, "12": 1.0, "13": 0.0, "14": 0.0, "15": 0, "16": 0.5, "17": 0}, {"0": 0.6666666666666666, "1": 0.6666666666666666, "2": 1.0, "3": 0.5, "4": 1.0, "5": 0.3333333333333333, "6": 1.0, "7": 1.0, "8": 1.0, "9": 0.0, "10": 0.0, "11": 1.0, "12": 1.0, "13": 0.0, "14": 0.0, "15": 0, "16": 0.8333333333333334, "17": 0}, {"0": 0.5555555555555556, "1": 0.3333333333333333, "2": 1.0, "3": 0.5, "4": 1.0, "5": 0.16666666666666666, "6": 1.0, "7": 1.0, "8": 1.0, "9": 0.5, "10": 0.0, "11": 1.0, "12": 1.0, "13": 0.0, "14": 0.0, "15": 0, "16": 0.5, "17": 0}, {"0": 0.3333333333333333, "1": 0.6666666666666666, "2": 1.0, "3": 0.5, "4": 0.6666666666666666, "5": 0.16666666666666666, "6": 1.0, "7": 0.3333333333333333, "8": 1.0, "9": 0.5, "10": 0.6666666666666666, "11": 0.8888888888888888, "12": 0.0,