{"train_loss": [1.738748309137724, 0.5270727286807639, 0.2041269557939159, 0.12166461269918391, 0.10014056501914557, 0.09273563114573344, 0.0825177601916041, 0.08508351180764982, 0.08527650078423589, 0.09144338965415955, 0.07812949143153586, 0.0865103011365703, 0.08957578316866922, 0.08911394501189819, 0.083896436422563, 0.08016137010473713, 0.08770364572961839, 0.08075417224451792, 0.08758504828103154, 0.08761699587035236, 0.08024351345263511, 0.08452716698463586, 0.08138041959392081, 0.08742795459372248, 0.08515441760742407, 0.08425184205281648, 0.08353337359657105, 0.08645401141054625, 0.0905310457273067, 0.08692643296518486, 0.08308650749764568], "train_acc": [0.5083932876586914, 0.9280575513839722, 0.9592326283454895, 0.9688249230384827, 0.9640287756919861, 0.9664268493652344, 0.971222996711731, 0.971222996711731, 0.971222996711731, 0.9640287756919861, 0.9760192036628723, 0.971222996711731, 0.9688249230384827, 0.9760192036628723, 0.971222996711731, 0.9760192036628723, 0.9688249230384827, 0.9784172773361206, 0.9640287756919861, 0.9760192036628723, 0.9808153510093689, 0.9664268493652344, 0.973621129989624, 0.9688249230384827, 0.973621129989624, 0.971222996711731, 0.9760192036628723, 0.9640287756919861, 0.9688249230384827, 0.971222996711731, 0.971222996711731], "val_loss": [3.167758270546242, 3.4968664204632796, 3.716333786646525, 3.8105803772255227, 4.173429506796378, 4.387171498051396, 4.08519372233638, 4.036426676644219, 3.980676439073351, 3.9745380966751664, 4.006322048328541, 4.261355735637523, 4.15797777529116, 4.516518628155744, 3.9997203791583025, 4.271761629316542, 4.039851188659668, 4.074555079142253, 4.158891236340558, 4.242950298168041, 4.199698324556704, 4.042618645562066, 4.211676915486653, 4.284857114156087, 4.356440296879521, 4.33586401409573, 3.9935583891691984, 4.1839949289957685, 4.260495715671116, 4.443038392949988, 4.119324949052599], "val_acc": [0.03703703731298447, 0.03703703731298447, 0.03703703731298447, 0.03703703731298447, 0.03703703731298447, 0.0, 0.03703703731298447, 0.03703703731298447, 0.03703703731298447, 0.03703703731298447, 0.03703703731298447, 0.03703703731298447, 0.03703703731298447, 0.0, 0.03703703731298447, 0.03703703731298447, 0.03703703731298447, 0.03703703731298447, 0.03703703731298447, 0.03703703731298447, 0.03703703731298447, 0.03703703731298447, 0.0, 0.0, 0.0, 0.03703703731298447, 0.03703703731298447, 0.03703703731298447, 0.03703703731298447, 0.0, 0.03703703731298447], "train_class_acc": [{"0": 0.2222222222222222, "1": 0.06666666666666667, "2": 0.3333333333333333, "3": 0.375, "4": 0.4444444444444444, "5": 0.4583333333333333, "6": 0.6666666666666666, "7": 0.3333333333333333, "8": 0.6363636363636364, "9": 0.5185185185185185, "10": 0.4666666666666667, "11": 0.7878787878787878, "12": 0.42857142857142855, "13": 0.7916666666666666, "14": 0.5, "15": 0.0, "16": 0.6363636363636364, "17": 0.8}, {"0": 1.0, "1": 0.8, "2": 0.8333333333333334, "3": 1.0, "4": 1.0, "5": 1.0, "6": 1.0, "7": 0.9259259259259259, "8": 1.0, "9": 0.9629629629629629, "10": 1.0, "11": 1.0, "12": 1.0, "13": 1.0, "14": 0.2916666666666667, "15": 0.0, "16": 1.0, "17": 1.0}, {"0": 1.0, "1": 1.0, "2": 1.0, "3": 0.9583333333333334, "4": 0.8888888888888888, "5": 1.0, "6": 1.0, "7": 1.0, "8": 1.0, "9": 1.0, "10": 1.0, "11": 1.0, "12": 0.9523809523809523, "13": 1.0, "14": 0.5416666666666666, "15": 0.6666666666666666, "16": 1.0, "17": 1.0}, {"0": 1.0, "1": 1.0, "2": 1.0, "3": 1.0, "4": 0.7777777777777778, "5": 1.0, "6": 1.0, "7": 1.0, "8": 1.0, "9": 1.0, "10": 1.0, "11": 0.9696969696969697, "12": 1.0, "13": 1.0, "14": 0.75, "15": 1.0, "16": 1.0, "17": 1.0}, {"0": 1.0, "1": 1.0, "2": 1.0, "3": 1.0, "4": 0.7407407407407407, "5": 1.0, "6": 1.0, "7": 1.0, "8": 1.0, "9": 1.0, "10": 1.0, "11": 1.0, "12": 1.0, "13": 1.0, "14": 0.7083333333333334, "15": 1.0, "16": 1.0, "17": 0.9333333333333333}, {"0": 1.0, "1": 0.9333333333333333, "2": 1.0, "3": 1.0, "4": 0.9629629629629629, "5": 1.0, "6": 1.0, "7": 1.0, "8": 1.0, "9": 1.0, "10": 1.0, "11": 1.0, "12": 1.0, "13": 1.0, "14": 0.5, "15": 1.0, "16": 1.0, "17": 1.0}, {"0": 1.0, "1": 1.0, "2": 1.0, "3": 1.0, "4": 1.0, "5": 1.0, "6": 1.0, "7": 0.9629629629629629, "8": 1.0, "9": 1.0, "10": 1.0, "11": 1.0, "12": 1.0, "13": 1.0, "14": 0.5416666666666666, "15": 1.0, "16": 1.0, "17": 1.0}, {"0": 1.0, "1": 1.0, "2": 1.0, "3": 1.0, "4": 1.0, "5": 1.0, "6": 1.0, "7": 1.0, "8": 1.0, "9": 1.0, "10": 1.0, "11": 1.0, "12": 1.0, "13": 1.0, "14": 0.5416666666666666, "15": 1.0, "16": 0.9696969696969697, "17": 1.0}, {"0": 1.0, "1": 1.0, "2": 1.0, "3": 1.0, "4": 0.9629629629629629, "5": 1.0, "6": 1.0, "7": 1.0, "8": 0.9696969696969697, "9": 1.0, "10": 1.0, "11": 1.0, "12": 1.0, "13": 1.0, "14": 0.5833333333333334, "15": 1.0, "16": 1.0, "17": 1.0}, {"0": 1.0, "1": 1.0, "2": 1.0, "3": 1.0, "4": 0.9259259259259259, "5": 1.0, "6": 1.0, "7": 1.0, "8": 0.9696969696969697, "9": 1.0, "10": 1.0, "11": 1.0, "12": 1.0, "13": 1.0, "14": 0.5, "15": 1.0, "16": 1.0, "17": 1.0}, {"0": 1.0, "1": 1.0, "2": 1.0, "3": 1.0, "4": 1.0, "5": 1.0, "6": 1.0, "7": 1.0, "8": 1.0, "9": 1.0, "10": 1.0, "11": 1.0, "12": 1.0, "13": 1.0, "14": 0.5833333333333334, "15": 1.0, "16": 1.0, "17": 1.0}, {"0": 1.0, "1": 1.0, "2": 1.0, "3": 1.0, "4": 1.0, "5": 1.0, "6": 1.0, "7": 1.0, "8": 1.0, "9": 1.0, "10": 1.0, "11": 1.0, "12": 1.0, "13": 0.9583333333333334, "14": 0.5416666666666666, "15": 1.0, "16": 1.0, "17": 1.0}, {"0": 1.0, "1": 1.0, "2": 1.0, "3": 1.0, "4": 0.9629629629629629, "5": 1.0, "6": 1.0, "7": 1.0, "8": 1.0, "9": 1.0, "10": 0.9666666666666667, "11": 1.0, "12": 1.0, "13": 1.0, "14": 0.5416666666666666, "15": 1.0, "16": 1.0, "17": 1.0}, {"0": 1.0, "1": 0.9333333333333333, "2": 1.0, "3": 1.0, "4": 0.9629629629629629, "5": 1.0, "6": 1.0, "7": 1.0, "8": 1.0, "9": 1.0, "10": 1.0, "11": 1.0, "12": 1.0, "13": 1.0, "14": 0.6666666666666666, "15": 1.0, "16": 1.0, "17": 1.0}, {"0": 1.0, "1": 1.0, "2": 1.0, "3": 1.0, "4": 1.0, "5": 0.9583333333333334, "6": 1.0, "7": 1.0, "8": 1.0, "9": 1.0, "10": 1.0, "11": 1.0, "12": 1.0, "13": 1.0, "14": 0.5416666666666666, "15": 1.0, "16": 1.0, "17": 1.0}, {"0": 1.0, "1": 1.0, "2": 1.0, "3": 1.0, "4": 0.9629629629629629, "5": 1.0, "6": 1.0, "7": 1.0, "8": 1.0, "9": 1.0, "10": 1.0, "11": 1.0, "12": 1.0, "13": 1.0, "14": 0.625, "15": 1.0, "16": 1.0, "17": 1.0}, {"0": 1.0, "1": 1.0, "2": 1.0, "3": 1.0, "4": 0.9259259259259259, "5": 0.9583333333333334, "6": 1.0, "7": 1.0, "8": 1.0, "9": 1.0, "10": 1.0, "11": 1.0, "12": 1.0, "13": 1.0, "14": 0.5833333333333334, "15": 1.0, "16": 1.0, "17": 1.0}, {"0": 1.0, "1": 1.0, "2": 1.0, "3": 1.0, "4": 0.9629629629629629, "5": 1.0, "6": 1.0, "7": 0.9629629629629629, "8": 1.0, "9": 1.0, "10": 1.0, "11": 1.0, "12": 1.0, "13": 1.0, "14": 0.7083333333333334, "15": 1.0, "16": 1.0, "17": 1.0}, {"0": 1.0, "1": 1.0, "2": 1.0, "3": 1.0, "4": 0.9259259259259259, "5": 1.0, "6": 1.0, "7": 0.9629629629629629, "8": 1.0, "9": 1.0, "10": 1.0, "11": 1.0, "12": 1.0, "13": 1.0, "14": 0.5, "15": 1.0, "16": 1.0, "17": 1.0}, {"0": 1.0, "1": 1.0, "2": 0.9583333333333334, "3": 1.0, "4": 0.9259259259259259, "5": 1.0, "6": 1.0, "7": 1.0, "8": 1.0, "9": 1.0, "10": 1.0, "11": 1.0, "12": 1.0, "13": 1.0, "14": 0.7083333333333334, "15": 1.0, "16": 1.0, "17": 1.0}, {"0": 1.0, "1": 1.0, "2": 1.0, "3": 1.0, "4": 1.0, "5": 1.0, "6": 1.0, "7": 0.9629629629629629, "8": 1.0, "9": 1.0, "10": 1.0, "11": 1.0, "12": 1.0, "13": 1.0, "14": 0.7083333333333334, "15": 1.0, "16": 1.0, "17": 1.0}, {"0": 1.0, "1": 1.0, "2": 1.0, "3": 1.0, "4": 0.9259259259259259, "5": 0.9583333333333334, "6": 1.0, "7": 1.0, "8": 1.0, "9": 1.0, "10": 1.0, "11": 1.0, "12": 1.0, "13": 1.0, "14": 0.5416666666666666, "15": 1.0, "16": 1.0, "17": 1.0}, {"0": 1.0, "1": 1.0, "2": 1.0, "3": 1.0, "4": 0.9259259259259259, "5": 1.0, "6": 1.0, "7": 1.0, "8": 1.0, "9": 1.0, "10": 1.0, "11": 1.0, "12": 1.0, "13": 0.9583333333333334, "14": 0.6666666666666666, "15": 1.0, "16": 1.0, "17": 1.0}, {"0": 1.0, "1": 1.0, "2": 1.0, "3": 0.9583333333333334, "4": 0.8888888888888888, "5": 1.0,