{"train_loss": [2.8857063738147866, 1.86546193080002, 1.1995249658488156, 0.7375490196635214, 0.46644964378871273, 0.34500575400470346, 0.34072427133495886, 0.3312546198957422, 0.33246815924564105, 0.32161724718099227, 0.31669431573219514, 0.32063632893763233], "train_acc": [0.2682584226131439, 0.5758426785469055, 0.7710674405097961, 0.8764045238494873, 0.9396067261695862, 0.9620786309242249, 0.9648876190185547, 0.9676966071128845, 0.9648876190185547, 0.966292142868042, 0.9705055952072144, 0.9620786309242249], "val_loss": [3.920824337005615, 4.446936321258545, 4.962710666656494, 5.322634315490722, 5.596742153167725, 5.611389064788819, 5.626251220703125, 5.638017272949218, 5.651339340209961, 5.651424789428711, 5.651525688171387, 5.651602077484131], "val_acc": [0.0, 0.0, 0.0, 0.0, 0.0, 0.0, 0.0, 0.0, 0.0, 0.0, 0.0, 0.0], "train_class_acc": [{"0": 0.0, "1": 0.0, "2": 0.5, "3": 0.08333333333333333, "4": 0.37037037037037035, "5": 0.375, "6": 0.6666666666666666, "7": 0.2222222222222222, "8": 0.09090909090909091, "9": 0.1111111111111111, "10": 0.4, "11": 0.7272727272727273, "12": 0.047619047619047616, "13": 0.08333333333333333, "14": 0.125, "15": 0.0, "16": 0.45454545454545453, "17": 0.2, "18": 0.06060606060606061, "19": 0.36363636363636365, "20": 0.6060606060606061, "21": 0.0, "22": 0.5555555555555556, "23": 0.0, "24": 0.0, "25": 0.0, "26": 0.16666666666666666, "27": 0.5151515151515151, "28": 0.21428571428571427, "29": 0.0, "30": 0.0}, {"0": 0.05555555555555555, "1": 0.0, "2": 0.8333333333333334, "3": 0.5833333333333334, "4": 0.6296296296296297, "5": 1.0, "6": 0.6666666666666666, "7": 0.25925925925925924, "8": 0.7272727272727273, "9": 0.48148148148148145, "10": 0.9333333333333333, "11": 1.0, "12": 0.6190476190476191, "13": 0.9166666666666666, "14": 0.375, "15": 0.3333333333333333, "16": 0.7272727272727273, "17": 0.5333333333333333, "18": 0.30303030303030304, "19": 0.9090909090909091, "20": 0.8787878787878788, "21": 0.0, "22": 0.5555555555555556, "23": 0.0, "24": 0.375, "25": 0.07407407407407407, "26": 0.20833333333333334, "27": 0.8484848484848485, "28": 0.4642857142857143, "29": 0.3333333333333333, "30": 0.0}, {"0": 0.6666666666666666, "1": 0.2, "2": 1.0, "3": 0.9166666666666666, "4": 0.7407407407407407, "5": 1.0, "6": 0.8666666666666667, "7": 0.7037037037037037, "8": 0.7878787878787878, "9": 0.7037037037037037, "10": 0.8, "11": 1.0, "12": 1.0, "13": 0.9166666666666666, "14": 0.6666666666666666, "15": 1.0, "16": 0.9696969696969697, "17": 0.9333333333333333, "18": 0.6666666666666666, "19": 1.0, "20": 1.0, "21": 0.3333333333333333, "22": 0.6296296296296297, "23": 0.08333333333333333, "24": 0.625, "25": 0.5555555555555556, "26": 0.5, "27": 0.9393939393939394, "28": 0.7142857142857143, "29": 0.3333333333333333, "30": 0.0}, {"0": 0.8888888888888888, "1": 0.4666666666666667, "2": 1.0, "3": 1.0, "4": 0.7777777777777778, "5": 1.0, "6": 1.0, "7": 0.8888888888888888, "8": 0.9696969696969697, "9": 0.9629629629629629, "10": 1.0, "11": 1.0, "12": 0.9523809523809523, "13": 1.0, "14": 0.75, "15": 1.0, "16": 1.0, "17": 1.0, "18": 0.8484848484848485, "19": 1.0, "20": 1.0, "21": 0.0, "22": 0.6666666666666666, "23": 0.3333333333333333, "24": 0.8333333333333334, "25": 0.5185185185185185, "26": 0.75, "27": 1.0, "28": 0.9642857142857143, "29": 0.6666666666666666, "30": 0.3333333333333333}, {"0": 0.8888888888888888, "1": 0.9333333333333333, "2": 1.0, "3": 1.0, "4": 0.8148148148148148, "5": 1.0, "6": 1.0, "7": 0.9629629629629629, "8": 1.0, "9": 0.9629629629629629, "10": 1.0, "11": 1.0, "12": 1.0, "13": 1.0, "14": 0.7916666666666666, "15": 1.0, "16": 1.0, "17": 1.0, "18": 0.7575757575757576, "19": 1.0, "20": 1.0, "21": 1.0, "22": 0.8148148148148148, "23": 0.875, "24": 1.0, "25": 0.7407407407407407, "26": 0.875, "27": 1.0, "28": 0.9642857142857143, "29": 0.6666666666666666, "30": 1.0}, {"0": 1.0, "1": 1.0, "2": 1.0, "3": 1.0, "4": 0.9259259259259259, "5": 1.0, "6": 1.0, "7": 1.0, "8": 1.0, "9": 1.0, "10": 1.0, "11": 1.0, "12": 1.0, "13": 1.0, "14": 0.875, "15": 1.0, "16": 1.0, "17": 1.0, "18": 0.7272727272727273, "19": 1.0, "20": 1.0, "21": 1.0, "22": 0.6666666666666666, "23": 0.9166666666666666, "24": 1.0, "25": 1.0, "26": 0.9166666666666666, "27": 1.0, "28": 1.0, "29": 1.0, "30": 1.0}, {"0": 0.9444444444444444, "1": 1.0, "2": 1.0, "3": 1.0, "4": 1.0, "5": 1.0, "6": 1.0, "7": 1.0, "8": 0.9696969696969697, "9": 1.0, "10": 1.0, "11": 1.0, "12": 1.0, "13": 1.0, "14": 0.7916666666666666, "15": 1.0, "16": 1.0, "17": 1.0, "18": 0.8181818181818182, "19": 1.0, "20": 1.0, "21": 0.6666666666666666, "22": 0.6666666666666666, "23": 1.0, "24": 1.0, "25": 1.0, "26": 0.9583333333333334, "27": 1.0, "28": 1.0, "29": 1.0, "30": 0.6666666666666666}, {"0": 1.0, "1": 1.0, "2": 1.0, "3": 1.0, "4": 0.9259259259259259, "5": 1.0, "6": 1.0, "7": 1.0, "8": 1.0, "9": 1.0, "10": 1.0, "11": 1.0, "12": 1.0, "13": 1.0, "14": 0.9166666666666666, "15": 1.0, "16": 1.0, "17": 1.0, "18": 0.7878787878787878, "19": 1.0, "20": 1.0, "21": 0.6666666666666666, "22": 0.6666666666666666, "23": 0.9583333333333334, "24": 1.0, "25": 1.0, "26": 1.0, "27": 1.0, "28": 1.0, "29": 1.0, "30": 0.6666666666666666}, {"0": 1.0, "1": 1.0, "2": 1.0, "3": 1.0, "4": 0.8518518518518519, "5": 1.0, "6": 1.0, "7": 1.0, "8": 1.0, "9": 1.0, "10": 1.0, "11": 1.0, "12": 1.0, "13": 1.0, "14": 0.875, "15": 1.0, "16": 1.0, "17": 1.0, "18": 0.7575757575757576, "19": 1.0, "20": 1.0, "21": 1.0, "22": 0.6666666666666666, "23": 1.0, "24": 1.0, "25": 1.0, "26": 0.9583333333333334, "27": 1.0, "28": 1.0, "29": 1.0, "30": 1.0}, {"0": 1.0, "1": 1.0, "2": 1.0, "3": 1.0, "4": 0.9259259259259259, "5": 1.0, "6": 1.0, "7": 1.0, "8": 1.0, "9": 1.0, "10": 1.0, "11": 1.0, "12": 1.0, "13": 1.0, "14": 0.875, "15": 1.0, "16": 1.0, "17": 1.0, "18": 0.7272727272727273, "19": 1.0, "20": 1.0, "21": 1.0, "22": 0.6666666666666666, "23": 1.0, "24": 1.0, "25": 1.0, "26": 1.0, "27": 1.0, "28": 1.0, "29": 1.0, "30": 0.6666666666666666}, {"0": 1.0, "1": 1.0, "2": 1.0, "3": 1.0, "4": 0.9629629629629629, "5": 1.0, "6": 1.0, "7": 1.0, "8": 1.0, "9": 1.0, "10": 1.0, "11": 1.0, "12": 1.0, "13": 1.0, "14": 0.875, "15": 1.0, "16": 1.0, "17": 1.0, "18": 0.8181818181818182, "19": 1.0, "20": 1.0, "21": 1.0, "22": 0.6666666666666666, "23": 1.0, "24": 1.0, "25": 1.0, "26": 0.9583333333333334, "27": 1.0, "28": 1.0, "29": 1.0, "30": 0.6666666666666666}, {"0": 1.0, "1": 1.0, "2": 0.9583333333333334, "3": 1.0, "4": 0.8888888888888888, "5": 1.0, "6": 1.0, "7": 1.0, "8": 1.0, "9": 1.0, "10": 1.0, "11": 1.0, "12": 1.0, "13": 1.0, "14": 0.875, "15": 1.0, "16": 1.0, "17": 1.0, "18": 0.7575757575757576, "19": 1.0, "20": 1.0, "21": 1.0, "22": 0.6666666666666666, "23": 1.0, "24": 1.0, "25": 1.0, "26": 0.9166666666666666, "27": 1.0, "28": 1.0, "29": 1.0, "30": 0.6666666666666666}], "val_class_acc": [{"0": 0.0, "1": 0.0, "2": 0.0, "3": 0.0, "4": 0, "5": 0.0, "6": 0.0, "7": 0.0, "8": 0, "9": 0, "10": 0, "11": 0, "12": 0, "13": 0, "14": 0, "15": 0, "16": 0, "17": 0, "18": 0, "19": 0, "20": 0, "21": 0, "22": 0, "23": 0, "24": 0, "25": 0, "26": 0, "27": 0, "28": 0, "29": 0, "30": 0}, {"0": 0.0, "1": 0.0, "2": 0.0, "3": 0.0, "4": 0, "5": 0.0, "6": 0.0, "7": 0.0, "8": 0, "9": 0, "10": 0, "11": 0, "12": 0, "13": 0, "14": 0, "15": 0, "16": 0, "17": 0, "18": 0, "19": 0, "20": 0, "21": 0, "22": 0, "23": 0, "24": 0, "25": 0, "26": 0, "27": 0, "28": 0, "29": 0, "30": 0}, {"0": 0.0, "1": 0.0, "2": 0.0, "3": 0.0, "4": 0, "5": 0.0, "6": 0.0, "7": 0.0, "8": 0, "9": 0, "10": 0, "11": 0, "12": 0, "13": 0, "14": 0, "15": 0, "16": 0, "17": 0, "18": 0, "19": 0, "20": 0, "21": 0, "22": 0, "23": 0, "24": 0, "25": 0, "26": 0, "27": 0, "28": 0, "29": 0, "30": 0}, {"0": 0.0, "1": 0.0, "2": 0.0, "3": 0.0, "4": 0, "5": 0.0, "6": 0.0, "7": 0.0, "8": 0, "9": 0, "10": 0, "11": 0, "12": 0, "13": 0, "14": 0, "15": 0, "16": 0, "17": 0, "18": 0, "19": 0, "20": 0, "21": 0, "22": 0, "23": 0, "24": 0, "25": 0, "26": 0, "27": 0, "28": 0, "29": 0, "30": 0}, {"0": 0.0, "1": 0.0, "2": 0.0, "3": 0.0, "4": 0, "5": 0.0, "6": 0.0, "7": 0.0, "8": 0,