{"train_loss": [3.101426068772661, 2.4590213121251856, 1.6655258244656501, 0.8948626442158476, 0.37131266961706444, 0.16671715835307507, 0.1498840944247043, 0.1481345513082565, 0.13087372854351997, 0.12790871744460247, 0.118830634162147, 0.11544938084292919, 0.106627539989162, 0.11095666401880852, 0.1033274991873731], "train_acc": [0.09441489726305008, 0.21675531566143036, 0.4614361822605133, 0.7553191781044006, 0.9242021441459656, 0.9906914830207825, 0.9960106611251831, 0.9960106611251831, 0.9973404407501221, 0.9946808218955994, 0.9946808218955994, 0.9960106611251831, 1.0, 0.998670220375061, 0.9973404407501221], "val_loss": [2.9719558042638443, 3.0650790719424976, 3.60586617974674, 3.1539399062885956, 3.0527092989753273, 2.760889340849484, 2.74188171414768, 2.7648021543727204, 2.728884171037113, 2.762509163688211, 2.7446834269691918, 2.7556471193537995, 2.716995267307057, 2.725866766536937, 2.7235245915020214], "val_acc": [0.11029411852359772, 0.0882352963089943, 0.13235294818878174, 0.1764705926179886, 0.1617647111415863, 0.24264706671237946, 0.22794117033481598, 0.2647058963775635, 0.24264706671237946, 0.25, 0.2132352888584137, 0.23529411852359772, 0.1985294073820114, 0.22794117033481598, 0.22058823704719543], "train_class_acc": [{"0": 0.0, "1": 0.0, "2": 0.20833333333333334, "3": 0.0, "4": 0.14814814814814814, "5": 0.0, "6": 0.0, "7": 0.3939393939393939, "8": 0.14814814814814814, "9": 0.06060606060606061, "10": 0.0, "11": 0.1, "12": 0.030303030303030304, "13": 0.14285714285714285, "14": 0.125, "15": 0.08333333333333333, "16": 0.0, "17": 0.3939393939393939, "18": 0.0, "19": 0.15151515151515152, "20": 0.06060606060606061, "21": 0.3333333333333333, "22": 0.0, "23": 0.0, "24": 0.0, "25": 0.0, "26": 0.0, "27": 0.0, "28": 0.0, "29": 0.0, "30": 0.0, "31": 0.0, "32": 0.0}, {"0": 0.0, "1": 0.0, "2": 0.20833333333333334, "3": 0.08333333333333333, "4": 0.2962962962962963, "5": 0.125, "6": 0.0, "7": 0.6666666666666666, "8": 0.3333333333333333, "9": 0.09090909090909091, "10": 0.1111111111111111, "11": 0.2, "12": 0.09090909090909091, "13": 0.047619047619047616, "14": 0.16666666666666666, "15": 0.3333333333333333, "16": 0.0, "17": 0.36363636363636365, "18": 0.0, "19": 0.36363636363636365, "20": 0.696969696969697, "21": 0.5151515151515151, "22": 0.0, "23": 0.18518518518518517, "24": 0.08333333333333333, "25": 0.08333333333333333, "26": 0.037037037037037035, "27": 0.08333333333333333, "28": 0.30303030303030304, "29": 0.0, "30": 0.0, "31": 0.0, "32": 0.0}, {"0": 0.2222222222222222, "1": 0.06666666666666667, "2": 0.75, "3": 0.5416666666666666, "4": 0.6296296296296297, "5": 0.875, "6": 0.26666666666666666, "7": 0.7878787878787878, "8": 0.18518518518518517, "9": 0.5757575757575758, "10": 0.6666666666666666, "11": 0.4, "12": 0.696969696969697, "13": 0.2857142857142857, "14": 0.4166666666666667, "15": 0.2916666666666667, "16": 0.0, "17": 0.5757575757575758, "18": 0.06666666666666667, "19": 0.48484848484848486, "20": 0.9090909090909091, "21": 0.7272727272727273, "22": 0.0, "23": 0.4444444444444444, "24": 0.08333333333333333, "25": 0.25, "26": 0.4074074074074074, "27": 0.16666666666666666, "28": 0.15151515151515152, "29": 0.4642857142857143, "30": 0.0, "31": 0.0, "32": 0.0}, {"0": 0.7222222222222222, "1": 0.4666666666666667, "2": 0.875, "3": 0.8333333333333334, "4": 0.7407407407407407, "5": 1.0, "6": 1.0, "7": 1.0, "8": 0.3333333333333333, "9": 0.8181818181818182, "10": 0.5555555555555556, "11": 0.5666666666666667, "12": 0.9090909090909091, "13": 0.6666666666666666, "14": 1.0, "15": 0.7916666666666666, "16": 0.0, "17": 0.8787878787878788, "18": 0.6666666666666666, "19": 0.8484848484848485, "20": 0.9696969696969697, "21": 0.9696969696969697, "22": 0.0, "23": 0.8888888888888888, "24": 0.3333333333333333, "25": 0.5833333333333334, "26": 0.6296296296296297, "27": 0.7083333333333334, "28": 0.6363636363636364, "29": 0.9642857142857143, "30": 0.14285714285714285, "31": 0.0, "32": 0.0}, {"0": 1.0, "1": 0.6666666666666666, "2": 1.0, "3": 1.0, "4": 0.9259259259259259, "5": 1.0, "6": 1.0, "7": 0.9696969696969697, "8": 0.6666666666666666, "9": 1.0, "10": 0.9629629629629629, "11": 0.8333333333333334, "12": 1.0, "13": 1.0, "14": 1.0, "15": 0.7083333333333334, "16": 0.6666666666666666, "17": 1.0, "18": 1.0, "19": 1.0, "20": 1.0, "21": 1.0, "22": 0.3333333333333333, "23": 1.0, "24": 0.75, "25": 0.75, "26": 0.9629629629629629, "27": 0.75, "28": 1.0, "29": 1.0, "30": 1.0, "31": 0.0, "32": 0.3333333333333333}, {"0": 1.0, "1": 1.0, "2": 1.0, "3": 1.0, "4": 0.7407407407407407, "5": 1.0, "6": 1.0, "7": 1.0, "8": 1.0, "9": 1.0, "10": 1.0, "11": 1.0, "12": 1.0, "13": 1.0, "14": 1.0, "15": 1.0, "16": 1.0, "17": 1.0, "18": 1.0, "19": 1.0, "20": 1.0, "21": 1.0, "22": 1.0, "23": 1.0, "24": 1.0, "25": 1.0, "26": 1.0, "27": 1.0, "28": 1.0, "29": 1.0, "30": 1.0, "31": 1.0, "32": 1.0}, {"0": 1.0, "1": 1.0, "2": 1.0, "3": 1.0, "4": 0.8888888888888888, "5": 1.0, "6": 1.0, "7": 1.0, "8": 1.0, "9": 1.0, "10": 1.0, "11": 1.0, "12": 1.0, "13": 1.0, "14": 1.0, "15": 1.0, "16": 1.0, "17": 1.0, "18": 1.0, "19": 1.0, "20": 1.0, "21": 1.0, "22": 1.0, "23": 1.0, "24": 1.0, "25": 1.0, "26": 1.0, "27": 1.0, "28": 1.0, "29": 1.0, "30": 1.0, "31": 1.0, "32": 1.0}, {"0": 1.0, "1": 1.0, "2": 1.0, "3": 1.0, "4": 0.8888888888888888, "5": 1.0, "6": 1.0, "7": 1.0, "8": 1.0, "9": 1.0, "10": 1.0, "11": 1.0, "12": 1.0, "13": 1.0, "14": 1.0, "15": 1.0, "16": 1.0, "17": 1.0, "18": 1.0, "19": 1.0, "20": 1.0, "21": 1.0, "22": 1.0, "23": 1.0, "24": 1.0, "25": 1.0, "26": 1.0, "27": 1.0, "28": 1.0, "29": 1.0, "30": 1.0, "31": 1.0, "32": 1.0}, {"0": 1.0, "1": 1.0, "2": 1.0, "3": 1.0, "4": 1.0, "5": 1.0, "6": 1.0, "7": 1.0, "8": 1.0, "9": 1.0, "10": 1.0, "11": 1.0, "12": 1.0, "13": 1.0, "14": 1.0, "15": 0.9583333333333334, "16": 1.0, "17": 1.0, "18": 1.0, "19": 1.0, "20": 1.0, "21": 1.0, "22": 1.0, "23": 1.0, "24": 1.0, "25": 1.0, "26": 1.0, "27": 1.0, "28": 1.0, "29": 1.0, "30": 1.0, "31": 1.0, "32": 0.6666666666666666}, {"0": 1.0, "1": 1.0, "2": 1.0, "3": 1.0, "4": 0.9259259259259259, "5": 1.0, "6": 1.0, "7": 1.0, "8": 1.0, "9": 1.0, "10": 1.0, "11": 1.0, "12": 1.0, "13": 1.0, "14": 1.0, "15": 0.9166666666666666, "16": 1.0, "17": 1.0, "18": 1.0, "19": 1.0, "20": 1.0, "21": 1.0, "22": 1.0, "23": 1.0, "24": 1.0, "25": 1.0, "26": 1.0, "27": 1.0, "28": 1.0, "29": 1.0, "30": 1.0, "31": 1.0, "32": 1.0}, {"0": 1.0, "1": 1.0, "2": 1.0, "3": 1.0, "4": 0.9629629629629629, "5": 1.0, "6": 1.0, "7": 1.0, "8": 1.0, "9": 1.0, "10": 1.0, "11": 1.0, "12": 1.0, "13": 1.0, "14": 1.0, "15": 0.9583333333333334, "16": 1.0, "17": 1.0, "18": 1.0, "19": 1.0, "20": 1.0, "21": 1.0, "22": 1.0, "23": 1.0, "24": 1.0, "25": 1.0, "26": 1.0, "27": 1.0, "28": 1.0, "29": 1.0, "30": 1.0, "31": 0.6666666666666666, "32": 0.6666666666666666}, {"0": 1.0, "1": 1.0, "2": 1.0, "3": 1.0, "4": 0.9629629629629629, "5": 1.0, "6": 1.0, "7": 1.0, "8": 1.0, "9": 1.0, "10": 1.0, "11": 1.0, "12": 1.0, "13": 1.0, "14": 1.0, "15": 0.9583333333333334, "16": 1.0, "17": 1.0, "18": 1.0, "19": 1.0, "20": 1.0, "21": 1.0, "22": 1.0, "23": 1.0, "24": 1.0, "25": 1.0, "26": 1.0, "27": 1.0, "28": 1.0, "29": 1.0, "30": 1.0, "31": 0.6666666666666666, "32": 1.0}, {"0": 1.0, "1": 1.0, "2": 1.0, "3": 1.0, "4": 1.0, "5": 1.0, "6": 1.0, "7": 1.0, "8": 1.0, "9": 1.0, "10": 1.0, "11": 1.0, "12": 1.0, "13": 1.0, "14": 1.0, "15": 1.0, "16": 1.0, "17": 1.0, "18": 1.0, "19": 1.0, "20": 1.0, "21": 1.0, "22": 1.0, "23": 1.0, "24": 1.0, "25": 1.0, "26": 1.0, "27": 1.0, "28": 1.0, "29": 1.0, "30": 1.0, "31": 1.0, "32": 1.0}, {"0": 1.0, "1": 1.0, "2": 1.0, "3": 1.0, "4": 1.0, "5": 1.0, "6": 1.0, "7": 1.0, "8": 1.0, "9": 1.0, "10": 1.0, "11": 1.0, "12": 1.0, "13": 1.0, "14": 1.0, "15": 1.0, "16": 1.0, "17": 1.0, "18": 1.0, "19": 1.0, "20": 1.0, "21": 1.0, "22": 1.0, "23": 1.0, "24": 1.0, "25": 1.0, "26": 1.0, "27": 1.0, "28": 1.0, "29": 1.0, "30": 1.0, "31": 0.6666666666666666, "32": 1.0}, {"0": 1.0, "1": 1.0, "2": 1.0, "3": 1.0, "4": 1.0, "5": 1.0, "6": 1.0, "7": 1.0, "8": 1.0, "9": 1.0, "10": 1.0, "11": 1.0,