{"train_loss": [2.918034414227089, 2.072812654998865, 1.5231290031015203, 1.1516265855746324, 0.9266998277286466, 0.8091549282328466, 0.7102686664026775, 0.6114028699779779, 0.6430837408210455, 0.5569121947281817, 0.5237656351220742, 0.5038931409545829, 0.48738742904381804, 0.4776288837696729, 0.4669173783047146], "train_acc": [0.22893258929252625, 0.4691011309623718, 0.591292142868042, 0.6629213690757751, 0.7106741666793823, 0.7219101190567017, 0.7514045238494873, 0.7724719047546387, 0.7584269642829895, 0.7823033928871155, 0.8132022619247437, 0.8160112500190735, 0.8272472023963928, 0.834269642829895, 0.8300561904907227], "val_loss": [2.4633877033323754, 1.9953261473047452, 1.6415378334015374, 1.6383496832659865, 1.548134425493676, 1.5388285409747147, 1.7020492933866547, 1.6507791346452367, 1.8232145511259243, 1.6415260696974325, 1.6432915667849264, 1.6465444175277169, 1.652950899338159, 1.6501830100543855, 1.6502262332777338], "val_acc": [0.3385826647281647, 0.4094488024711609, 0.5039370059967041, 0.5196850299835205, 0.5590550899505615, 0.5196850299835205, 0.5590550899505615, 0.5511810779571533, 0.5118110179901123, 0.6141732335090637, 0.6062992215156555, 0.6062992215156555, 0.6062992215156555, 0.6062992215156555, 0.6062992215156555], "train_class_acc": [{"0": 0.05555555555555555, "1": 0.0, "2": 0.5416666666666666, "3": 0.16666666666666666, "4": 0.6666666666666666, "5": 0.5833333333333334, "6": 0.0, "7": 0.0, "8": 0.24242424242424243, "9": 0.4444444444444444, "10": 0.26666666666666666, "11": 0.7878787878787878, "12": 0.0, "13": 0.0, "14": 0.0, "15": 0.0, "16": 0.21212121212121213, "17": 0.0, "18": 0.21212121212121213, "19": 0.45454545454545453, "20": 0.5757575757575758, "21": 0.0, "22": 0.07407407407407407, "23": 0.041666666666666664, "24": 0.08333333333333333, "25": 0.07407407407407407, "26": 0.041666666666666664, "27": 0.0, "28": 0.10714285714285714, "29": 0.0, "30": 0.0}, {"0": 0.6111111111111112, "1": 0.0, "2": 0.9583333333333334, "3": 1.0, "4": 0.9259259259259259, "5": 1.0, "6": 0.4, "7": 0.1111111111111111, "8": 0.8181818181818182, "9": 0.07407407407407407, "10": 0.26666666666666666, "11": 1.0, "12": 0.0, "13": 0.08333333333333333, "14": 0.4583333333333333, "15": 0.0, "16": 0.45454545454545453, "17": 0.7333333333333333, "18": 0.36363636363636365, "19": 0.9696969696969697, "20": 0.42424242424242425, "21": 0.0, "22": 0.37037037037037035, "23": 0.125, "24": 0.0, "25": 0.37037037037037035, "26": 0.2916666666666667, "27": 0.2727272727272727, "28": 0.42857142857142855, "29": 0.0, "30": 0.0}, {"0": 0.8333333333333334, "1": 0.06666666666666667, "2": 0.9583333333333334, "3": 1.0, "4": 1.0, "5": 1.0, "6": 0.6, "7": 0.2962962962962963, "8": 0.9393939393939394, "9": 0.4074074074074074, "10": 0.4, "11": 0.9696969696969697, "12": 0.0, "13": 0.08333333333333333, "14": 0.5, "15": 0.0, "16": 0.48484848484848486, "17": 1.0, "18": 0.8787878787878788, "19": 1.0, "20": 0.48484848484848486, "21": 0.0, "22": 0.4444444444444444, "23": 0.08333333333333333, "24": 0.2916666666666667, "25": 0.18518518518518517, "26": 0.25, "27": 0.8787878787878788, "28": 0.7142857142857143, "29": 0.0, "30": 0.0}, {"0": 1.0, "1": 0.4666666666666667, "2": 1.0, "3": 1.0, "4": 1.0, "5": 1.0, "6": 0.9333333333333333, "7": 0.07407407407407407, "8": 0.9696969696969697, "9": 0.5555555555555556, "10": 0.4, "11": 1.0, "12": 0.2857142857142857, "13": 0.125, "14": 0.75, "15": 0.0, "16": 0.6666666666666666, "17": 1.0, "18": 0.8787878787878788, "19": 1.0, "20": 0.45454545454545453, "21": 0.0, "22": 0.6666666666666666, "23": 0.125, "24": 0.25, "25": 0.5185185185185185, "26": 0.20833333333333334, "27": 1.0, "28": 0.7142857142857143, "29": 0.0, "30": 0.0}, {"0": 1.0, "1": 0.8666666666666667, "2": 0.9583333333333334, "3": 1.0, "4": 1.0, "5": 1.0, "6": 1.0, "7": 0.2222222222222222, "8": 1.0, "9": 0.5185185185185185, "10": 0.26666666666666666, "11": 1.0, "12": 0.38095238095238093, "13": 0.25, "14": 0.8333333333333334, "15": 0.0, "16": 0.7878787878787878, "17": 1.0, "18": 0.9393939393939394, "19": 1.0, "20": 0.5454545454545454, "21": 0.0, "22": 0.7407407407407407, "23": 0.16666666666666666, "24": 0.125, "25": 0.7407407407407407, "26": 0.3333333333333333, "27": 1.0, "28": 0.75, "29": 0.0, "30": 0.6666666666666666}, {"0": 1.0, "1": 0.8, "2": 1.0, "3": 1.0, "4": 1.0, "5": 1.0, "6": 1.0, "7": 0.3333333333333333, "8": 1.0, "9": 0.37037037037037035, "10": 0.5333333333333333, "11": 1.0, "12": 0.6666666666666666, "13": 0.125, "14": 0.7916666666666666, "15": 0.0, "16": 0.696969696969697, "17": 1.0, "18": 0.9393939393939394, "19": 1.0, "20": 0.30303030303030304, "21": 0.0, "22": 0.7777777777777778, "23": 0.16666666666666666, "24": 0.20833333333333334, "25": 0.8148148148148148, "26": 0.5416666666666666, "27": 1.0, "28": 0.75, "29": 0.0, "30": 0.6666666666666666}, {"0": 1.0, "1": 1.0, "2": 1.0, "3": 1.0, "4": 1.0, "5": 1.0, "6": 1.0, "7": 0.48148148148148145, "8": 1.0, "9": 0.48148148148148145, "10": 0.36666666666666664, "11": 1.0, "12": 0.8571428571428571, "13": 0.20833333333333334, "14": 0.875, "15": 0.3333333333333333, "16": 0.7878787878787878, "17": 1.0, "18": 0.9393939393939394, "19": 1.0, "20": 0.21212121212121213, "21": 0.0, "22": 0.8518518518518519, "23": 0.20833333333333334, "24": 0.20833333333333334, "25": 0.9259259259259259, "26": 0.4166666666666667, "27": 1.0, "28": 0.8571428571428571, "29": 0.0, "30": 1.0}, {"0": 1.0, "1": 1.0, "2": 1.0, "3": 1.0, "4": 1.0, "5": 1.0, "6": 1.0, "7": 0.2222222222222222, "8": 0.9696969696969697, "9": 0.48148148148148145, "10": 0.3333333333333333, "11": 1.0, "12": 0.9047619047619048, "13": 0.2916666666666667, "14": 0.8333333333333334, "15": 0.0, "16": 0.8181818181818182, "17": 1.0, "18": 0.9696969696969697, "19": 1.0, "20": 0.3939393939393939, "21": 0.0, "22": 0.9259259259259259, "23": 0.4166666666666667, "24": 0.25, "25": 0.9259259259259259, "26": 0.7083333333333334, "27": 1.0, "28": 0.8214285714285714, "29": 0.3333333333333333, "30": 1.0}, {"0": 1.0, "1": 1.0, "2": 1.0, "3": 1.0, "4": 1.0, "5": 1.0, "6": 1.0, "7": 0.4444444444444444, "8": 0.9696969696969697, "9": 0.5925925925925926, "10": 0.2, "11": 1.0, "12": 0.7142857142857143, "13": 0.125, "14": 1.0, "15": 0.0, "16": 0.696969696969697, "17": 1.0, "18": 0.9696969696969697, "19": 1.0, "20": 0.3333333333333333, "21": 0.3333333333333333, "22": 0.8518518518518519, "23": 0.375, "24": 0.3333333333333333, "25": 0.8148148148148148, "26": 0.5416666666666666, "27": 1.0, "28": 0.8571428571428571, "29": 0.6666666666666666, "30": 1.0}, {"0": 1.0, "1": 1.0, "2": 1.0, "3": 1.0, "4": 1.0, "5": 1.0, "6": 1.0, "7": 0.1111111111111111, "8": 1.0, "9": 0.48148148148148145, "10": 0.5666666666666667, "11": 1.0, "12": 0.7619047619047619, "13": 0.25, "14": 0.9583333333333334, "15": 0.0, "16": 0.8181818181818182, "17": 1.0, "18": 0.9696969696969697, "19": 1.0, "20": 0.42424242424242425, "21": 0.0, "22": 0.9629629629629629, "23": 0.5, "24": 0.3333333333333333, "25": 0.8518518518518519, "26": 0.6666666666666666, "27": 1.0, "28": 0.8571428571428571, "29": 0.0, "30": 1.0}, {"0": 1.0, "1": 1.0, "2": 1.0, "3": 1.0, "4": 1.0, "5": 1.0, "6": 1.0, "7": 0.14814814814814814, "8": 1.0, "9": 0.8148148148148148, "10": 0.1, "11": 1.0, "12": 1.0, "13": 0.125, "14": 0.9166666666666666, "15": 0.3333333333333333, "16": 0.9393939393939394, "17": 1.0, "18": 1.0, "19": 1.0, "20": 0.8484848484848485, "21": 0.6666666666666666, "22": 1.0, "23": 0.4583333333333333, "24": 0.5, "25": 0.7407407407407407, "26": 0.75, "27": 1.0, "28": 0.8571428571428571, "29": 0.0, "30": 1.0}, {"0": 1.0, "1": 1.0, "2": 1.0, "3": 1.0, "4": 1.0, "5": 1.0, "6": 1.0, "7": 0.14814814814814814, "8": 1.0, "9": 0.7777777777777778, "10": 0.1, "11": 1.0, "12": 1.0, "13": 0.125, "14": 0.875, "15": 1.0, "16": 0.9393939393939394, "17": 1.0, "18": 1.0, "19": 1.0, "20": 0.8181818181818182, "21": 0.0, "22": 1.0, "23": 0.5416666666666666, "24": 0.5, "25": 0.8148148148148148, "26": 0.8333333333333334, "27": 1.0, "28": 0.8214285714285714, "29": 0.0, "30": 1.0}, {"0": 1.0, "1": 1.0, "2": 1.0, "3": 1.0, "4": 1.0,