{"train_loss": [3.1067348946916296, 2.616253320206987, 1.7282178173673914, 0.8383756495536642, 0.2521225819562344, 0.10370869879075821, 0.09957517303050832, 0.09156625472167705, 0.08664706729828044, 0.0831822432736133, 0.08163491295690233, 0.07375841793861795, 0.0801364761242207, 0.07598759281508466, 0.07730800476162991], "train_acc": [0.06781914830207825, 0.18882979452610016, 0.4694148898124695, 0.811170220375061, 0.9667553305625916, 0.9906914830207825, 0.9906914830207825, 0.9946808218955994, 0.9946808218955994, 0.9973404407501221, 0.9960106611251831, 0.9960106611251831, 0.9960106611251831, 1.0, 0.9946808218955994], "val_loss": [2.9764709612902474, 3.710490240770228, 3.0629209630629597, 3.627313599866979, 3.0166432647144092, 2.5836097773383644, 2.6227733177297257, 2.5716604835846844, 2.5970848588382496, 2.578227632185992, 2.5999440445619473, 2.5901786229189705, 2.5869740458095776, 2.5874163333107445, 2.5935535080292644], "val_acc": [0.06617647409439087, 0.10294117778539658, 0.13970588147640228, 0.08088235557079315, 0.13235294818878174, 0.2720588147640228, 0.25, 0.25735294818878174, 0.25735294818878174, 0.25735294818878174, 0.24264706671237946, 0.22058823704719543, 0.23529411852359772, 0.22058823704719543, 0.24264706671237946], "train_class_acc": [{"0": 0.0, "1": 0.0, "2": 0.0, "3": 0.0, "4": 0.07407407407407407, "5": 0.0, "6": 0.0, "7": 0.36363636363636365, "8": 0.14814814814814814, "9": 0.0, "10": 0.0, "11": 0.13333333333333333, "12": 0.0, "13": 0.0, "14": 0.08333333333333333, "15": 0.125, "16": 0.0, "17": 0.18181818181818182, "18": 0.0, "19": 0.0, "20": 0.2727272727272727, "21": 0.15151515151515152, "22": 0.0, "23": 0.0, "24": 0.0, "25": 0.0, "26": 0.0, "27": 0.0, "28": 0.0, "29": 0.14285714285714285, "30": 0.0, "31": 0.0, "32": 0.0}, {"0": 0.0, "1": 0.0, "2": 0.0, "3": 0.0, "4": 0.4444444444444444, "5": 0.125, "6": 0.0, "7": 0.6363636363636364, "8": 0.4074074074074074, "9": 0.18181818181818182, "10": 0.25925925925925924, "11": 0.43333333333333335, "12": 0.21212121212121213, "13": 0.0, "14": 0.041666666666666664, "15": 0.25, "16": 0.0, "17": 0.15151515151515152, "18": 0.0, "19": 0.30303030303030304, "20": 0.3939393939393939, "21": 0.5151515151515151, "22": 0.0, "23": 0.0, "24": 0.125, "25": 0.0, "26": 0.07407407407407407, "27": 0.041666666666666664, "28": 0.06060606060606061, "29": 0.07142857142857142, "30": 0.0, "31": 0.0, "32": 0.0}, {"0": 0.6111111111111112, "1": 0.0, "2": 0.5416666666666666, "3": 0.4583333333333333, "4": 0.6296296296296297, "5": 0.9166666666666666, "6": 0.06666666666666667, "7": 0.8787878787878788, "8": 0.5555555555555556, "9": 0.12121212121212122, "10": 0.5185185185185185, "11": 0.4, "12": 0.48484848484848486, "13": 0.2857142857142857, "14": 0.4166666666666667, "15": 0.4583333333333333, "16": 0.0, "17": 0.6666666666666666, "18": 0.0, "19": 0.42424242424242425, "20": 0.8787878787878788, "21": 0.8484848484848485, "22": 0.0, "23": 0.37037037037037035, "24": 0.25, "25": 0.4166666666666667, "26": 0.2962962962962963, "27": 0.2916666666666667, "28": 0.48484848484848486, "29": 0.39285714285714285, "30": 0.0, "31": 0.0, "32": 0.0}, {"0": 1.0, "1": 0.6, "2": 0.9166666666666666, "3": 0.8333333333333334, "4": 0.7407407407407407, "5": 1.0, "6": 0.8666666666666667, "7": 1.0, "8": 0.7037037037037037, "9": 0.7878787878787878, "10": 0.7407407407407407, "11": 0.7, "12": 0.8787878787878788, "13": 0.8095238095238095, "14": 0.9583333333333334, "15": 0.5833333333333334, "16": 0.0, "17": 1.0, "18": 0.6, "19": 0.8787878787878788, "20": 0.9696969696969697, "21": 1.0, "22": 0.0, "23": 0.8888888888888888, "24": 0.6666666666666666, "25": 0.625, "26": 0.48148148148148145, "27": 0.75, "28": 0.9696969696969697, "29": 0.8928571428571429, "30": 0.42857142857142855, "31": 0.0, "32": 0.0}, {"0": 1.0, "1": 1.0, "2": 1.0, "3": 1.0, "4": 0.8148148148148148, "5": 0.9583333333333334, "6": 1.0, "7": 1.0, "8": 0.9629629629629629, "9": 1.0, "10": 1.0, "11": 1.0, "12": 1.0, "13": 1.0, "14": 1.0, "15": 0.75, "16": 0.3333333333333333, "17": 1.0, "18": 1.0, "19": 1.0, "20": 1.0, "21": 1.0, "22": 0.0, "23": 0.9629629629629629, "24": 1.0, "25": 1.0, "26": 1.0, "27": 1.0, "28": 1.0, "29": 1.0, "30": 0.8571428571428571, "31": 0.3333333333333333, "32": 0.0}, {"0": 1.0, "1": 1.0, "2": 1.0, "3": 1.0, "4": 1.0, "5": 1.0, "6": 1.0, "7": 1.0, "8": 1.0, "9": 1.0, "10": 1.0, "11": 1.0, "12": 1.0, "13": 1.0, "14": 1.0, "15": 0.9583333333333334, "16": 1.0, "17": 1.0, "18": 1.0, "19": 1.0, "20": 1.0, "21": 1.0, "22": 0.0, "23": 1.0, "24": 1.0, "25": 1.0, "26": 1.0, "27": 1.0, "28": 1.0, "29": 1.0, "30": 1.0, "31": 0.6666666666666666, "32": 0.3333333333333333}, {"0": 1.0, "1": 1.0, "2": 1.0, "3": 1.0, "4": 1.0, "5": 1.0, "6": 1.0, "7": 1.0, "8": 1.0, "9": 1.0, "10": 1.0, "11": 1.0, "12": 1.0, "13": 1.0, "14": 1.0, "15": 0.9166666666666666, "16": 1.0, "17": 1.0, "18": 1.0, "19": 1.0, "20": 1.0, "21": 1.0, "22": 0.0, "23": 1.0, "24": 1.0, "25": 1.0, "26": 1.0, "27": 1.0, "28": 1.0, "29": 1.0, "30": 1.0, "31": 0.6666666666666666, "32": 0.6666666666666666}, {"0": 1.0, "1": 1.0, "2": 1.0, "3": 1.0, "4": 1.0, "5": 1.0, "6": 1.0, "7": 1.0, "8": 1.0, "9": 1.0, "10": 1.0, "11": 1.0, "12": 1.0, "13": 1.0, "14": 1.0, "15": 1.0, "16": 1.0, "17": 1.0, "18": 1.0, "19": 1.0, "20": 1.0, "21": 1.0, "22": 0.3333333333333333, "23": 1.0, "24": 1.0, "25": 1.0, "26": 1.0, "27": 1.0, "28": 1.0, "29": 1.0, "30": 1.0, "31": 0.6666666666666666, "32": 0.6666666666666666}, {"0": 1.0, "1": 1.0, "2": 1.0, "3": 1.0, "4": 1.0, "5": 1.0, "6": 1.0, "7": 1.0, "8": 1.0, "9": 1.0, "10": 1.0, "11": 1.0, "12": 1.0, "13": 1.0, "14": 1.0, "15": 0.9583333333333334, "16": 1.0, "17": 1.0, "18": 1.0, "19": 1.0, "20": 1.0, "21": 1.0, "22": 0.3333333333333333, "23": 1.0, "24": 1.0, "25": 1.0, "26": 1.0, "27": 1.0, "28": 1.0, "29": 1.0, "30": 1.0, "31": 1.0, "32": 0.6666666666666666}, {"0": 1.0, "1": 1.0, "2": 1.0, "3": 1.0, "4": 1.0, "5": 1.0, "6": 1.0, "7": 1.0, "8": 1.0, "9": 1.0, "10": 1.0, "11": 1.0, "12": 1.0, "13": 1.0, "14": 1.0, "15": 1.0, "16": 1.0, "17": 1.0, "18": 1.0, "19": 1.0, "20": 1.0, "21": 1.0, "22": 0.6666666666666666, "23": 1.0, "24": 1.0, "25": 1.0, "26": 1.0, "27": 1.0, "28": 1.0, "29": 1.0, "30": 1.0, "31": 1.0, "32": 0.6666666666666666}, {"0": 1.0, "1": 1.0, "2": 1.0, "3": 1.0, "4": 1.0, "5": 1.0, "6": 1.0, "7": 1.0, "8": 1.0, "9": 1.0, "10": 1.0, "11": 1.0, "12": 1.0, "13": 1.0, "14": 1.0, "15": 0.9583333333333334, "16": 1.0, "17": 1.0, "18": 1.0, "19": 1.0, "20": 1.0, "21": 1.0, "22": 0.6666666666666666, "23": 1.0, "24": 1.0, "25": 1.0, "26": 1.0, "27": 1.0, "28": 1.0, "29": 1.0, "30": 1.0, "31": 1.0, "32": 0.6666666666666666}, {"0": 1.0, "1": 1.0, "2": 1.0, "3": 1.0, "4": 1.0, "5": 1.0, "6": 1.0, "7": 1.0, "8": 1.0, "9": 1.0, "10": 1.0, "11": 1.0, "12": 1.0, "13": 1.0, "14": 1.0, "15": 1.0, "16": 1.0, "17": 1.0, "18": 1.0, "19": 1.0, "20": 1.0, "21": 1.0, "22": 0.6666666666666666, "23": 1.0, "24": 1.0, "25": 1.0, "26": 1.0, "27": 1.0, "28": 1.0, "29": 1.0, "30": 1.0, "31": 1.0, "32": 0.3333333333333333}, {"0": 1.0, "1": 1.0, "2": 1.0, "3": 1.0, "4": 1.0, "5": 1.0, "6": 1.0, "7": 1.0, "8": 1.0, "9": 1.0, "10": 1.0, "11": 1.0, "12": 1.0, "13": 1.0, "14": 1.0, "15": 0.9583333333333334, "16": 1.0, "17": 1.0, "18": 1.0, "19": 1.0, "20": 1.0, "21": 1.0, "22": 0.6666666666666666, "23": 1.0, "24": 1.0, "25": 1.0, "26": 1.0, "27": 1.0, "28": 1.0, "29": 1.0, "30": 1.0, "31": 1.0, "32": 0.6666666666666666}, {"0": 1.0, "1": 1.0, "2": 1.0, "3": 1.0, "4": 1.0, "5": 1.0, "6": 1.0, "7": 1.0, "8": 1.0, "9": 1.0, "10": 1.0, "11": 1.0, "12": 1.0, "13": 1.0, "14": 1.0, "15": 1.0, "16": 1.0, "17": 1.0, "18": 1.0, "19": 1.0, "20": 1.0, "21": 1.0, "22": 1.0, "23": 1.0, "24": 1.0, "25": 1.0, "26": 1.0, "27": 1.0, "28": 1.0, "29": 1.0, "30": 1.0, "31": 1.0, "32": 1.0}, {"0": 1.0, "1": 1.0, "2": 1.0, "3": 1.0, "4": 0.9629629629629629, "5": 1.0, "6": 1.0, "7": 1.0, "8": 1.0, "9": 1.0, "10": 1.0, "11": 1.0, "12": 1.0, "13": 1.0, "14": 1.0, "15": 1.0, "16": 1.0, "17": 1.0, "18": 1.0, "19": 1.0, "20": 1.0, "21": 1.0,