{"train_loss": [2.3424389657009854, 1.0533456320173284, 0.5837369433949503, 0.35201823091908785, 0.27713766576868765, 0.2493144976121656, 0.2039798970302839, 0.18660543984576558, 0.16290388813012102, 0.13715709264526207, 0.13949901372026863, 0.13326958311575182, 0.1364994440855605, 0.13259350508451462, 0.13691243466533973, 0.13565596766518742, 0.13339773892016893], "train_acc": [0.3426966369152069, 0.7219101190567017, 0.8426966071128845, 0.9058988690376282, 0.9073033928871155, 0.9030898809432983, 0.9199438095092773, 0.9171348214149475, 0.9283707737922668, 0.9367977380752563, 0.932584285736084, 0.9508426785469055, 0.9382022619247437, 0.9410112500190735, 0.9353932738304138, 0.9353932738304138, 0.9382022619247437], "val_loss": [1.758819989332064, 1.5614361969504769, 1.458972310926032, 1.4656464757881766, 1.3633452029678765, 1.3791745478712667, 1.400099048933645, 1.4274719085280352, 1.384147058791063, 1.3840736573136698, 1.4017660636601486, 1.3825811081983912, 1.4011620569416856, 1.4028455047156867, 1.3725624004686912, 1.371859854131233, 1.3942787173226123], "val_acc": [0.4488188922405243, 0.5275590419769287, 0.5669291019439697, 0.5669291019439697, 0.5826771855354309, 0.5669291019439697, 0.5590550899505615, 0.5590550899505615, 0.5590550899505615, 0.5511810779571533, 0.5590550899505615, 0.5511810779571533, 0.5433070659637451, 0.5433070659637451, 0.5511810779571533, 0.5590550899505615, 0.5511810779571533], "train_class_acc": [{"0": 0.4444444444444444, "1": 0.13333333333333333, "2": 0.20833333333333334, "3": 0.375, "4": 0.8888888888888888, "5": 0.8333333333333334, "6": 0.06666666666666667, "7": 0.14814814814814814, "8": 0.15151515151515152, "9": 0.25925925925925924, "10": 0.36666666666666664, "11": 0.8181818181818182, "12": 0.19047619047619047, "13": 0.125, "14": 0.2916666666666667, "15": 0.0, "16": 0.24242424242424243, "17": 0.3333333333333333, "18": 0.6363636363636364, "19": 0.45454545454545453, "20": 0.2727272727272727, "21": 0.0, "22": 0.37037037037037035, "23": 0.041666666666666664, "24": 0.08333333333333333, "25": 0.037037037037037035, "26": 0.125, "27": 0.5454545454545454, "28": 0.42857142857142855, "29": 0.6666666666666666, "30": 0.0}, {"0": 0.8888888888888888, "1": 0.9333333333333333, "2": 0.8333333333333334, "3": 0.875, "4": 1.0, "5": 1.0, "6": 0.9333333333333333, "7": 0.1111111111111111, "8": 0.9090909090909091, "9": 0.6296296296296297, "10": 0.3, "11": 1.0, "12": 0.2857142857142857, "13": 0.5416666666666666, "14": 0.7916666666666666, "15": 0.0, "16": 0.8787878787878788, "17": 1.0, "18": 0.9393939393939394, "19": 1.0, "20": 0.6666666666666666, "21": 0.0, "22": 0.7407407407407407, "23": 0.20833333333333334, "24": 0.2916666666666667, "25": 0.7407407407407407, "26": 0.625, "27": 0.9696969696969697, "28": 0.6785714285714286, "29": 0.0, "30": 0.0}, {"0": 0.8888888888888888, "1": 1.0, "2": 1.0, "3": 0.9166666666666666, "4": 1.0, "5": 1.0, "6": 1.0, "7": 0.2962962962962963, "8": 0.9696969696969697, "9": 0.8148148148148148, "10": 0.5666666666666667, "11": 1.0, "12": 0.7619047619047619, "13": 0.75, "14": 0.9583333333333334, "15": 0.0, "16": 0.9090909090909091, "17": 1.0, "18": 1.0, "19": 1.0, "20": 0.42424242424242425, "21": 0.0, "22": 1.0, "23": 0.7083333333333334, "24": 0.3333333333333333, "25": 1.0, "26": 0.9166666666666666, "27": 1.0, "28": 0.9285714285714286, "29": 0.0, "30": 1.0}, {"0": 1.0, "1": 1.0, "2": 1.0, "3": 1.0, "4": 1.0, "5": 1.0, "6": 1.0, "7": 0.5185185185185185, "8": 1.0, "9": 0.9259259259259259, "10": 0.6, "11": 1.0, "12": 0.9523809523809523, "13": 0.7916666666666666, "14": 1.0, "15": 1.0, "16": 1.0, "17": 1.0, "18": 1.0, "19": 1.0, "20": 0.5151515151515151, "21": 0.0, "22": 1.0, "23": 0.9583333333333334, "24": 0.5833333333333334, "25": 1.0, "26": 0.9583333333333334, "27": 1.0, "28": 1.0, "29": 0.0, "30": 1.0}, {"0": 1.0, "1": 1.0, "2": 1.0, "3": 1.0, "4": 1.0, "5": 1.0, "6": 1.0, "7": 0.5555555555555556, "8": 1.0, "9": 0.8518518518518519, "10": 0.36666666666666664, "11": 1.0, "12": 1.0, "13": 0.875, "14": 1.0, "15": 0.0, "16": 1.0, "17": 1.0, "18": 1.0, "19": 1.0, "20": 0.6060606060606061, "21": 0.0, "22": 1.0, "23": 0.9583333333333334, "24": 0.8333333333333334, "25": 1.0, "26": 1.0, "27": 1.0, "28": 0.9642857142857143, "29": 0.0, "30": 1.0}, {"0": 1.0, "1": 1.0, "2": 1.0, "3": 1.0, "4": 1.0, "5": 1.0, "6": 1.0, "7": 0.37037037037037035, "8": 1.0, "9": 0.9259259259259259, "10": 0.4666666666666667, "11": 1.0, "12": 1.0, "13": 0.875, "14": 1.0, "15": 0.3333333333333333, "16": 1.0, "17": 1.0, "18": 1.0, "19": 1.0, "20": 0.3939393939393939, "21": 0.0, "22": 1.0, "23": 0.9583333333333334, "24": 0.875, "25": 1.0, "26": 1.0, "27": 1.0, "28": 1.0, "29": 0.3333333333333333, "30": 1.0}, {"0": 1.0, "1": 1.0, "2": 1.0, "3": 1.0, "4": 1.0, "5": 1.0, "6": 1.0, "7": 0.4074074074074074, "8": 1.0, "9": 1.0, "10": 0.5, "11": 1.0, "12": 1.0, "13": 0.8333333333333334, "14": 1.0, "15": 0.0, "16": 1.0, "17": 1.0, "18": 1.0, "19": 1.0, "20": 0.5757575757575758, "21": 0.3333333333333333, "22": 1.0, "23": 1.0, "24": 1.0, "25": 1.0, "26": 1.0, "27": 1.0, "28": 1.0, "29": 0.0, "30": 1.0}, {"0": 1.0, "1": 1.0, "2": 1.0, "3": 1.0, "4": 1.0, "5": 1.0, "6": 1.0, "7": 0.48148148148148145, "8": 1.0, "9": 1.0, "10": 0.5, "11": 1.0, "12": 1.0, "13": 0.7916666666666666, "14": 1.0, "15": 0.0, "16": 1.0, "17": 1.0, "18": 1.0, "19": 1.0, "20": 0.45454545454545453, "21": 0.0, "22": 1.0, "23": 1.0, "24": 1.0, "25": 1.0, "26": 1.0, "27": 1.0, "28": 1.0, "29": 0.6666666666666666, "30": 1.0}, {"0": 1.0, "1": 1.0, "2": 1.0, "3": 1.0, "4": 1.0, "5": 1.0, "6": 1.0, "7": 0.5925925925925926, "8": 1.0, "9": 1.0, "10": 0.36666666666666664, "11": 1.0, "12": 1.0, "13": 0.875, "14": 1.0, "15": 1.0, "16": 1.0, "17": 1.0, "18": 1.0, "19": 1.0, "20": 0.6363636363636364, "21": 0.0, "22": 1.0, "23": 1.0, "24": 1.0, "25": 1.0, "26": 1.0, "27": 1.0, "28": 1.0, "29": 0.0, "30": 1.0}, {"0": 1.0, "1": 1.0, "2": 1.0, "3": 1.0, "4": 1.0, "5": 1.0, "6": 1.0, "7": 0.4074074074074074, "8": 1.0, "9": 1.0, "10": 0.4666666666666667, "11": 1.0, "12": 1.0, "13": 0.875, "14": 1.0, "15": 0.6666666666666666, "16": 1.0, "17": 1.0, "18": 1.0, "19": 1.0, "20": 0.8484848484848485, "21": 0.0, "22": 1.0, "23": 1.0, "24": 1.0, "25": 1.0, "26": 1.0, "27": 1.0, "28": 1.0, "29": 0.6666666666666666, "30": 1.0}, {"0": 1.0, "1": 1.0, "2": 1.0, "3": 1.0, "4": 1.0, "5": 1.0, "6": 1.0, "7": 0.4074074074074074, "8": 1.0, "9": 1.0, "10": 0.43333333333333335, "11": 1.0, "12": 1.0, "13": 0.875, "14": 1.0, "15": 0.0, "16": 1.0, "17": 1.0, "18": 1.0, "19": 1.0, "20": 0.8181818181818182, "21": 0.0, "22": 1.0, "23": 1.0, "24": 1.0, "25": 1.0, "26": 1.0, "27": 1.0, "28": 1.0, "29": 1.0, "30": 1.0}, {"0": 1.0, "1": 1.0, "2": 1.0, "3": 1.0, "4": 1.0, "5": 1.0, "6": 1.0, "7": 0.5185185185185185, "8": 1.0, "9": 1.0, "10": 0.6, "11": 1.0, "12": 1.0, "13": 0.875, "14": 1.0, "15": 0.6666666666666666, "16": 1.0, "17": 1.0, "18": 1.0, "19": 1.0, "20": 0.9090909090909091, "21": 0.0, "22": 1.0, "23": 1.0, "24": 1.0, "25": 1.0, "26": 1.0, "27": 1.0, "28": 1.0, "29": 1.0, "30": 1.0}, {"0": 1.0, "1": 1.0, "2": 1.0, "3": 1.0, "4": 1.0, "5": 1.0, "6": 1.0, "7": 0.5185185185185185, "8": 1.0, "9": 1.0, "10": 0.5, "11": 1.0, "12": 1.0, "13": 0.875, "14": 1.0, "15": 0.0, "16": 1.0, "17": 1.0, "18": 1.0, "19": 1.0, "20": 0.7878787878787878, "21": 0.0, "22": 1.0, "23": 1.0, "24": 1.0, "25": 1.0, "26": 1.0, "27": 1.0, "28": 1.0, "29": 1.0, "30": 1.0}, {"0": 1.0, "1": 1.0, "2": 1.0, "3": 1.0, "4": 1.0, "5": 1.0, "6": 1.0, "7": 0.5555555555555556, "8": 1.0, "9": 1.0, "10": 0.5, "11": 1.0, "12": 1.0, "13": 0.875, "14": 1.0, "15": 0.3333333333333333, "16": 1.0, "17": 1.0, "18": 1.0, "19": 1.0, "20": 0.8484848484848485, "21": 0.0, "22": 1.0, "23": 1.0, "24": 1.0, "25": 1.0, "26": 1.0, "27": 1.0, "28": 1.0, "29": 0.3333333333333333, "30": 1.0}, {"0": 1.0, "1": 1.0, "2": 1.0, "3": 1.0, "4": 1.0, "5": 1.0, "6": 1.0, "7": 0.48148148148148145, "8": 1.0, "9": 1.0, "10": 0.43333333333333335, "11": 1.0, "12": 1.0, "13": 0.875, "14": 1.0, "15": 0.3333333333333333,