{"train_loss": [3.1140152850049607, 2.224514129314017, 1.4634501908687836, 0.8504687680843028, 0.31843819358247394, 0.10871910914144617, 0.039331437286702874, 0.02138639020515566, 0.014517779739454706, 0.009997936361964712, 0.008135793824739595, 0.008307719553642451, 0.005408126415011097, 0.005872483939883557, 0.004919725004583597], "train_acc": [0.07845744490623474, 0.29654255509376526, 0.5252659320831299, 0.7805851101875305, 0.9414893388748169, 0.9906914830207825, 1.0, 1.0, 1.0, 1.0, 1.0, 1.0, 1.0, 1.0, 1.0], "val_loss": [3.1276372881496655, 2.849671251633588, 3.9084051917580998, 3.680001230800853, 3.6783502242144417, 2.504054307937622, 2.446638219496783, 2.406240743749282, 2.4047128312727986, 2.3578172431272617, 2.3820118623621322, 2.392020113327924, 2.365985491696526, 2.36155104637146, 2.3758742528803207], "val_acc": [0.09558823704719543, 0.11029411852359772, 0.09558823704719543, 0.1617647111415863, 0.0882352963089943, 0.25, 0.29411765933036804, 0.27941176295280457, 0.27941176295280457, 0.31617647409439087, 0.2720588147640228, 0.27941176295280457, 0.30882352590560913, 0.3014705777168274, 0.29411765933036804], "train_class_acc": [{"0": 0.0, "1": 0.0, "2": 0.3333333333333333, "3": 0.041666666666666664, "4": 0.14814814814814814, "5": 0.0, "6": 0.0, "7": 0.030303030303030304, "8": 0.1111111111111111, "9": 0.09090909090909091, "10": 0.0, "11": 0.06666666666666667, "12": 0.0, "13": 0.14285714285714285, "14": 0.0, "15": 0.08333333333333333, "16": 0.0, "17": 0.45454545454545453, "18": 0.0, "19": 0.21212121212121213, "20": 0.09090909090909091, "21": 0.18181818181818182, "22": 0.0, "23": 0.0, "24": 0.0, "25": 0.0, "26": 0.0, "27": 0.0, "28": 0.030303030303030304, "29": 0.0, "30": 0.0, "31": 0.0, "32": 0.0}, {"0": 0.05555555555555555, "1": 0.0, "2": 0.7916666666666666, "3": 0.375, "4": 0.7037037037037037, "5": 0.75, "6": 0.0, "7": 0.2727272727272727, "8": 0.3333333333333333, "9": 0.21212121212121213, "10": 0.4074074074074074, "11": 0.2, "12": 0.30303030303030304, "13": 0.14285714285714285, "14": 0.041666666666666664, "15": 0.25, "16": 0.0, "17": 0.24242424242424243, "18": 0.0, "19": 0.45454545454545453, "20": 0.7575757575757576, "21": 0.45454545454545453, "22": 0.0, "23": 0.25925925925925924, "24": 0.041666666666666664, "25": 0.25, "26": 0.1111111111111111, "27": 0.16666666666666666, "28": 0.2727272727272727, "29": 0.07142857142857142, "30": 0.0, "31": 0.0, "32": 0.0}, {"0": 0.5, "1": 0.7333333333333333, "2": 0.6666666666666666, "3": 0.6666666666666666, "4": 0.7777777777777778, "5": 0.9166666666666666, "6": 0.5333333333333333, "7": 0.6666666666666666, "8": 0.2962962962962963, "9": 0.3939393939393939, "10": 0.5925925925925926, "11": 0.23333333333333334, "12": 0.9393939393939394, "13": 0.5714285714285714, "14": 0.20833333333333334, "15": 0.5833333333333334, "16": 0.0, "17": 0.5454545454545454, "18": 0.3333333333333333, "19": 0.3939393939393939, "20": 1.0, "21": 0.6363636363636364, "22": 0.0, "23": 0.4444444444444444, "24": 0.3333333333333333, "25": 0.2916666666666667, "26": 0.5185185185185185, "27": 0.20833333333333334, "28": 0.36363636363636365, "29": 0.5714285714285714, "30": 0.0, "31": 0.0, "32": 0.0}, {"0": 0.7222222222222222, "1": 0.7333333333333333, "2": 0.9583333333333334, "3": 0.9166666666666666, "4": 1.0, "5": 1.0, "6": 1.0, "7": 0.9696969696969697, "8": 0.37037037037037035, "9": 0.8787878787878788, "10": 0.8518518518518519, "11": 0.4, "12": 1.0, "13": 0.7619047619047619, "14": 0.5833333333333334, "15": 1.0, "16": 0.3333333333333333, "17": 0.9090909090909091, "18": 0.9333333333333333, "19": 0.696969696969697, "20": 1.0, "21": 0.5757575757575758, "22": 0.0, "23": 0.7407407407407407, "24": 0.7083333333333334, "25": 0.75, "26": 0.6666666666666666, "27": 0.5416666666666666, "28": 0.696969696969697, "29": 0.9642857142857143, "30": 0.42857142857142855, "31": 0.0, "32": 0.0}, {"0": 1.0, "1": 1.0, "2": 1.0, "3": 1.0, "4": 1.0, "5": 1.0, "6": 1.0, "7": 1.0, "8": 0.5185185185185185, "9": 1.0, "10": 0.9629629629629629, "11": 0.7333333333333333, "12": 1.0, "13": 0.8571428571428571, "14": 0.7916666666666666, "15": 1.0, "16": 1.0, "17": 1.0, "18": 1.0, "19": 1.0, "20": 1.0, "21": 0.9393939393939394, "22": 0.3333333333333333, "23": 0.9629629629629629, "24": 1.0, "25": 1.0, "26": 1.0, "27": 0.8333333333333334, "28": 1.0, "29": 1.0, "30": 0.8571428571428571, "31": 0.0, "32": 0.6666666666666666}, {"0": 1.0, "1": 1.0, "2": 1.0, "3": 1.0, "4": 1.0, "5": 1.0, "6": 1.0, "7": 1.0, "8": 0.9629629629629629, "9": 1.0, "10": 1.0, "11": 1.0, "12": 1.0, "13": 1.0, "14": 0.9583333333333334, "15": 1.0, "16": 0.3333333333333333, "17": 1.0, "18": 1.0, "19": 1.0, "20": 1.0, "21": 0.9696969696969697, "22": 1.0, "23": 1.0, "24": 1.0, "25": 1.0, "26": 1.0, "27": 1.0, "28": 1.0, "29": 1.0, "30": 1.0, "31": 0.3333333333333333, "32": 1.0}, {"0": 1.0, "1": 1.0, "2": 1.0, "3": 1.0, "4": 1.0, "5": 1.0, "6": 1.0, "7": 1.0, "8": 1.0, "9": 1.0, "10": 1.0, "11": 1.0, "12": 1.0, "13": 1.0, "14": 1.0, "15": 1.0, "16": 1.0, "17": 1.0, "18": 1.0, "19": 1.0, "20": 1.0, "21": 1.0, "22": 1.0, "23": 1.0, "24": 1.0, "25": 1.0, "26": 1.0, "27": 1.0, "28": 1.0, "29": 1.0, "30": 1.0, "31": 1.0, "32": 1.0}, {"0": 1.0, "1": 1.0, "2": 1.0, "3": 1.0, "4": 1.0, "5": 1.0, "6": 1.0, "7": 1.0, "8": 1.0, "9": 1.0, "10": 1.0, "11": 1.0, "12": 1.0, "13": 1.0, "14": 1.0, "15": 1.0, "16": 1.0, "17": 1.0, "18": 1.0, "19": 1.0, "20": 1.0, "21": 1.0, "22": 1.0, "23": 1.0, "24": 1.0, "25": 1.0, "26": 1.0, "27": 1.0, "28": 1.0, "29": 1.0, "30": 1.0, "31": 1.0, "32": 1.0}, {"0": 1.0, "1": 1.0, "2": 1.0, "3": 1.0, "4": 1.0, "5": 1.0, "6": 1.0, "7": 1.0, "8": 1.0, "9": 1.0, "10": 1.0, "11": 1.0, "12": 1.0, "13": 1.0, "14": 1.0, "15": 1.0, "16": 1.0, "17": 1.0, "18": 1.0, "19": 1.0, "20": 1.0, "21": 1.0, "22": 1.0, "23": 1.0, "24": 1.0, "25": 1.0, "26": 1.0, "27": 1.0, "28": 1.0, "29": 1.0, "30": 1.0, "31": 1.0, "32": 1.0}, {"0": 1.0, "1": 1.0, "2": 1.0, "3": 1.0, "4": 1.0, "5": 1.0, "6": 1.0, "7": 1.0, "8": 1.0, "9": 1.0, "10": 1.0, "11": 1.0, "12": 1.0, "13": 1.0, "14": 1.0, "15": 1.0, "16": 1.0, "17": 1.0, "18": 1.0, "19": 1.0, "20": 1.0, "21": 1.0, "22": 1.0, "23": 1.0, "24": 1.0, "25": 1.0, "26": 1.0, "27": 1.0, "28": 1.0, "29": 1.0, "30": 1.0, "31": 1.0, "32": 1.0}, {"0": 1.0, "1": 1.0, "2": 1.0, "3": 1.0, "4": 1.0, "5": 1.0, "6": 1.0, "7": 1.0, "8": 1.0, "9": 1.0, "10": 1.0, "11": 1.0, "12": 1.0, "13": 1.0, "14": 1.0, "15": 1.0, "16": 1.0, "17": 1.0, "18": 1.0, "19": 1.0, "20": 1.0, "21": 1.0, "22": 1.0, "23": 1.0, "24": 1.0, "25": 1.0, "26": 1.0, "27": 1.0, "28": 1.0, "29": 1.0, "30": 1.0, "31": 1.0, "32": 1.0}, {"0": 1.0, "1": 1.0, "2": 1.0, "3": 1.0, "4": 1.0, "5": 1.0, "6": 1.0, "7": 1.0, "8": 1.0, "9": 1.0, "10": 1.0, "11": 1.0, "12": 1.0, "13": 1.0, "14": 1.0, "15": 1.0, "16": 1.0, "17": 1.0, "18": 1.0, "19": 1.0, "20": 1.0, "21": 1.0, "22": 1.0, "23": 1.0, "24": 1.0, "25": 1.0, "26": 1.0, "27": 1.0, "28": 1.0, "29": 1.0, "30": 1.0, "31": 1.0, "32": 1.0}, {"0": 1.0, "1": 1.0, "2": 1.0, "3": 1.0, "4": 1.0, "5": 1.0, "6": 1.0, "7": 1.0, "8": 1.0, "9": 1.0, "10": 1.0, "11": 1.0, "12": 1.0, "13": 1.0, "14": 1.0, "15": 1.0, "16": 1.0, "17": 1.0, "18": 1.0, "19": 1.0, "20": 1.0, "21": 1.0, "22": 1.0, "23": 1.0, "24": 1.0, "25": 1.0, "26": 1.0, "27": 1.0, "28": 1.0, "29": 1.0, "30": 1.0, "31": 1.0, "32": 1.0}, {"0": 1.0, "1": 1.0, "2": 1.0, "3": 1.0, "4": 1.0, "5": 1.0, "6": 1.0, "7": 1.0, "8": 1.0, "9": 1.0, "10": 1.0, "11": 1.0, "12": 1.0, "13": 1.0, "14": 1.0, "15": 1.0, "16": 1.0, "17": 1.0, "18": 1.0, "19": 1.0, "20": 1.0, "21": 1.0, "22": 1.0, "23": 1.0, "24": 1.0, "25": 1.0, "26": 1.0, "27": 1.0, "28": 1.0, "29": 1.0, "30": 1.0, "31": 1.0, "32": 1.0}, {"0": 1.0, "1": 1.0, "2": 1.0, "3": 1.0, "4": 1.0, "5": 1.0, "6": 1.0, "7": 1.0, "8": 1.0, "9": 1.0, "10": 1.0, "11": 1.0, "12": 1.0, "13": 1.0, "14": 1.0, "15": 1.0, "16": 1.0, "17": 1.0, "18": 1.0, "19": 1.0, "20": 1.0, "21": 1.0, "22": 1.0, "23": 1.0, "24": 1.0, "25": 1.0, "26": 1.0, "27": 1.0, "28": 1.0, "29": 1.0, "30": 1.0, "31": 1.0, "32": 1.0}],