{"train_loss": [1.2763529119328556, 0.335102567051211], "train_acc": [0.6239316463470459, 0.9529914259910583], "val_loss": [2.7228569984436035, 3.6831116676330566], "val_acc": [0.06666667014360428, 0.0], "train_class_acc": [{"0": 0.16666666666666666, "1": 0.26666666666666666, "2": 0.5833333333333334, "3": 0.5416666666666666, "4": 0.8888888888888888, "5": 0.625, "6": 0.3333333333333333, "7": 0.8888888888888888, "8": 0.7272727272727273, "9": 0.7407407407407407}, {"0": 0.8333333333333334, "1": 0.8, "2": 0.9166666666666666, "3": 0.875, "4": 1.0, "5": 1.0, "6": 1.0, "7": 1.0, "8": 1.0, "9": 1.0}], "val_class_acc": [{"0": 0.16666666666666666, "1": 0.0, "2": 0, "3": 0, "4": 0, "5": 0, "6": 0, "7": 0, "8": 0, "9": 0}, {"0": 0.0, "1": 0.0, "2": 0, "3": 0, "4": 0, "5": 0, "6": 0, "7": 0, "8": 0, "9": 0}], "test_loss": 0.8965560481661842, "test_acc": 0.738095223903656, "test_class_acc": {"0": 1.0, "1": 0.0, "2": 1.0, "3": 0.0, "4": 1.0, "5": 1.0, "6": 1.0, "7": 1.0, "8": 0.6666666666666666, "9": 1.0}}