{"train_loss": [2.3888282987425367, 1.5980895606162164, 1.127069889784431, 0.8608654020644492, 0.6691402200457576, 0.5575125337325983, 0.4485310117939679, 0.4677401530942757, 0.4536006713924791, 0.39074352533697226, 0.37217060914285466, 0.3652799346750017, 0.36953624065438334, 0.3452737137979026, 0.36140277336755816, 0.35576244559344483, 0.3492683299439702, 0.35551632347581485, 0.3638652330108112, 0.36083913274663243, 0.3528705612182331], "train_acc": [0.32613909244537354, 0.568345308303833, 0.7002398371696472, 0.7529975771903992, 0.8177458047866821, 0.8225419521331787, 0.8513189554214478, 0.8441246747970581, 0.8321343064308167, 0.8393285274505615, 0.8585131764411926, 0.8489208817481995, 0.8561151027679443, 0.8633093237876892, 0.8465228080749512, 0.8657074570655823, 0.8633093237876892, 0.8705036044120789, 0.8489208817481995, 0.8561151027679443, 0.8633093237876892], "val_loss": [1.9651010036468506, 1.5095151015269903, 1.3011315413463262, 1.1640413425586842, 1.086339787200645, 1.2797496966373774, 1.4031250359099587, 1.272260284718172, 1.28774991153199, 1.2894957889745264, 1.2904289269152982, 1.290978577401903, 1.2964260592872714, 1.296440988411138, 1.2964476920940258, 1.2964621782302856, 1.2964629744306022, 1.296461785281146, 1.2964975848610019, 1.2964863203189991, 1.2965127994984755], "val_acc": [0.4691358208656311, 0.4938271641731262, 0.5925925970077515, 0.6419752836227417, 0.654321014881134, 0.6419752836227417, 0.6296296119689941, 0.654321014881134, 0.6666666865348816, 0.6666666865348816, 0.6666666865348816, 0.654321014881134, 0.6419752836227417, 0.6419752836227417, 0.6419752836227417, 0.6419752836227417, 0.6419752836227417, 0.6419752836227417, 0.6419752836227417, 0.6419752836227417, 0.6419752836227417], "train_class_acc": [{"0": 0.0, "1": 0.06666666666666667, "2": 0.375, "3": 0.08333333333333333, "4": 0.5555555555555556, "5": 0.7083333333333334, "6": 0.06666666666666667, "7": 0.4074074074074074, "8": 0.5757575757575758, "9": 0.14814814814814814, "10": 0.4, "11": 0.8787878787878788, "12": 0.0, "13": 0.0, "14": 0.16666666666666666, "15": 0.0, "16": 0.30303030303030304, "17": 0.13333333333333333}, {"0": 0.3333333333333333, "1": 0.06666666666666667, "2": 0.9166666666666666, "3": 0.8333333333333334, "4": 0.9629629629629629, "5": 0.9583333333333334, "6": 0.3333333333333333, "7": 0.07407407407407407, "8": 0.6666666666666666, "9": 0.6666666666666666, "10": 0.8333333333333334, "11": 1.0, "12": 0.09523809523809523, "13": 0.0, "14": 0.3333333333333333, "15": 0.0, "16": 0.42424242424242425, "17": 0.6666666666666666}, {"0": 0.6666666666666666, "1": 0.13333333333333333, "2": 1.0, "3": 1.0, "4": 1.0, "5": 1.0, "6": 1.0, "7": 0.6666666666666666, "8": 0.8484848484848485, "9": 0.6296296296296297, "10": 0.36666666666666664, "11": 1.0, "12": 0.09523809523809523, "13": 0.0, "14": 0.625, "15": 0.0, "16": 0.7575757575757576, "17": 1.0}, {"0": 0.8888888888888888, "1": 0.6666666666666666, "2": 1.0, "3": 1.0, "4": 1.0, "5": 1.0, "6": 0.9333333333333333, "7": 0.18518518518518517, "8": 0.9696969696969697, "9": 0.5555555555555556, "10": 0.6666666666666666, "11": 1.0, "12": 0.38095238095238093, "13": 0.125, "14": 0.7916666666666666, "15": 0.0, "16": 0.7575757575757576, "17": 1.0}, {"0": 1.0, "1": 0.8666666666666667, "2": 1.0, "3": 1.0, "4": 1.0, "5": 0.9583333333333334, "6": 1.0, "7": 0.2222222222222222, "8": 1.0, "9": 0.9629629629629629, "10": 0.6, "11": 1.0, "12": 0.6190476190476191, "13": 0.20833333333333334, "14": 0.8333333333333334, "15": 0.0, "16": 0.8484848484848485, "17": 1.0}, {"0": 1.0, "1": 0.8666666666666667, "2": 1.0, "3": 1.0, "4": 1.0, "5": 1.0, "6": 0.9333333333333333, "7": 0.2222222222222222, "8": 1.0, "9": 0.9259259259259259, "10": 0.5666666666666667, "11": 1.0, "12": 0.7142857142857143, "13": 0.2916666666666667, "14": 0.8333333333333334, "15": 0.0, "16": 0.8484848484848485, "17": 1.0}, {"0": 1.0, "1": 1.0, "2": 1.0, "3": 1.0, "4": 1.0, "5": 1.0, "6": 1.0, "7": 0.6666666666666666, "8": 1.0, "9": 0.9629629629629629, "10": 0.13333333333333333, "11": 1.0, "12": 0.9047619047619048, "13": 0.375, "14": 0.9166666666666666, "15": 0.0, "16": 0.8787878787878788, "17": 1.0}, {"0": 1.0, "1": 0.9333333333333333, "2": 1.0, "3": 1.0, "4": 1.0, "5": 1.0, "6": 1.0, "7": 0.4444444444444444, "8": 0.9696969696969697, "9": 0.8518518518518519, "10": 0.5333333333333333, "11": 1.0, "12": 0.9047619047619048, "13": 0.25, "14": 0.8333333333333334, "15": 0.3333333333333333, "16": 0.8787878787878788, "17": 1.0}, {"0": 1.0, "1": 0.8666666666666667, "2": 0.875, "3": 1.0, "4": 0.9259259259259259, "5": 1.0, "6": 1.0, "7": 0.4444444444444444, "8": 1.0, "9": 0.8148148148148148, "10": 0.5, "11": 1.0, "12": 0.9523809523809523, "13": 0.20833333333333334, "14": 0.7916666666666666, "15": 1.0, "16": 0.9090909090909091, "17": 1.0}, {"0": 1.0, "1": 0.8666666666666667, "2": 1.0, "3": 1.0, "4": 1.0, "5": 1.0, "6": 1.0, "7": 0.8148148148148148, "8": 1.0, "9": 1.0, "10": 0.16666666666666666, "11": 1.0, "12": 0.8095238095238095, "13": 0.125, "14": 1.0, "15": 0.3333333333333333, "16": 0.7575757575757576, "17": 1.0}, {"0": 1.0, "1": 0.9333333333333333, "2": 1.0, "3": 1.0, "4": 1.0, "5": 1.0, "6": 1.0, "7": 0.9259259259259259, "8": 1.0, "9": 1.0, "10": 0.23333333333333334, "11": 1.0, "12": 0.8571428571428571, "13": 0.125, "14": 1.0, "15": 0.6666666666666666, "16": 0.7575757575757576, "17": 1.0}, {"0": 1.0, "1": 0.9333333333333333, "2": 1.0, "3": 1.0, "4": 1.0, "5": 1.0, "6": 1.0, "7": 0.8148148148148148, "8": 1.0, "9": 1.0, "10": 0.2, "11": 1.0, "12": 0.8095238095238095, "13": 0.125, "14": 1.0, "15": 0.6666666666666666, "16": 0.7878787878787878, "17": 1.0}, {"0": 1.0, "1": 0.8666666666666667, "2": 1.0, "3": 1.0, "4": 1.0, "5": 1.0, "6": 1.0, "7": 0.8888888888888888, "8": 1.0, "9": 1.0, "10": 0.23333333333333334, "11": 1.0, "12": 0.9523809523809523, "13": 0.125, "14": 1.0, "15": 0.0, "16": 0.7878787878787878, "17": 1.0}, {"0": 1.0, "1": 1.0, "2": 1.0, "3": 1.0, "4": 1.0, "5": 1.0, "6": 1.0, "7": 0.8888888888888888, "8": 1.0, "9": 1.0, "10": 0.26666666666666666, "11": 1.0, "12": 0.8095238095238095, "13": 0.16666666666666666, "14": 1.0, "15": 0.6666666666666666, "16": 0.7878787878787878, "17": 1.0}, {"0": 1.0, "1": 1.0, "2": 1.0, "3": 1.0, "4": 1.0, "5": 1.0, "6": 1.0, "7": 0.7037037037037037, "8": 1.0, "9": 1.0, "10": 0.2, "11": 1.0, "12": 0.8571428571428571, "13": 0.125, "14": 0.9583333333333334, "15": 0.6666666666666666, "16": 0.8181818181818182, "17": 1.0}, {"0": 1.0, "1": 0.9333333333333333, "2": 0.9583333333333334, "3": 1.0, "4": 1.0, "5": 1.0, "6": 1.0, "7": 0.9259259259259259, "8": 1.0, "9": 1.0, "10": 0.3, "11": 1.0, "12": 0.9047619047619048, "13": 0.125, "14": 1.0, "15": 0.3333333333333333, "16": 0.8181818181818182, "17": 1.0}, {"0": 1.0, "1": 1.0, "2": 1.0, "3": 1.0, "4": 1.0, "5": 1.0, "6": 1.0, "7": 0.7777777777777778, "8": 1.0, "9": 1.0, "10": 0.3333333333333333, "11": 1.0, "12": 0.9523809523809523, "13": 0.125, "14": 1.0, "15": 0.3333333333333333, "16": 0.7878787878787878, "17": 1.0}, {"0": 1.0, "1": 1.0, "2": 1.0, "3": 1.0, "4": 1.0, "5": 1.0, "6": 1.0, "7": 0.8888888888888888, "8": 1.0, "9": 1.0, "10": 0.36666666666666664, "11": 1.0, "12": 0.8095238095238095, "13": 0.125, "14": 1.0, "15": 0.6666666666666666, "16": 0.8181818181818182, "17": 1.0}, {"0": 1.0, "1": 0.9333333333333333, "2": 0.9583333333333334, "3": 1.0, "4": 0.9629629629629629, "5": 1.0, "6": 1.0, "7": 0.8148148148148148, "8": 1.0, "9": 1.0, "10": 0.23333333333333334, "11": 1.0, "12": 0.8571428571428571, "13": 0.125, "14": 1.0, "15": 1.0, "16": 0.7575757575757576, "17": 1.0}, {"0": 1.0, "1": 0.9333333333333333, "2": 1.0, "3": 1.0, "4": 1.0, "5": 1.0, "6": 1.0, "7": 0.9259259259259259, "8": 1.0, "9": 1.0, "10": 0.23333333333333334, "11": 1.0, "12": 0.8571428571428571, "13": 0.125, "14": 1.0, "15": 0.0, "16": 0.7878787878787878, "17": 1.0}, {"0": 1.0, "1": 1.0, "2": 1.0, "3": 1.0, "4": 1.0, "5": 1.0, "6": 1.0, "7": 0.8888888888888888, "8": 1.0, "9": 1.0, "10": 0.3, "11": 1.0, "12": 0.8571428571428571, "13": 0.125, "14": 1.0,