{"train_loss": [3.117980581648806, 2.3457926207400384, 1.5515422947863315, 0.7866012923260952, 0.31003866677588604, 0.11723617067996492, 0.048590744152031046, 0.047507727637569955, 0.04632431688777944, 0.04078137771563327, 0.045008484828979414, 0.039420033388949456, 0.04219531937641032, 0.04062775435282829, 0.04387397160555454], "train_acc": [0.08909574151039124, 0.2739361822605133, 0.49069148302078247, 0.8417553305625916, 0.957446813583374, 0.9880319237709045, 1.0, 1.0, 1.0, 1.0, 1.0, 1.0, 1.0, 1.0, 1.0], "val_loss": [3.0059778269599464, 2.3390309810638428, 5.028929850634406, 3.0415912235484406, 3.05036766388837, 2.848130927366369, 2.528523150612326, 2.4829295382780185, 2.5050153311561134, 2.47346025354722, 2.501407644327949, 2.4796519349603092, 2.480844722074621, 2.4663250165827133, 2.4913164026596966], "val_acc": [0.06617647409439087, 0.1617647111415863, 0.0882352963089943, 0.125, 0.13970588147640228, 0.16911764442920685, 0.2720588147640228, 0.2720588147640228, 0.2867647111415863, 0.29411765933036804, 0.2647058963775635, 0.27941176295280457, 0.27941176295280457, 0.2867647111415863, 0.27941176295280457], "train_class_acc": [{"0": 0.0, "1": 0.0, "2": 0.0, "3": 0.08333333333333333, "4": 0.4074074074074074, "5": 0.0, "6": 0.0, "7": 0.18181818181818182, "8": 0.18518518518518517, "9": 0.0, "10": 0.1111111111111111, "11": 0.06666666666666667, "12": 0.030303030303030304, "13": 0.19047619047619047, "14": 0.0, "15": 0.08333333333333333, "16": 0.0, "17": 0.15151515151515152, "18": 0.0, "19": 0.0, "20": 0.36363636363636365, "21": 0.15151515151515152, "22": 0.0, "23": 0.0, "24": 0.0, "25": 0.08333333333333333, "26": 0.0, "27": 0.0, "28": 0.0, "29": 0.25, "30": 0.0, "31": 0.0, "32": 0.0}, {"0": 0.16666666666666666, "1": 0.0, "2": 0.4583333333333333, "3": 0.625, "4": 0.3333333333333333, "5": 0.5833333333333334, "6": 0.0, "7": 0.5757575757575758, "8": 0.3333333333333333, "9": 0.24242424242424243, "10": 0.25925925925925924, "11": 0.36666666666666664, "12": 0.48484848484848486, "13": 0.19047619047619047, "14": 0.125, "15": 0.25, "16": 0.0, "17": 0.45454545454545453, "18": 0.0, "19": 0.24242424242424243, "20": 0.6666666666666666, "21": 0.42424242424242425, "22": 0.0, "23": 0.0, "24": 0.0, "25": 0.125, "26": 0.037037037037037035, "27": 0.125, "28": 0.09090909090909091, "29": 0.07142857142857142, "30": 0.0, "31": 0.0, "32": 0.0}, {"0": 0.6111111111111112, "1": 0.3333333333333333, "2": 0.5, "3": 0.75, "4": 0.8518518518518519, "5": 1.0, "6": 0.6, "7": 0.5454545454545454, "8": 0.48148148148148145, "9": 0.15151515151515152, "10": 0.5555555555555556, "11": 0.26666666666666666, "12": 0.8787878787878788, "13": 0.23809523809523808, "14": 0.2916666666666667, "15": 0.625, "16": 0.0, "17": 0.7272727272727273, "18": 0.0, "19": 0.30303030303030304, "20": 1.0, "21": 0.45454545454545453, "22": 0.0, "23": 0.4074074074074074, "24": 0.08333333333333333, "25": 0.4583333333333333, "26": 0.25925925925925924, "27": 0.3333333333333333, "28": 0.3939393939393939, "29": 0.6428571428571429, "30": 0.0, "31": 0.0, "32": 0.0}, {"0": 1.0, "1": 0.8666666666666667, "2": 0.9166666666666666, "3": 0.9583333333333334, "4": 0.9629629629629629, "5": 1.0, "6": 1.0, "7": 1.0, "8": 0.5555555555555556, "9": 0.8787878787878788, "10": 0.8518518518518519, "11": 0.6666666666666666, "12": 1.0, "13": 0.7619047619047619, "14": 0.6666666666666666, "15": 0.9583333333333334, "16": 0.0, "17": 1.0, "18": 0.5333333333333333, "19": 0.9090909090909091, "20": 1.0, "21": 0.9393939393939394, "22": 0.0, "23": 0.9629629629629629, "24": 0.7083333333333334, "25": 0.7916666666666666, "26": 0.5185185185185185, "27": 0.625, "28": 0.7878787878787878, "29": 1.0, "30": 0.42857142857142855, "31": 0.0, "32": 0.3333333333333333}, {"0": 1.0, "1": 1.0, "2": 0.9166666666666666, "3": 1.0, "4": 0.9629629629629629, "5": 0.9583333333333334, "6": 1.0, "7": 1.0, "8": 0.8888888888888888, "9": 1.0, "10": 1.0, "11": 0.9, "12": 1.0, "13": 0.9523809523809523, "14": 0.875, "15": 1.0, "16": 0.0, "17": 1.0, "18": 1.0, "19": 1.0, "20": 1.0, "21": 0.8181818181818182, "22": 0.0, "23": 1.0, "24": 1.0, "25": 1.0, "26": 1.0, "27": 1.0, "28": 0.9393939393939394, "29": 1.0, "30": 1.0, "31": 0.0, "32": 0.6666666666666666}, {"0": 1.0, "1": 1.0, "2": 1.0, "3": 1.0, "4": 1.0, "5": 1.0, "6": 1.0, "7": 1.0, "8": 1.0, "9": 1.0, "10": 1.0, "11": 1.0, "12": 1.0, "13": 1.0, "14": 0.9583333333333334, "15": 0.9583333333333334, "16": 0.6666666666666666, "17": 1.0, "18": 1.0, "19": 1.0, "20": 1.0, "21": 1.0, "22": 0.0, "23": 1.0, "24": 1.0, "25": 1.0, "26": 1.0, "27": 0.9583333333333334, "28": 1.0, "29": 1.0, "30": 0.8571428571428571, "31": 0.6666666666666666, "32": 1.0}, {"0": 1.0, "1": 1.0, "2": 1.0, "3": 1.0, "4": 1.0, "5": 1.0, "6": 1.0, "7": 1.0, "8": 1.0, "9": 1.0, "10": 1.0, "11": 1.0, "12": 1.0, "13": 1.0, "14": 1.0, "15": 1.0, "16": 1.0, "17": 1.0, "18": 1.0, "19": 1.0, "20": 1.0, "21": 1.0, "22": 1.0, "23": 1.0, "24": 1.0, "25": 1.0, "26": 1.0, "27": 1.0, "28": 1.0, "29": 1.0, "30": 1.0, "31": 1.0, "32": 1.0}, {"0": 1.0, "1": 1.0, "2": 1.0, "3": 1.0, "4": 1.0, "5": 1.0, "6": 1.0, "7": 1.0, "8": 1.0, "9": 1.0, "10": 1.0, "11": 1.0, "12": 1.0, "13": 1.0, "14": 1.0, "15": 1.0, "16": 1.0, "17": 1.0, "18": 1.0, "19": 1.0, "20": 1.0, "21": 1.0, "22": 1.0, "23": 1.0, "24": 1.0, "25": 1.0, "26": 1.0, "27": 1.0, "28": 1.0, "29": 1.0, "30": 1.0, "31": 1.0, "32": 1.0}, {"0": 1.0, "1": 1.0, "2": 1.0, "3": 1.0, "4": 1.0, "5": 1.0, "6": 1.0, "7": 1.0, "8": 1.0, "9": 1.0, "10": 1.0, "11": 1.0, "12": 1.0, "13": 1.0, "14": 1.0, "15": 1.0, "16": 1.0, "17": 1.0, "18": 1.0, "19": 1.0, "20": 1.0, "21": 1.0, "22": 1.0, "23": 1.0, "24": 1.0, "25": 1.0, "26": 1.0, "27": 1.0, "28": 1.0, "29": 1.0, "30": 1.0, "31": 1.0, "32": 1.0}, {"0": 1.0, "1": 1.0, "2": 1.0, "3": 1.0, "4": 1.0, "5": 1.0, "6": 1.0, "7": 1.0, "8": 1.0, "9": 1.0, "10": 1.0, "11": 1.0, "12": 1.0, "13": 1.0, "14": 1.0, "15": 1.0, "16": 1.0, "17": 1.0, "18": 1.0, "19": 1.0, "20": 1.0, "21": 1.0, "22": 1.0, "23": 1.0, "24": 1.0, "25": 1.0, "26": 1.0, "27": 1.0, "28": 1.0, "29": 1.0, "30": 1.0, "31": 1.0, "32": 1.0}, {"0": 1.0, "1": 1.0, "2": 1.0, "3": 1.0, "4": 1.0, "5": 1.0, "6": 1.0, "7": 1.0, "8": 1.0, "9": 1.0, "10": 1.0, "11": 1.0, "12": 1.0, "13": 1.0, "14": 1.0, "15": 1.0, "16": 1.0, "17": 1.0, "18": 1.0, "19": 1.0, "20": 1.0, "21": 1.0, "22": 1.0, "23": 1.0, "24": 1.0, "25": 1.0, "26": 1.0, "27": 1.0, "28": 1.0, "29": 1.0, "30": 1.0, "31": 1.0, "32": 1.0}, {"0": 1.0, "1": 1.0, "2": 1.0, "3": 1.0, "4": 1.0, "5": 1.0, "6": 1.0, "7": 1.0, "8": 1.0, "9": 1.0, "10": 1.0, "11": 1.0, "12": 1.0, "13": 1.0, "14": 1.0, "15": 1.0, "16": 1.0, "17": 1.0, "18": 1.0, "19": 1.0, "20": 1.0, "21": 1.0, "22": 1.0, "23": 1.0, "24": 1.0, "25": 1.0, "26": 1.0, "27": 1.0, "28": 1.0, "29": 1.0, "30": 1.0, "31": 1.0, "32": 1.0}, {"0": 1.0, "1": 1.0, "2": 1.0, "3": 1.0, "4": 1.0, "5": 1.0, "6": 1.0, "7": 1.0, "8": 1.0, "9": 1.0, "10": 1.0, "11": 1.0, "12": 1.0, "13": 1.0, "14": 1.0, "15": 1.0, "16": 1.0, "17": 1.0, "18": 1.0, "19": 1.0, "20": 1.0, "21": 1.0, "22": 1.0, "23": 1.0, "24": 1.0, "25": 1.0, "26": 1.0, "27": 1.0, "28": 1.0, "29": 1.0, "30": 1.0, "31": 1.0, "32": 1.0}, {"0": 1.0, "1": 1.0, "2": 1.0, "3": 1.0, "4": 1.0, "5": 1.0, "6": 1.0, "7": 1.0, "8": 1.0, "9": 1.0, "10": 1.0, "11": 1.0, "12": 1.0, "13": 1.0, "14": 1.0, "15": 1.0, "16": 1.0, "17": 1.0, "18": 1.0, "19": 1.0, "20": 1.0, "21": 1.0, "22": 1.0, "23": 1.0, "24": 1.0, "25": 1.0, "26": 1.0, "27": 1.0, "28": 1.0, "29": 1.0, "30": 1.0, "31": 1.0, "32": 1.0}, {"0": 1.0, "1": 1.0, "2": 1.0, "3": 1.0, "4": 1.0, "5": 1.0, "6": 1.0, "7": 1.0, "8": 1.0, "9": 1.0, "10": 1.0, "11": 1.0, "12": 1.0, "13": 1.0, "14": 1.0, "15": 1.0, "16": 1.0, "17": 1.0, "18": 1.0, "19": 1.0, "20": 1.0, "21": 1.0, "22": 1.0, "23": 1.0, "24": 1.0, "25": 1.0, "26": 1.0, "27": 1.0, "28": 1.0, "29": 1.0, "30": 1.0, "31": 1.0, "32": 1.0}], "val_class_acc": [{"0": 0.0, "1": 0.0, "2": 0.0, "3": 0.0, "4": 0.0, "5": 0.0, "6": 0.0, "7": 0.0, "8": 0.0, "9": 0.0, "10": 0.0, "11": 1.0, "12": 0.0, "13": 0.0, "14": 0.0,