{"train_loss": [2.3449179590418097, 1.066241967544127, 0.6071276031853108, 0.4422537265868669, 0.3195615132872978, 0.2702947655755482, 0.21528596857960305, 0.20499434033304118, 0.1726533349059271, 0.17106381330764694, 0.1614546509187543, 0.15485753552213813], "train_acc": [0.3483146131038666, 0.6910112500190735, 0.8384831547737122, 0.8553370833396912, 0.8904494643211365, 0.8960674405097961, 0.9101123809814453, 0.9073033928871155, 0.9199438095092773, 0.9199438095092773, 0.9143258333206177, 0.9269663095474243], "val_loss": [1.85490300336222, 1.502261036024319, 1.4461003945568416, 1.4023784614923431, 1.3962683320984126, 1.4389873001519151, 1.3864963636623593, 1.4567498813463946, 1.3135761895517664, 1.3798893089369526, 1.3949493066532406, 1.350236804466548], "val_acc": [0.35433071851730347, 0.5039370059967041, 0.5590550899505615, 0.5748031735420227, 0.6299212574958801, 0.5984252095222473, 0.6220472455024719, 0.5354330539703369, 0.6299212574958801, 0.6062992215156555, 0.6141732335090637, 0.6299212574958801], "train_class_acc": [{"0": 0.5, "1": 0.2, "2": 0.625, "3": 0.2916666666666667, "4": 0.5185185185185185, "5": 0.8333333333333334, "6": 0.2, "7": 0.07407407407407407, "8": 0.3333333333333333, "9": 0.18518518518518517, "10": 0.36666666666666664, "11": 0.7272727272727273, "12": 0.3333333333333333, "13": 0.16666666666666666, "14": 0.4166666666666667, "15": 0.0, "16": 0.3333333333333333, "17": 0.13333333333333333, "18": 0.6363636363636364, "19": 0.6363636363636364, "20": 0.24242424242424243, "21": 0.0, "22": 0.18518518518518517, "23": 0.08333333333333333, "24": 0.2916666666666667, "25": 0.037037037037037035, "26": 0.041666666666666664, "27": 0.42424242424242425, "28": 0.35714285714285715, "29": 0.0, "30": 0.0}, {"0": 0.8888888888888888, "1": 0.8, "2": 0.625, "3": 0.875, "4": 1.0, "5": 1.0, "6": 0.9333333333333333, "7": 0.48148148148148145, "8": 0.9090909090909091, "9": 0.2222222222222222, "10": 0.3, "11": 1.0, "12": 0.23809523809523808, "13": 0.625, "14": 0.7083333333333334, "15": 0.0, "16": 0.696969696969697, "17": 1.0, "18": 0.8787878787878788, "19": 1.0, "20": 0.5454545454545454, "21": 0.0, "22": 0.8148148148148148, "23": 0.125, "24": 0.20833333333333334, "25": 0.7407407407407407, "26": 0.5416666666666666, "27": 1.0, "28": 0.75, "29": 0.0, "30": 0.0}, {"0": 1.0, "1": 1.0, "2": 1.0, "3": 1.0, "4": 1.0, "5": 1.0, "6": 1.0, "7": 0.2222222222222222, "8": 1.0, "9": 0.7037037037037037, "10": 0.5, "11": 1.0, "12": 0.7619047619047619, "13": 0.875, "14": 1.0, "15": 0.0, "16": 0.7878787878787878, "17": 1.0, "18": 1.0, "19": 1.0, "20": 0.8484848484848485, "21": 0.0, "22": 1.0, "23": 0.5416666666666666, "24": 0.375, "25": 1.0, "26": 0.5, "27": 1.0, "28": 0.8571428571428571, "29": 0.0, "30": 1.0}, {"0": 1.0, "1": 1.0, "2": 1.0, "3": 1.0, "4": 1.0, "5": 1.0, "6": 1.0, "7": 0.2962962962962963, "8": 1.0, "9": 0.7407407407407407, "10": 0.36666666666666664, "11": 1.0, "12": 0.9523809523809523, "13": 0.8333333333333334, "14": 1.0, "15": 0.0, "16": 0.9090909090909091, "17": 1.0, "18": 1.0, "19": 1.0, "20": 0.5151515151515151, "21": 0.3333333333333333, "22": 1.0, "23": 0.5833333333333334, "24": 0.5833333333333334, "25": 0.9629629629629629, "26": 0.8333333333333334, "27": 1.0, "28": 0.9642857142857143, "29": 0.0, "30": 1.0}, {"0": 1.0, "1": 1.0, "2": 1.0, "3": 1.0, "4": 1.0, "5": 1.0, "6": 1.0, "7": 0.4074074074074074, "8": 1.0, "9": 0.9629629629629629, "10": 0.3, "11": 1.0, "12": 0.9047619047619048, "13": 0.875, "14": 1.0, "15": 0.3333333333333333, "16": 0.9696969696969697, "17": 1.0, "18": 1.0, "19": 1.0, "20": 0.5454545454545454, "21": 0.0, "22": 1.0, "23": 0.875, "24": 0.7916666666666666, "25": 1.0, "26": 0.9583333333333334, "27": 1.0, "28": 0.9285714285714286, "29": 0.0, "30": 1.0}, {"0": 1.0, "1": 1.0, "2": 1.0, "3": 1.0, "4": 1.0, "5": 1.0, "6": 1.0, "7": 0.3333333333333333, "8": 1.0, "9": 0.8888888888888888, "10": 0.4, "11": 1.0, "12": 1.0, "13": 0.875, "14": 1.0, "15": 0.0, "16": 0.9696969696969697, "17": 1.0, "18": 1.0, "19": 1.0, "20": 0.5757575757575758, "21": 0.0, "22": 1.0, "23": 0.875, "24": 0.875, "25": 1.0, "26": 0.875, "27": 1.0, "28": 1.0, "29": 0.3333333333333333, "30": 1.0}, {"0": 1.0, "1": 1.0, "2": 1.0, "3": 1.0, "4": 1.0, "5": 1.0, "6": 1.0, "7": 0.2962962962962963, "8": 1.0, "9": 0.9259259259259259, "10": 0.4, "11": 1.0, "12": 1.0, "13": 0.875, "14": 1.0, "15": 0.3333333333333333, "16": 1.0, "17": 1.0, "18": 1.0, "19": 1.0, "20": 0.6666666666666666, "21": 0.0, "22": 1.0, "23": 0.9583333333333334, "24": 0.9166666666666666, "25": 1.0, "26": 0.9583333333333334, "27": 1.0, "28": 1.0, "29": 0.3333333333333333, "30": 1.0}, {"0": 1.0, "1": 1.0, "2": 1.0, "3": 1.0, "4": 1.0, "5": 1.0, "6": 1.0, "7": 0.37037037037037035, "8": 1.0, "9": 0.9259259259259259, "10": 0.43333333333333335, "11": 1.0, "12": 1.0, "13": 0.9166666666666666, "14": 1.0, "15": 0.0, "16": 1.0, "17": 1.0, "18": 1.0, "19": 1.0, "20": 0.48484848484848486, "21": 1.0, "22": 1.0, "23": 0.9583333333333334, "24": 0.875, "25": 1.0, "26": 0.9583333333333334, "27": 1.0, "28": 1.0, "29": 0.0, "30": 1.0}, {"0": 1.0, "1": 1.0, "2": 1.0, "3": 1.0, "4": 1.0, "5": 1.0, "6": 1.0, "7": 0.37037037037037035, "8": 1.0, "9": 1.0, "10": 0.5666666666666667, "11": 1.0, "12": 1.0, "13": 0.9166666666666666, "14": 1.0, "15": 0.6666666666666666, "16": 1.0, "17": 1.0, "18": 1.0, "19": 1.0, "20": 0.48484848484848486, "21": 0.0, "22": 1.0, "23": 1.0, "24": 0.9583333333333334, "25": 1.0, "26": 1.0, "27": 1.0, "28": 1.0, "29": 0.0, "30": 1.0}, {"0": 1.0, "1": 1.0, "2": 1.0, "3": 1.0, "4": 1.0, "5": 1.0, "6": 1.0, "7": 0.37037037037037035, "8": 1.0, "9": 0.9629629629629629, "10": 0.4666666666666667, "11": 1.0, "12": 1.0, "13": 0.9166666666666666, "14": 1.0, "15": 0.3333333333333333, "16": 1.0, "17": 1.0, "18": 1.0, "19": 1.0, "20": 0.5454545454545454, "21": 0.0, "22": 1.0, "23": 1.0, "24": 1.0, "25": 1.0, "26": 1.0, "27": 1.0, "28": 1.0, "29": 0.6666666666666666, "30": 1.0}, {"0": 1.0, "1": 1.0, "2": 1.0, "3": 1.0, "4": 1.0, "5": 1.0, "6": 1.0, "7": 0.25925925925925924, "8": 1.0, "9": 1.0, "10": 0.36666666666666664, "11": 1.0, "12": 1.0, "13": 0.875, "14": 1.0, "15": 0.0, "16": 1.0, "17": 1.0, "18": 1.0, "19": 1.0, "20": 0.5757575757575758, "21": 1.0, "22": 1.0, "23": 1.0, "24": 1.0, "25": 1.0, "26": 1.0, "27": 1.0, "28": 1.0, "29": 0.3333333333333333, "30": 1.0}, {"0": 1.0, "1": 1.0, "2": 1.0, "3": 1.0, "4": 1.0, "5": 1.0, "6": 1.0, "7": 0.37037037037037035, "8": 1.0, "9": 1.0, "10": 0.5666666666666667, "11": 1.0, "12": 1.0, "13": 1.0, "14": 1.0, "15": 1.0, "16": 1.0, "17": 1.0, "18": 1.0, "19": 1.0, "20": 0.48484848484848486, "21": 0.0, "22": 1.0, "23": 1.0, "24": 1.0, "25": 1.0, "26": 1.0, "27": 1.0, "28": 1.0, "29": 0.3333333333333333, "30": 1.0}], "val_class_acc": [{"0": 0.0, "1": 0.0, "2": 0.0, "3": 1.0, "4": 1.0, "5": 1.0, "6": 0.0, "7": 0.0, "8": 0.0, "9": 0.0, "10": 0.0, "11": 1.0, "12": 0.0, "13": 0.0, "14": 0.0, "15": 0, "16": 0.5, "17": 0, "18": 0.3333333333333333, "19": 0.6666666666666666, "20": 1.0, "21": 0, "22": 0.5, "23": 0.0, "24": 0.0, "25": 0.16666666666666666, "26": 0.0, "27": 1.0, "28": 0.0, "29": 0, "30": 0}, {"0": 0.1111111111111111, "1": 0.6666666666666666, "2": 1.0, "3": 0.5, "4": 1.0, "5": 0.5, "6": 0.8888888888888888, "7": 0.0, "8": 1.0, "9": 0.0, "10": 0.0, "11": 1.0, "12": 0.0, "13": 0.0, "14": 0.0, "15": 0, "16": 0.3333333333333333, "17": 0, "18": 1.0, "19": 0.6666666666666666, "20": 0.3333333333333333, "21": 0, "22": 0.5, "23": 0.0, "24": 0.0, "25": 0.6666666666666666, "26": 0.0, "27": 1.0, "28": 0.75, "29": 0, "30": 0}, {"0": 0.7777777777777778, "1": 0.6666666666666666, "2": 1.0, "3": 0.6666666666666666, "4": 1.0, "5": 0.5, "6": 0.6666666666666666, "7": 0.0, "8": 1.0, "9": 0.0, "10": 0.0, "11": 1.0, "12": 1.0, "13": 0.0, "14": 0.3333333333333333, "15": 0, "16": 0.16666666666666666, "17": 0, "18": 1.0, "19": 0.6666666666666666, "20": 0.3333333333333333, "21": 0, "22": 0.0, "23": 0.0, "24": 0.0, "25": 0.8333333333333334, "26": 0.16666666666666666, "27": 1.0, "28": 0.75, "29": 0,