{"train_loss": [2.1902637803152705, 0.8654053974687383, 0.38624205046825194, 0.23456472392832295, 0.1542671269245362, 0.11245982181490137, 0.10670054143064478, 0.10632686116052477], "train_acc": [0.41292133927345276, 0.7963483333587646, 0.9115168452262878, 0.9396067261695862, 0.9634831547737122, 0.9733145833015442, 0.9719101190567017, 0.9733145833015442], "val_loss": [4.417420244216919, 4.435732412338257, 4.640495014190674, 4.6556761264801025, 5.031239604949951, 5.070490837097168, 5.032384586334229, 4.9855114936828615], "val_acc": [0.02500000037252903, 0.02500000037252903, 0.0, 0.0, 0.0, 0.0, 0.0, 0.0], "train_class_acc": [{"0": 0.2222222222222222, "1": 0.0, "2": 0.5833333333333334, "3": 0.16666666666666666, "4": 0.5925925925925926, "5": 0.6666666666666666, "6": 0.3333333333333333, "7": 0.2962962962962963, "8": 0.42424242424242425, "9": 0.2222222222222222, "10": 0.6333333333333333, "11": 0.8181818181818182, "12": 0.2857142857142857, "13": 0.5, "14": 0.3333333333333333, "15": 0.0, "16": 0.6363636363636364, "17": 0.26666666666666666, "18": 0.7272727272727273, "19": 0.6666666666666666, "20": 0.6363636363636364, "21": 0.0, "22": 0.18518518518518517, "23": 0.125, "24": 0.3333333333333333, "25": 0.0, "26": 0.0, "27": 0.6363636363636364, "28": 0.21428571428571427, "29": 0.0, "30": 0.0}, {"0": 0.7777777777777778, "1": 0.6, "2": 0.75, "3": 0.9166666666666666, "4": 0.7037037037037037, "5": 1.0, "6": 1.0, "7": 0.8888888888888888, "8": 0.9393939393939394, "9": 0.5555555555555556, "10": 0.8, "11": 1.0, "12": 0.8571428571428571, "13": 1.0, "14": 0.5833333333333334, "15": 0.0, "16": 0.9090909090909091, "17": 0.9333333333333333, "18": 0.696969696969697, "19": 1.0, "20": 0.9696969696969697, "21": 0.0, "22": 0.7037037037037037, "23": 0.2916666666666667, "24": 0.375, "25": 0.6666666666666666, "26": 0.875, "27": 1.0, "28": 0.8571428571428571, "29": 0.0, "30": 0.0}, {"0": 1.0, "1": 1.0, "2": 1.0, "3": 1.0, "4": 0.5925925925925926, "5": 1.0, "6": 1.0, "7": 0.9629629629629629, "8": 1.0, "9": 0.9629629629629629, "10": 1.0, "11": 1.0, "12": 1.0, "13": 1.0, "14": 0.7083333333333334, "15": 1.0, "16": 0.9090909090909091, "17": 1.0, "18": 0.8181818181818182, "19": 1.0, "20": 1.0, "21": 0.6666666666666666, "22": 0.8148148148148148, "23": 0.75, "24": 0.6666666666666666, "25": 0.7407407407407407, "26": 0.7916666666666666, "27": 1.0, "28": 1.0, "29": 1.0, "30": 0.3333333333333333}, {"0": 1.0, "1": 1.0, "2": 1.0, "3": 1.0, "4": 0.7777777777777778, "5": 1.0, "6": 1.0, "7": 1.0, "8": 1.0, "9": 0.9629629629629629, "10": 1.0, "11": 1.0, "12": 1.0, "13": 1.0, "14": 0.5, "15": 1.0, "16": 1.0, "17": 1.0, "18": 0.9090909090909091, "19": 1.0, "20": 1.0, "21": 1.0, "22": 0.8518518518518519, "23": 0.8333333333333334, "24": 0.9166666666666666, "25": 0.8148148148148148, "26": 0.875, "27": 1.0, "28": 0.8928571428571429, "29": 1.0, "30": 1.0}, {"0": 1.0, "1": 1.0, "2": 1.0, "3": 1.0, "4": 0.6296296296296297, "5": 1.0, "6": 1.0, "7": 1.0, "8": 1.0, "9": 0.9629629629629629, "10": 1.0, "11": 1.0, "12": 1.0, "13": 1.0, "14": 0.7083333333333334, "15": 1.0, "16": 1.0, "17": 1.0, "18": 0.9090909090909091, "19": 1.0, "20": 1.0, "21": 1.0, "22": 0.9629629629629629, "23": 1.0, "24": 0.9583333333333334, "25": 0.8888888888888888, "26": 1.0, "27": 1.0, "28": 1.0, "29": 1.0, "30": 1.0}, {"0": 1.0, "1": 1.0, "2": 1.0, "3": 1.0, "4": 0.4444444444444444, "5": 1.0, "6": 1.0, "7": 1.0, "8": 1.0, "9": 1.0, "10": 1.0, "11": 1.0, "12": 1.0, "13": 1.0, "14": 1.0, "15": 1.0, "16": 1.0, "17": 1.0, "18": 1.0, "19": 1.0, "20": 1.0, "21": 1.0, "22": 0.8888888888888888, "23": 1.0, "24": 1.0, "25": 1.0, "26": 1.0, "27": 1.0, "28": 0.9642857142857143, "29": 1.0, "30": 1.0}, {"0": 1.0, "1": 1.0, "2": 1.0, "3": 1.0, "4": 0.4444444444444444, "5": 1.0, "6": 1.0, "7": 1.0, "8": 1.0, "9": 1.0, "10": 1.0, "11": 1.0, "12": 1.0, "13": 1.0, "14": 1.0, "15": 1.0, "16": 1.0, "17": 1.0, "18": 0.9696969696969697, "19": 1.0, "20": 1.0, "21": 1.0, "22": 0.8888888888888888, "23": 1.0, "24": 1.0, "25": 1.0, "26": 1.0, "27": 1.0, "28": 0.9642857142857143, "29": 1.0, "30": 1.0}, {"0": 1.0, "1": 1.0, "2": 1.0, "3": 1.0, "4": 0.4444444444444444, "5": 1.0, "6": 1.0, "7": 1.0, "8": 1.0, "9": 1.0, "10": 1.0, "11": 1.0, "12": 1.0, "13": 1.0, "14": 1.0, "15": 1.0, "16": 1.0, "17": 1.0, "18": 1.0, "19": 1.0, "20": 1.0, "21": 1.0, "22": 0.8888888888888888, "23": 1.0, "24": 1.0, "25": 1.0, "26": 1.0, "27": 1.0, "28": 0.9642857142857143, "29": 1.0, "30": 1.0}], "val_class_acc": [{"0": 0.16666666666666666, "1": 0.0, "2": 0.0, "3": 0.0, "4": 0, "5": 0.0, "6": 0.0, "7": 0.0, "8": 0, "9": 0, "10": 0, "11": 0, "12": 0, "13": 0, "14": 0, "15": 0, "16": 0, "17": 0, "18": 0, "19": 0, "20": 0, "21": 0, "22": 0, "23": 0, "24": 0, "25": 0, "26": 0, "27": 0, "28": 0, "29": 0, "30": 0}, {"0": 0.16666666666666666, "1": 0.0, "2": 0.0, "3": 0.0, "4": 0, "5": 0.0, "6": 0.0, "7": 0.0, "8": 0, "9": 0, "10": 0, "11": 0, "12": 0, "13": 0, "14": 0, "15": 0, "16": 0, "17": 0, "18": 0, "19": 0, "20": 0, "21": 0, "22": 0, "23": 0, "24": 0, "25": 0, "26": 0, "27": 0, "28": 0, "29": 0, "30": 0}, {"0": 0.0, "1": 0.0, "2": 0.0, "3": 0.0, "4": 0, "5": 0.0, "6": 0.0, "7": 0.0, "8": 0, "9": 0, "10": 0, "11": 0, "12": 0, "13": 0, "14": 0, "15": 0, "16": 0, "17": 0, "18": 0, "19": 0, "20": 0, "21": 0, "22": 0, "23": 0, "24": 0, "25": 0, "26": 0, "27": 0, "28": 0, "29": 0, "30": 0}, {"0": 0.0, "1": 0.0, "2": 0.0, "3": 0.0, "4": 0, "5": 0.0, "6": 0.0, "7": 0.0, "8": 0, "9": 0, "10": 0, "11": 0, "12": 0, "13": 0, "14": 0, "15": 0, "16": 0, "17": 0, "18": 0, "19": 0, "20": 0, "21": 0, "22": 0, "23": 0, "24": 0, "25": 0, "26": 0, "27": 0, "28": 0, "29": 0, "30": 0}, {"0": 0.0, "1": 0.0, "2": 0.0, "3": 0.0, "4": 0, "5": 0.0, "6": 0.0, "7": 0.0, "8": 0, "9": 0, "10": 0, "11": 0, "12": 0, "13": 0, "14": 0, "15": 0, "16": 0, "17": 0, "18": 0, "19": 0, "20": 0, "21": 0, "22": 0, "23": 0, "24": 0, "25": 0, "26": 0, "27": 0, "28": 0, "29": 0, "30": 0}, {"0": 0.0, "1": 0.0, "2": 0.0, "3": 0.0, "4": 0, "5": 0.0, "6": 0.0, "7": 0.0, "8": 0, "9": 0, "10": 0, "11": 0, "12": 0, "13": 0, "14": 0, "15": 0, "16": 0, "17": 0, "18": 0, "19": 0, "20": 0, "21": 0, "22": 0, "23": 0, "24": 0, "25": 0, "26": 0, "27": 0, "28": 0, "29": 0, "30": 0}, {"0": 0.0, "1": 0.0, "2": 0.0, "3": 0.0, "4": 0, "5": 0.0, "6": 0.0, "7": 0.0, "8": 0, "9": 0, "10": 0, "11": 0, "12": 0, "13": 0, "14": 0, "15": 0, "16": 0, "17": 0, "18": 0, "19": 0, "20": 0, "21": 0, "22": 0, "23": 0, "24": 0, "25": 0, "26": 0, "27": 0, "28": 0, "29": 0, "30": 0}, {"0": 0.0, "1": 0.0, "2": 0.0, "3": 0.0, "4": 0, "5": 0.0, "6": 0.0, "7": 0.0, "8": 0, "9": 0, "10": 0, "11": 0, "12": 0, "13": 0, "14": 0, "15": 0, "16": 0, "17": 0, "18": 0, "19": 0, "20": 0, "21": 0, "22": 0, "23": 0, "24": 0, "25": 0, "26": 0, "27": 0, "28": 0, "29": 0, "30": 0}], "test_loss": 1.5710362360018109, "test_acc": 0.40366971492767334, "test_class_acc": {"0": 0.0, "1": 0.0, "2": 0.0, "3": 1.0, "4": 0.0, "5": 1.0, "6": 0.0, "7": 1.0, "8": 0.5, "9": 0.6666666666666666, "10": 0.0, "11": 0.5, "12": 0.0, "13": 1.0, "14": 1.0, "15": 0, "16": 0.5, "17": 0, "18": 0.16666666666666666, "19": 0.3333333333333333, "20": 0.0, "21": 0, "22": 0.25, "23": 0.0, "24": 0.0, "25": 0.0, "26": 0, "27": 1.0, "28": 0.3333333333333333, "29": 0, "30": 0}}