{"train_loss": [2.360927645822795, 1.6018824199978396, 1.172731582066424, 0.8834264682923003, 0.7191062639657256, 0.6551960877877631, 0.5085863785492145, 0.41281857421929885, 0.36379075200437644, 0.35373914572332116, 0.35947760153445696, 0.3542915903907314, 0.35234036905874166, 0.3532468402664438, 0.36192209775642237, 0.3555873469036403, 0.36094355865491096, 0.3569445154078001], "train_acc": [0.3573141396045685, 0.5659472346305847, 0.6954436302185059, 0.7505995035171509, 0.7961630821228027, 0.7913669347763062, 0.8369304537773132, 0.8752997517585754, 0.8561151027679443, 0.8752997517585754, 0.8776978254318237, 0.8681055307388306, 0.8848921060562134, 0.8824940323829651, 0.853717029094696, 0.8657074570655823, 0.8561151027679443, 0.8729016780853271], "val_loss": [1.939573096640316, 1.571230979613316, 1.2525777728469283, 1.0669985052980022, 1.0908380894013394, 1.1268675415604203, 1.1309601024345115, 1.2478721141815186, 1.244249200379407, 1.2417279143392304, 1.2402268456824033, 1.2382363147205777, 1.2382288118939342, 1.2382132690629841, 1.2381798757447138, 1.238167060746087, 1.2381666037771437, 1.238145469147482], "val_acc": [0.4444444477558136, 0.5061728358268738, 0.5679012537002563, 0.6666666865348816, 0.654321014881134, 0.6913580298423767, 0.6913580298423767, 0.6296296119689941, 0.6172839403152466, 0.6172839403152466, 0.6172839403152466, 0.604938268661499, 0.604938268661499, 0.604938268661499, 0.604938268661499, 0.604938268661499, 0.604938268661499, 0.604938268661499], "train_class_acc": [{"0": 0.1111111111111111, "1": 0.0, "2": 0.4166666666666667, "3": 0.4166666666666667, "4": 0.6296296296296297, "5": 0.7916666666666666, "6": 0.13333333333333333, "7": 0.0, "8": 0.5151515151515151, "9": 0.37037037037037035, "10": 0.5, "11": 0.696969696969697, "12": 0.38095238095238093, "13": 0.0, "14": 0.25, "15": 0.0, "16": 0.21212121212121213, "17": 0.2}, {"0": 0.6111111111111112, "1": 0.0, "2": 0.9166666666666666, "3": 0.9583333333333334, "4": 1.0, "5": 0.9583333333333334, "6": 0.0, "7": 0.2222222222222222, "8": 0.6060606060606061, "9": 0.2222222222222222, "10": 0.3, "11": 0.9090909090909091, "12": 0.0, "13": 0.375, "14": 0.375, "15": 0.0, "16": 0.9090909090909091, "17": 0.7333333333333333}, {"0": 0.8333333333333334, "1": 0.3333333333333333, "2": 0.9583333333333334, "3": 1.0, "4": 1.0, "5": 0.9583333333333334, "6": 0.4666666666666667, "7": 0.14814814814814814, "8": 0.9090909090909091, "9": 0.7037037037037037, "10": 0.7333333333333333, "11": 1.0, "12": 0.14285714285714285, "13": 0.125, "14": 0.625, "15": 0.0, "16": 0.6666666666666666, "17": 1.0}, {"0": 0.9444444444444444, "1": 0.3333333333333333, "2": 1.0, "3": 0.9583333333333334, "4": 1.0, "5": 1.0, "6": 0.8, "7": 0.6296296296296297, "8": 1.0, "9": 0.8888888888888888, "10": 0.3, "11": 1.0, "12": 0.09523809523809523, "13": 0.125, "14": 0.7083333333333334, "15": 0.0, "16": 0.8484848484848485, "17": 1.0}, {"0": 1.0, "1": 0.6666666666666666, "2": 1.0, "3": 1.0, "4": 1.0, "5": 1.0, "6": 1.0, "7": 0.18518518518518517, "8": 1.0, "9": 0.9259259259259259, "10": 0.6, "11": 1.0, "12": 0.23809523809523808, "13": 0.375, "14": 0.7083333333333334, "15": 0.0, "16": 0.9090909090909091, "17": 1.0}, {"0": 1.0, "1": 0.8666666666666667, "2": 0.9583333333333334, "3": 1.0, "4": 1.0, "5": 1.0, "6": 1.0, "7": 0.2962962962962963, "8": 1.0, "9": 0.7037037037037037, "10": 0.3333333333333333, "11": 1.0, "12": 0.42857142857142855, "13": 0.5833333333333334, "14": 0.75, "15": 0.0, "16": 0.8181818181818182, "17": 1.0}, {"0": 1.0, "1": 1.0, "2": 1.0, "3": 1.0, "4": 1.0, "5": 1.0, "6": 1.0, "7": 0.2962962962962963, "8": 1.0, "9": 0.8888888888888888, "10": 0.6666666666666666, "11": 1.0, "12": 0.8095238095238095, "13": 0.125, "14": 0.7916666666666666, "15": 0.0, "16": 0.9090909090909091, "17": 1.0}, {"0": 1.0, "1": 1.0, "2": 1.0, "3": 1.0, "4": 1.0, "5": 1.0, "6": 1.0, "7": 0.4074074074074074, "8": 1.0, "9": 1.0, "10": 0.5, "11": 1.0, "12": 0.9523809523809523, "13": 0.4583333333333333, "14": 0.9166666666666666, "15": 0.0, "16": 0.9393939393939394, "17": 1.0}, {"0": 1.0, "1": 1.0, "2": 1.0, "3": 1.0, "4": 1.0, "5": 1.0, "6": 1.0, "7": 0.2222222222222222, "8": 1.0, "9": 1.0, "10": 0.5666666666666667, "11": 1.0, "12": 0.9523809523809523, "13": 0.2916666666666667, "14": 0.875, "15": 0.0, "16": 0.9393939393939394, "17": 1.0}, {"0": 1.0, "1": 1.0, "2": 0.9583333333333334, "3": 1.0, "4": 1.0, "5": 1.0, "6": 1.0, "7": 0.2962962962962963, "8": 1.0, "9": 1.0, "10": 0.7333333333333333, "11": 1.0, "12": 0.9523809523809523, "13": 0.2916666666666667, "14": 0.9583333333333334, "15": 0.0, "16": 0.9393939393939394, "17": 1.0}, {"0": 1.0, "1": 0.9333333333333333, "2": 1.0, "3": 1.0, "4": 1.0, "5": 1.0, "6": 1.0, "7": 0.37037037037037035, "8": 1.0, "9": 1.0, "10": 0.7, "11": 1.0, "12": 1.0, "13": 0.20833333333333334, "14": 1.0, "15": 0.0, "16": 0.9393939393939394, "17": 1.0}, {"0": 1.0, "1": 1.0, "2": 1.0, "3": 1.0, "4": 1.0, "5": 1.0, "6": 1.0, "7": 0.25925925925925924, "8": 1.0, "9": 1.0, "10": 0.7, "11": 1.0, "12": 0.9523809523809523, "13": 0.20833333333333334, "14": 0.9583333333333334, "15": 0.0, "16": 0.9393939393939394, "17": 1.0}, {"0": 1.0, "1": 1.0, "2": 1.0, "3": 1.0, "4": 1.0, "5": 1.0, "6": 1.0, "7": 0.3333333333333333, "8": 1.0, "9": 1.0, "10": 0.7, "11": 1.0, "12": 1.0, "13": 0.3333333333333333, "14": 1.0, "15": 0.0, "16": 0.9393939393939394, "17": 1.0}, {"0": 1.0, "1": 1.0, "2": 1.0, "3": 1.0, "4": 1.0, "5": 1.0, "6": 1.0, "7": 0.25925925925925924, "8": 1.0, "9": 1.0, "10": 0.8333333333333334, "11": 1.0, "12": 0.9047619047619048, "13": 0.2916666666666667, "14": 1.0, "15": 0.0, "16": 0.9393939393939394, "17": 1.0}, {"0": 1.0, "1": 1.0, "2": 0.9583333333333334, "3": 1.0, "4": 1.0, "5": 1.0, "6": 1.0, "7": 0.3333333333333333, "8": 1.0, "9": 1.0, "10": 0.5, "11": 1.0, "12": 0.9523809523809523, "13": 0.25, "14": 0.875, "15": 0.0, "16": 0.9393939393939394, "17": 1.0}, {"0": 1.0, "1": 1.0, "2": 1.0, "3": 1.0, "4": 1.0, "5": 1.0, "6": 1.0, "7": 0.2222222222222222, "8": 1.0, "9": 1.0, "10": 0.7333333333333333, "11": 1.0, "12": 0.8571428571428571, "13": 0.20833333333333334, "14": 1.0, "15": 0.0, "16": 0.9393939393939394, "17": 1.0}, {"0": 1.0, "1": 1.0, "2": 1.0, "3": 1.0, "4": 1.0, "5": 1.0, "6": 1.0, "7": 0.1111111111111111, "8": 1.0, "9": 1.0, "10": 0.6, "11": 1.0, "12": 0.9523809523809523, "13": 0.2916666666666667, "14": 0.9583333333333334, "15": 0.0, "16": 0.9393939393939394, "17": 1.0}, {"0": 1.0, "1": 1.0, "2": 1.0, "3": 1.0, "4": 1.0, "5": 1.0, "6": 1.0, "7": 0.25925925925925924, "8": 1.0, "9": 1.0, "10": 0.7666666666666667, "11": 1.0, "12": 0.9523809523809523, "13": 0.25, "14": 0.9166666666666666, "15": 0.0, "16": 0.9393939393939394, "17": 1.0}], "val_class_acc": [{"0": 0.0, "1": 0.0, "2": 1.0, "3": 0.6666666666666666, "4": 1.0, "5": 1.0, "6": 0.0, "7": 0.0, "8": 1.0, "9": 0.0, "10": 1.0, "11": 0.7777777777777778, "12": 0.0, "13": 0.0, "14": 0.0, "15": 0, "16": 0.6666666666666666, "17": 0}, {"0": 0.5555555555555556, "1": 0.0, "2": 1.0, "3": 0.8333333333333334, "4": 1.0, "5": 1.0, "6": 0.0, "7": 0.0, "8": 0.5, "9": 0.16666666666666666, "10": 1.0, "11": 0.7777777777777778, "12": 0.0, "13": 0.0, "14": 0.0, "15": 0, "16": 0.8333333333333334, "17": 0}, {"0": 0.6666666666666666, "1": 0.0, "2": 0.6666666666666666, "3": 1.0, "4": 1.0, "5": 0.6666666666666666, "6": 0.1111111111111111, "7": 1.0, "8": 1.0, "9": 0.16666666666666666, "10": 0.0, "11": 0.8888888888888888, "12": 0.0, "13": 0.0, "14": 0.0, "15": 0, "16": 1.0, "17": 0}, {"0": 0.6666666666666666, "1": 0.0, "2": 0.6666666666666666, "3": 1.0, "4": 1.0, "5": 0.5, "6": 1.0, "7": 0.0, "8": 1.0, "9": 0.16666666666666666, "10": 1.0, "11": 1.0, "12": 0.0, "13": 0.0, "14": 0.0, "15": 0, "16": 1.0, "17": 0}, {"0": 0.6666666666666666, "1": 0.6666666666666666, "2": 0.3333333333333333, "3": 1.0, "4": 1.0, "5": 0.5, "6": 1.0, "7": 1.0, "8": 1.0, "9": 0.0, "10": 0.0, "11": 1.0, "12": 0.0, "13": 0.0, "14": 0.0, "15": 0, "16": 0.8333333333333334, "17": 0}, {"0": 0.6666666666666666, "1": 0.6666666666666666,