{"train_loss": [2.8997749398263655, 1.9309601582837908, 1.2591630803065355, 0.8447691295923812, 0.5360777738054147, 0.42435779682036195, 0.40206072303686247, 0.391202861338519, 0.3747082885061757, 0.37649333610963287, 0.37225233537427493, 0.3815489563714252], "train_acc": [0.2078651636838913, 0.5280898809432983, 0.7345505356788635, 0.8286516666412354, 0.9016854166984558, 0.9382022619247437, 0.9508426785469055, 0.9438202381134033, 0.9508426785469055, 0.9466292262077332, 0.9522472023963928, 0.9438202381134033], "val_loss": [3.6590292930603026, 4.076527833938599, 4.385879850387573, 4.949800968170166, 4.94972858428955, 5.00747127532959, 5.045708084106446, 5.076482963562012, 5.103161239624024, 5.103267574310303, 5.103407192230224, 5.10356388092041], "val_acc": [0.0, 0.0, 0.0, 0.0, 0.0, 0.0, 0.0, 0.0, 0.0, 0.0, 0.0, 0.0], "train_class_acc": [{"0": 0.0, "1": 0.0, "2": 0.0, "3": 0.375, "4": 0.18518518518518517, "5": 0.75, "6": 0.06666666666666667, "7": 0.07407407407407407, "8": 0.24242424242424243, "9": 0.037037037037037035, "10": 0.23333333333333334, "11": 0.30303030303030304, "12": 0.0, "13": 0.041666666666666664, "14": 0.08333333333333333, "15": 0.0, "16": 0.3333333333333333, "17": 0.13333333333333333, "18": 0.5151515151515151, "19": 0.42424242424242425, "20": 0.5757575757575758, "21": 0.0, "22": 0.18518518518518517, "23": 0.0, "24": 0.20833333333333334, "25": 0.037037037037037035, "26": 0.0, "27": 0.24242424242424243, "28": 0.07142857142857142, "29": 0.0, "30": 0.0}, {"0": 0.05555555555555555, "1": 0.06666666666666667, "2": 0.25, "3": 0.75, "4": 0.8888888888888888, "5": 1.0, "6": 0.13333333333333333, "7": 0.48148148148148145, "8": 0.8181818181818182, "9": 0.3333333333333333, "10": 0.4666666666666667, "11": 1.0, "12": 0.38095238095238093, "13": 0.25, "14": 0.125, "15": 0.0, "16": 0.696969696969697, "17": 0.8666666666666667, "18": 0.5454545454545454, "19": 0.9393939393939394, "20": 0.7878787878787878, "21": 0.0, "22": 0.6296296296296297, "23": 0.0, "24": 0.20833333333333334, "25": 0.18518518518518517, "26": 0.20833333333333334, "27": 0.9696969696969697, "28": 0.42857142857142855, "29": 0.0, "30": 0.0}, {"0": 0.7777777777777778, "1": 0.0, "2": 0.9166666666666666, "3": 0.9583333333333334, "4": 0.7037037037037037, "5": 1.0, "6": 0.8, "7": 0.4444444444444444, "8": 0.9696969696969697, "9": 0.5925925925925926, "10": 0.6, "11": 0.9696969696969697, "12": 0.7619047619047619, "13": 0.875, "14": 0.2916666666666667, "15": 0.0, "16": 0.9090909090909091, "17": 1.0, "18": 0.9393939393939394, "19": 1.0, "20": 0.9696969696969697, "21": 0.0, "22": 0.5555555555555556, "23": 0.125, "24": 0.625, "25": 0.5555555555555556, "26": 0.5833333333333334, "27": 1.0, "28": 0.6785714285714286, "29": 0.0, "30": 0.0}, {"0": 0.8333333333333334, "1": 0.4, "2": 0.8333333333333334, "3": 1.0, "4": 0.8148148148148148, "5": 1.0, "6": 0.9333333333333333, "7": 0.8148148148148148, "8": 1.0, "9": 0.8148148148148148, "10": 0.7666666666666667, "11": 1.0, "12": 0.9523809523809523, "13": 0.9583333333333334, "14": 0.7083333333333334, "15": 0.3333333333333333, "16": 0.9696969696969697, "17": 1.0, "18": 0.9393939393939394, "19": 1.0, "20": 1.0, "21": 0.0, "22": 0.7407407407407407, "23": 0.16666666666666666, "24": 0.5833333333333334, "25": 0.5925925925925926, "26": 0.625, "27": 1.0, "28": 0.8571428571428571, "29": 0.3333333333333333, "30": 0.0}, {"0": 0.8888888888888888, "1": 0.7333333333333333, "2": 0.875, "3": 0.9583333333333334, "4": 0.8518518518518519, "5": 1.0, "6": 1.0, "7": 0.9629629629629629, "8": 1.0, "9": 1.0, "10": 0.9, "11": 1.0, "12": 0.9523809523809523, "13": 1.0, "14": 0.5416666666666666, "15": 1.0, "16": 1.0, "17": 1.0, "18": 0.9696969696969697, "19": 1.0, "20": 1.0, "21": 0.0, "22": 0.8148148148148148, "23": 0.5416666666666666, "24": 0.7916666666666666, "25": 0.7407407407407407, "26": 0.875, "27": 1.0, "28": 0.9642857142857143, "29": 0.6666666666666666, "30": 0.0}, {"0": 1.0, "1": 0.26666666666666666, "2": 0.9583333333333334, "3": 1.0, "4": 0.9629629629629629, "5": 1.0, "6": 1.0, "7": 0.9629629629629629, "8": 1.0, "9": 1.0, "10": 1.0, "11": 1.0, "12": 1.0, "13": 1.0, "14": 0.5, "15": 1.0, "16": 1.0, "17": 1.0, "18": 0.9090909090909091, "19": 0.9696969696969697, "20": 1.0, "21": 1.0, "22": 0.8518518518518519, "23": 1.0, "24": 0.875, "25": 0.8888888888888888, "26": 0.8333333333333334, "27": 1.0, "28": 1.0, "29": 1.0, "30": 1.0}, {"0": 1.0, "1": 0.4666666666666667, "2": 1.0, "3": 1.0, "4": 0.9629629629629629, "5": 1.0, "6": 1.0, "7": 0.9629629629629629, "8": 1.0, "9": 1.0, "10": 1.0, "11": 1.0, "12": 1.0, "13": 1.0, "14": 0.5416666666666666, "15": 1.0, "16": 1.0, "17": 1.0, "18": 0.9696969696969697, "19": 0.9696969696969697, "20": 1.0, "21": 0.6666666666666666, "22": 0.8518518518518519, "23": 1.0, "24": 0.9583333333333334, "25": 0.8888888888888888, "26": 0.9166666666666666, "27": 1.0, "28": 1.0, "29": 1.0, "30": 0.6666666666666666}, {"0": 1.0, "1": 0.4, "2": 1.0, "3": 1.0, "4": 0.8888888888888888, "5": 1.0, "6": 1.0, "7": 0.9629629629629629, "8": 1.0, "9": 1.0, "10": 1.0, "11": 1.0, "12": 1.0, "13": 1.0, "14": 0.5416666666666666, "15": 0.3333333333333333, "16": 1.0, "17": 1.0, "18": 1.0, "19": 0.9696969696969697, "20": 1.0, "21": 1.0, "22": 0.7777777777777778, "23": 1.0, "24": 0.9583333333333334, "25": 0.8888888888888888, "26": 0.9166666666666666, "27": 1.0, "28": 1.0, "29": 1.0, "30": 0.6666666666666666}, {"0": 1.0, "1": 0.5333333333333333, "2": 1.0, "3": 1.0, "4": 0.8518518518518519, "5": 1.0, "6": 1.0, "7": 0.9629629629629629, "8": 1.0, "9": 1.0, "10": 1.0, "11": 1.0, "12": 1.0, "13": 1.0, "14": 0.5, "15": 0.6666666666666666, "16": 1.0, "17": 1.0, "18": 0.9090909090909091, "19": 1.0, "20": 1.0, "21": 1.0, "22": 0.9629629629629629, "23": 1.0, "24": 1.0, "25": 0.8148148148148148, "26": 0.9583333333333334, "27": 1.0, "28": 1.0, "29": 1.0, "30": 1.0}, {"0": 1.0, "1": 0.4666666666666667, "2": 1.0, "3": 1.0, "4": 0.9259259259259259, "5": 1.0, "6": 1.0, "7": 0.9629629629629629, "8": 1.0, "9": 1.0, "10": 1.0, "11": 1.0, "12": 1.0, "13": 1.0, "14": 0.625, "15": 1.0, "16": 1.0, "17": 1.0, "18": 0.9696969696969697, "19": 1.0, "20": 1.0, "21": 1.0, "22": 0.8148148148148148, "23": 0.9166666666666666, "24": 1.0, "25": 0.8148148148148148, "26": 0.8333333333333334, "27": 1.0, "28": 1.0, "29": 1.0, "30": 0.6666666666666666}, {"0": 1.0, "1": 0.5333333333333333, "2": 1.0, "3": 1.0, "4": 0.9629629629629629, "5": 1.0, "6": 1.0, "7": 1.0, "8": 1.0, "9": 1.0, "10": 1.0, "11": 1.0, "12": 1.0, "13": 1.0, "14": 0.4583333333333333, "15": 1.0, "16": 1.0, "17": 1.0, "18": 0.9393939393939394, "19": 1.0, "20": 1.0, "21": 0.6666666666666666, "22": 0.9629629629629629, "23": 0.9583333333333334, "24": 0.9583333333333334, "25": 0.8148148148148148, "26": 0.9166666666666666, "27": 1.0, "28": 1.0, "29": 1.0, "30": 1.0}, {"0": 0.9444444444444444, "1": 0.5333333333333333, "2": 1.0, "3": 1.0, "4": 0.8888888888888888, "5": 1.0, "6": 1.0, "7": 1.0, "8": 1.0, "9": 1.0, "10": 0.9666666666666667, "11": 1.0, "12": 1.0, "13": 1.0, "14": 0.5, "15": 1.0, "16": 1.0, "17": 1.0, "18": 0.9696969696969697, "19": 1.0, "20": 1.0, "21": 1.0, "22": 0.8148148148148148, "23": 0.9583333333333334, "24": 0.9583333333333334, "25": 0.7777777777777778, "26": 0.9166666666666666, "27": 1.0, "28": 1.0, "29": 1.0, "30": 1.0}], "val_class_acc": [{"0": 0.0, "1": 0.0, "2": 0.0, "3": 0.0, "4": 0, "5": 0.0, "6": 0.0, "7": 0.0, "8": 0, "9": 0, "10": 0, "11": 0, "12": 0, "13": 0, "14": 0, "15": 0, "16": 0, "17": 0, "18": 0, "19": 0, "20": 0, "21": 0, "22": 0, "23": 0, "24": 0, "25": 0, "26": 0, "27": 0, "28": 0, "29": 0, "30": 0}, {"0": 0.0, "1": 0.0, "2": 0.0, "3": 0.0, "4": 0, "5": 0.0, "6": 0.0, "7": 0.0, "8": 0, "9": 0, "10": 0, "11": 0, "12": 0, "13": 0, "14": 0, "15": 0, "16": 0, "17": 0, "18": 0, "19": 0, "20": 0, "21": 0, "22": 0, "23": 0, "24": 0, "25": 0, "26": 0, "27": 0, "28": 0, "29": 0, "30": 0}, {"0": 0.0, "1": 0.0, "2": 0.0, "3": 0.0, "4": 0, "5": 0.0, "6": 0.0, "7": 0.0, "8": 0, "9": 0, "10": 0, "11": 0, "12": 0, "13": 0, "14": 0, "15": 0, "16": 0,