{"train_loss": [1.7278743636408012, 0.5154169600644558, 0.2078487409962167, 0.13123639367467207, 0.09442741836575295, 0.0860991160646617, 0.08262061979844988, 0.08071280533461261, 0.07844110308505363, 0.0771960929858027, 0.08111810848581419, 0.08062779724740868, 0.0796387067658724, 0.07923181744502317, 0.08208986287780232, 0.08004106699133949, 0.07974985156127874, 0.08181810157476284, 0.08316249312828485, 0.08224015405995669, 0.07820237633421552, 0.07878903133406055, 0.08062372547831181, 0.08370253022054402, 0.0845870145504995, 0.08171683978691376, 0.07859459204925336, 0.08116211901179893, 0.08446567907607813, 0.08310593982680524, 0.07935844915662166, 0.08228860163002563, 0.07814472749364748], "train_acc": [0.5083932876586914, 0.9256594777107239, 0.9592326283454895, 0.971222996711731, 0.9760192036628723, 0.9688249230384827, 0.973621129989624, 0.9760192036628723, 0.9760192036628723, 0.973621129989624, 0.9784172773361206, 0.973621129989624, 0.9784172773361206, 0.9760192036628723, 0.9760192036628723, 0.9760192036628723, 0.973621129989624, 0.971222996711731, 0.9760192036628723, 0.971222996711731, 0.9784172773361206, 0.973621129989624, 0.9784172773361206, 0.9808153510093689, 0.971222996711731, 0.973621129989624, 0.9760192036628723, 0.971222996711731, 0.9760192036628723, 0.973621129989624, 0.973621129989624, 0.9832134246826172, 0.9760192036628723], "val_loss": [3.561831933480722, 3.81433755380136, 3.9096807373894586, 4.295671056818079, 4.403430267616555, 4.350063641866048, 4.324358940124512, 4.376356336805555, 4.474650135746709, 4.357583081280744, 4.591468881677698, 4.63386834109271, 4.231965312251338, 4.200802467487477, 4.140825713122332, 4.526604970296224, 4.55776474210951, 4.362231077971281, 4.388415477893971, 4.627051388775861, 4.297928898422806, 4.468389828999837, 4.352688065281621, 4.539424437063712, 4.487524332823576, 4.2295790248447, 4.226379730083324, 4.331800690403691, 4.469665509683114, 4.173946698506673, 4.4436014493306475, 4.373328544475414, 4.541562751487449], "val_acc": [0.0, 0.03703703731298447, 0.07407407462596893, 0.0, 0.0, 0.0, 0.0, 0.0, 0.0, 0.0, 0.0, 0.0, 0.0, 0.0, 0.0, 0.0, 0.0, 0.0, 0.0, 0.0, 0.0, 0.0, 0.0, 0.0, 0.0, 0.03703703731298447, 0.0, 0.0, 0.0, 0.03703703731298447, 0.0, 0.0, 0.0], "train_class_acc": [{"0": 0.2777777777777778, "1": 0.0, "2": 0.25, "3": 0.5416666666666666, "4": 0.6666666666666666, "5": 0.8333333333333334, "6": 0.2, "7": 0.3333333333333333, "8": 0.696969696969697, "9": 0.48148148148148145, "10": 0.6666666666666666, "11": 0.8181818181818182, "12": 0.2857142857142857, "13": 0.5, "14": 0.25, "15": 0.0, "16": 0.7878787878787878, "17": 0.3333333333333333}, {"0": 0.8333333333333334, "1": 0.8666666666666667, "2": 1.0, "3": 0.875, "4": 0.5925925925925926, "5": 1.0, "6": 1.0, "7": 0.9259259259259259, "8": 0.9696969696969697, "9": 1.0, "10": 0.9666666666666667, "11": 1.0, "12": 0.9523809523809523, "13": 1.0, "14": 0.8333333333333334, "15": 0.0, "16": 1.0, "17": 1.0}, {"0": 0.9444444444444444, "1": 1.0, "2": 1.0, "3": 1.0, "4": 0.7407407407407407, "5": 1.0, "6": 1.0, "7": 1.0, "8": 1.0, "9": 1.0, "10": 1.0, "11": 1.0, "12": 1.0, "13": 1.0, "14": 0.625, "15": 1.0, "16": 1.0, "17": 1.0}, {"0": 1.0, "1": 1.0, "2": 1.0, "3": 1.0, "4": 0.7407407407407407, "5": 1.0, "6": 1.0, "7": 0.9629629629629629, "8": 1.0, "9": 1.0, "10": 1.0, "11": 1.0, "12": 1.0, "13": 1.0, "14": 0.8333333333333334, "15": 1.0, "16": 1.0, "17": 1.0}, {"0": 1.0, "1": 1.0, "2": 1.0, "3": 1.0, "4": 0.8888888888888888, "5": 1.0, "6": 1.0, "7": 1.0, "8": 1.0, "9": 0.9629629629629629, "10": 1.0, "11": 1.0, "12": 1.0, "13": 1.0, "14": 0.75, "15": 1.0, "16": 1.0, "17": 1.0}, {"0": 1.0, "1": 1.0, "2": 1.0, "3": 1.0, "4": 1.0, "5": 1.0, "6": 1.0, "7": 1.0, "8": 1.0, "9": 1.0, "10": 0.9666666666666667, "11": 1.0, "12": 1.0, "13": 1.0, "14": 0.5, "15": 1.0, "16": 1.0, "17": 1.0}, {"0": 1.0, "1": 1.0, "2": 1.0, "3": 1.0, "4": 1.0, "5": 1.0, "6": 1.0, "7": 1.0, "8": 1.0, "9": 1.0, "10": 1.0, "11": 1.0, "12": 1.0, "13": 1.0, "14": 0.5416666666666666, "15": 1.0, "16": 1.0, "17": 1.0}, {"0": 1.0, "1": 1.0, "2": 1.0, "3": 1.0, "4": 1.0, "5": 1.0, "6": 1.0, "7": 1.0, "8": 1.0, "9": 1.0, "10": 1.0, "11": 1.0, "12": 1.0, "13": 1.0, "14": 0.5833333333333334, "15": 1.0, "16": 1.0, "17": 1.0}, {"0": 1.0, "1": 1.0, "2": 1.0, "3": 1.0, "4": 1.0, "5": 1.0, "6": 1.0, "7": 1.0, "8": 1.0, "9": 1.0, "10": 1.0, "11": 1.0, "12": 1.0, "13": 1.0, "14": 0.5833333333333334, "15": 1.0, "16": 1.0, "17": 1.0}, {"0": 1.0, "1": 1.0, "2": 1.0, "3": 1.0, "4": 1.0, "5": 1.0, "6": 1.0, "7": 0.9629629629629629, "8": 1.0, "9": 1.0, "10": 1.0, "11": 1.0, "12": 1.0, "13": 1.0, "14": 0.5833333333333334, "15": 1.0, "16": 1.0, "17": 1.0}, {"0": 1.0, "1": 1.0, "2": 0.9583333333333334, "3": 1.0, "4": 1.0, "5": 1.0, "6": 1.0, "7": 1.0, "8": 1.0, "9": 1.0, "10": 1.0, "11": 1.0, "12": 1.0, "13": 1.0, "14": 0.6666666666666666, "15": 1.0, "16": 1.0, "17": 1.0}, {"0": 1.0, "1": 0.9333333333333333, "2": 1.0, "3": 1.0, "4": 0.9629629629629629, "5": 1.0, "6": 1.0, "7": 1.0, "8": 1.0, "9": 1.0, "10": 1.0, "11": 1.0, "12": 1.0, "13": 1.0, "14": 0.625, "15": 1.0, "16": 1.0, "17": 1.0}, {"0": 1.0, "1": 1.0, "2": 1.0, "3": 1.0, "4": 1.0, "5": 1.0, "6": 1.0, "7": 1.0, "8": 1.0, "9": 1.0, "10": 1.0, "11": 0.9696969696969697, "12": 1.0, "13": 1.0, "14": 0.6666666666666666, "15": 1.0, "16": 1.0, "17": 1.0}, {"0": 1.0, "1": 1.0, "2": 1.0, "3": 1.0, "4": 1.0, "5": 1.0, "6": 1.0, "7": 1.0, "8": 1.0, "9": 1.0, "10": 1.0, "11": 0.9696969696969697, "12": 1.0, "13": 1.0, "14": 0.625, "15": 1.0, "16": 1.0, "17": 1.0}, {"0": 1.0, "1": 1.0, "2": 1.0, "3": 1.0, "4": 1.0, "5": 1.0, "6": 1.0, "7": 1.0, "8": 1.0, "9": 1.0, "10": 1.0, "11": 1.0, "12": 1.0, "13": 1.0, "14": 0.625, "15": 1.0, "16": 1.0, "17": 0.9333333333333333}, {"0": 1.0, "1": 1.0, "2": 1.0, "3": 0.9583333333333334, "4": 1.0, "5": 1.0, "6": 1.0, "7": 1.0, "8": 1.0, "9": 1.0, "10": 1.0, "11": 1.0, "12": 1.0, "13": 1.0, "14": 0.625, "15": 1.0, "16": 1.0, "17": 1.0}, {"0": 1.0, "1": 1.0, "2": 1.0, "3": 0.9583333333333334, "4": 1.0, "5": 1.0, "6": 1.0, "7": 1.0, "8": 1.0, "9": 1.0, "10": 1.0, "11": 1.0, "12": 1.0, "13": 1.0, "14": 0.5833333333333334, "15": 1.0, "16": 1.0, "17": 1.0}, {"0": 1.0, "1": 1.0, "2": 1.0, "3": 1.0, "4": 0.9629629629629629, "5": 1.0, "6": 1.0, "7": 1.0, "8": 1.0, "9": 1.0, "10": 1.0, "11": 1.0, "12": 1.0, "13": 0.9583333333333334, "14": 0.5833333333333334, "15": 1.0, "16": 1.0, "17": 1.0}, {"0": 1.0, "1": 1.0, "2": 1.0, "3": 1.0, "4": 0.9629629629629629, "5": 1.0, "6": 1.0, "7": 1.0, "8": 1.0, "9": 1.0, "10": 0.9666666666666667, "11": 1.0, "12": 1.0, "13": 1.0, "14": 0.6666666666666666, "15": 1.0, "16": 1.0, "17": 1.0}, {"0": 1.0, "1": 0.9333333333333333, "2": 1.0, "3": 1.0, "4": 0.9629629629629629, "5": 1.0, "6": 1.0, "7": 1.0, "8": 1.0, "9": 1.0, "10": 1.0, "11": 1.0, "12": 1.0, "13": 1.0, "14": 0.5833333333333334, "15": 1.0, "16": 1.0, "17": 1.0}, {"0": 1.0, "1": 1.0, "2": 1.0, "3": 1.0, "4": 1.0, "5": 1.0, "6": 1.0, "7": 1.0, "8": 1.0, "9": 1.0, "10": 1.0, "11": 1.0, "12": 1.0, "13": 1.0, "14": 0.6666666666666666, "15": 1.0, "16": 0.9696969696969697, "17": 1.0}, {"0": 1.0, "1": 1.0, "2": 0.9583333333333334, "3": 1.0, "4": 1.0, "5": 1.0, "6": 1.0, "7": 1.0, "8": 1.0, "9": 1.0, "10": 1.0, "11": 1.0, "12": 1.0, "13": 1.0, "14": 0.5833333333333334, "15": 1.0, "16": 1.0, "17": 1.0}, {"0": 1.0, "1": 1.0, "2": 1.0, "3": 1.0, "4": 1.0, "5": 1.0, "6": 1.0, "7": 1.0, "8": 1.0, "9": 1.0, "10": 0.9666666666666667, "11": 1.0, "12": 1.0, "13": 1.0, "14": 0.6666666666666666, "15": 1.0, "16": 1.0, "17": 1.0}, {"0": 0.9444444444444444, "1": 1.0, "2": 1.0, "3": 1.0, "4": 1.0, "5": 1.0, "6": 1.0, "7": 1.0, "8": 1.0, "9": 1.0, "10": 1.0, "11": 1.0, "12": 1.0, "13": 1.0, "14": 0.7083333333333334, "15": 1.0, "16": 1.0, "17": 1.0}, {"0": 1.0, "1": 1.0, "2": 1.0, "3": 1.0, "4": 0.9629629629629629, "5": 1.0, "6": 1.0, "7": 1.0, "8": 1.0, "9": 1.0, "10": 0.9666666666666667, "11": 1.0, "12": 1.0, "13": 1.0, "14": 0.5833333333333334, "15": 1.0, "16": 1.0, "17": 1.0}, {"0": 1.0,