{"train_loss": [2.4792947447701787, 1.2600444260607944, 0.925632538922717, 0.79560082280234, 0.6825364024451609, 0.6042981077446027, 0.5907012651977914, 0.5174917277325405, 0.4886932036515032, 0.4546859314602413, 0.4882752481806144], "train_acc": [0.266853928565979, 0.5589887499809265, 0.6699438095092773, 0.699438214302063, 0.7415730357170105, 0.7584269642829895, 0.7528089880943298, 0.7851123809814453, 0.790730357170105, 0.8061797618865967, 0.7823033928871155], "val_loss": [2.160777724634005, 2.066236854538204, 1.844531094934058, 1.9105439420760146, 1.9348121186879677, 2.369060196275786, 2.34275920747772, 2.3413433089969664, 2.318375283338892, 2.3192131462998278, 2.3214541795685535], "val_acc": [0.32283464074134827, 0.3937007784843445, 0.4724409580230713, 0.4803149700164795, 0.4566929042339325, 0.4488188922405243, 0.4409448802471161, 0.4488188922405243, 0.4488188922405243, 0.4409448802471161, 0.4488188922405243], "train_class_acc": [{"0": 0.16666666666666666, "1": 0.06666666666666667, "2": 0.625, "3": 0.625, "4": 0.5925925925925926, "5": 0.75, "6": 0.2, "7": 0.14814814814814814, "8": 0.15151515151515152, "9": 0.18518518518518517, "10": 0.13333333333333333, "11": 0.42424242424242425, "12": 0.0, "13": 0.125, "14": 0.375, "15": 0.0, "16": 0.09090909090909091, "17": 0.4, "18": 0.21212121212121213, "19": 0.6666666666666666, "20": 0.24242424242424243, "21": 0.0, "22": 0.2962962962962963, "23": 0.041666666666666664, "24": 0.041666666666666664, "25": 0.037037037037037035, "26": 0.125, "27": 0.21212121212121213, "28": 0.2857142857142857, "29": 0.0, "30": 0.0}, {"0": 0.9444444444444444, "1": 0.6, "2": 0.7916666666666666, "3": 1.0, "4": 0.9259259259259259, "5": 0.9583333333333334, "6": 0.7333333333333333, "7": 0.2222222222222222, "8": 0.5757575757575758, "9": 0.2222222222222222, "10": 0.4, "11": 0.9393939393939394, "12": 0.14285714285714285, "13": 0.16666666666666666, "14": 0.5833333333333334, "15": 0.0, "16": 0.3333333333333333, "17": 0.9333333333333333, "18": 0.696969696969697, "19": 0.9696969696969697, "20": 0.42424242424242425, "21": 0.0, "22": 0.5925925925925926, "23": 0.16666666666666666, "24": 0.20833333333333334, "25": 0.48148148148148145, "26": 0.041666666666666664, "27": 0.7878787878787878, "28": 0.5357142857142857, "29": 0.0, "30": 0.3333333333333333}, {"0": 0.9444444444444444, "1": 0.8666666666666667, "2": 0.9583333333333334, "3": 1.0, "4": 1.0, "5": 0.9583333333333334, "6": 0.9333333333333333, "7": 0.1111111111111111, "8": 0.8181818181818182, "9": 0.5555555555555556, "10": 0.36666666666666664, "11": 1.0, "12": 0.2857142857142857, "13": 0.25, "14": 0.6666666666666666, "15": 0.0, "16": 0.5757575757575758, "17": 1.0, "18": 0.8484848484848485, "19": 1.0, "20": 0.42424242424242425, "21": 0.0, "22": 0.8518518518518519, "23": 0.2916666666666667, "24": 0.25, "25": 0.6296296296296297, "26": 0.25, "27": 0.9393939393939394, "28": 0.6071428571428571, "29": 0.0, "30": 1.0}, {"0": 1.0, "1": 1.0, "2": 0.9583333333333334, "3": 1.0, "4": 1.0, "5": 1.0, "6": 1.0, "7": 0.2222222222222222, "8": 0.9696969696969697, "9": 0.5555555555555556, "10": 0.2, "11": 1.0, "12": 0.5238095238095238, "13": 0.25, "14": 0.7916666666666666, "15": 0.0, "16": 0.5454545454545454, "17": 1.0, "18": 0.8787878787878788, "19": 1.0, "20": 0.5151515151515151, "21": 0.0, "22": 0.6296296296296297, "23": 0.16666666666666666, "24": 0.375, "25": 0.7037037037037037, "26": 0.25, "27": 0.9090909090909091, "28": 0.8214285714285714, "29": 0.3333333333333333, "30": 1.0}, {"0": 1.0, "1": 1.0, "2": 1.0, "3": 1.0, "4": 1.0, "5": 1.0, "6": 1.0, "7": 0.2962962962962963, "8": 0.8787878787878788, "9": 0.5925925925925926, "10": 0.3333333333333333, "11": 1.0, "12": 0.5238095238095238, "13": 0.375, "14": 0.7916666666666666, "15": 0.3333333333333333, "16": 0.6666666666666666, "17": 1.0, "18": 0.8787878787878788, "19": 1.0, "20": 0.36363636363636365, "21": 0.0, "22": 0.9259259259259259, "23": 0.4166666666666667, "24": 0.625, "25": 0.7037037037037037, "26": 0.2916666666666667, "27": 0.9696969696969697, "28": 0.8214285714285714, "29": 0.0, "30": 1.0}, {"0": 1.0, "1": 1.0, "2": 1.0, "3": 1.0, "4": 1.0, "5": 1.0, "6": 1.0, "7": 0.14814814814814814, "8": 1.0, "9": 0.7037037037037037, "10": 0.3, "11": 1.0, "12": 0.5238095238095238, "13": 0.5, "14": 0.9583333333333334, "15": 0.0, "16": 0.8181818181818182, "17": 1.0, "18": 0.8787878787878788, "19": 1.0, "20": 0.24242424242424243, "21": 0.3333333333333333, "22": 0.8518518518518519, "23": 0.375, "24": 0.5, "25": 0.8148148148148148, "26": 0.5, "27": 1.0, "28": 0.7857142857142857, "29": 0.0, "30": 1.0}, {"0": 0.9444444444444444, "1": 1.0, "2": 1.0, "3": 1.0, "4": 1.0, "5": 1.0, "6": 1.0, "7": 0.2962962962962963, "8": 0.9696969696969697, "9": 0.6296296296296297, "10": 0.26666666666666666, "11": 1.0, "12": 0.7619047619047619, "13": 0.3333333333333333, "14": 0.8333333333333334, "15": 0.6666666666666666, "16": 0.6666666666666666, "17": 1.0, "18": 0.8787878787878788, "19": 1.0, "20": 0.30303030303030304, "21": 0.0, "22": 0.7777777777777778, "23": 0.5, "24": 0.5, "25": 0.8518518518518519, "26": 0.3333333333333333, "27": 0.9696969696969697, "28": 0.9285714285714286, "29": 0.0, "30": 1.0}, {"0": 1.0, "1": 1.0, "2": 1.0, "3": 1.0, "4": 1.0, "5": 1.0, "6": 0.9333333333333333, "7": 0.8148148148148148, "8": 0.9393939393939394, "9": 0.7037037037037037, "10": 0.23333333333333334, "11": 0.9393939393939394, "12": 0.5714285714285714, "13": 0.125, "14": 0.9583333333333334, "15": 0.0, "16": 0.9393939393939394, "17": 0.9333333333333333, "18": 0.8484848484848485, "19": 0.9696969696969697, "20": 0.48484848484848486, "21": 0.0, "22": 0.8888888888888888, "23": 0.16666666666666666, "24": 0.7083333333333334, "25": 0.8888888888888888, "26": 0.5833333333333334, "27": 1.0, "28": 0.7857142857142857, "29": 1.0, "30": 1.0}, {"0": 1.0, "1": 0.9333333333333333, "2": 1.0, "3": 0.9583333333333334, "4": 1.0, "5": 1.0, "6": 1.0, "7": 0.8518518518518519, "8": 0.9393939393939394, "9": 0.7037037037037037, "10": 0.13333333333333333, "11": 1.0, "12": 0.5714285714285714, "13": 0.16666666666666666, "14": 1.0, "15": 0.0, "16": 0.9090909090909091, "17": 1.0, "18": 0.9090909090909091, "19": 1.0, "20": 0.45454545454545453, "21": 0.0, "22": 0.8888888888888888, "23": 0.2916666666666667, "24": 0.75, "25": 0.7407407407407407, "26": 0.5833333333333334, "27": 1.0, "28": 0.9285714285714286, "29": 0.0, "30": 1.0}, {"0": 1.0, "1": 1.0, "2": 1.0, "3": 1.0, "4": 1.0, "5": 1.0, "6": 1.0, "7": 0.8148148148148148, "8": 1.0, "9": 0.7777777777777778, "10": 0.1, "11": 1.0, "12": 0.6190476190476191, "13": 0.125, "14": 0.9583333333333334, "15": 0.0, "16": 0.9090909090909091, "17": 1.0, "18": 0.8787878787878788, "19": 1.0, "20": 0.48484848484848486, "21": 0.0, "22": 0.9629629629629629, "23": 0.2916666666666667, "24": 0.75, "25": 0.9259259259259259, "26": 0.625, "27": 1.0, "28": 0.8928571428571429, "29": 0.3333333333333333, "30": 1.0}, {"0": 1.0, "1": 0.9333333333333333, "2": 1.0, "3": 0.9583333333333334, "4": 1.0, "5": 0.9583333333333334, "6": 0.9333333333333333, "7": 0.7777777777777778, "8": 1.0, "9": 0.8518518518518519, "10": 0.13333333333333333, "11": 0.9393939393939394, "12": 0.5238095238095238, "13": 0.16666666666666666, "14": 0.9583333333333334, "15": 0.0, "16": 0.8787878787878788, "17": 1.0, "18": 0.8181818181818182, "19": 1.0, "20": 0.5454545454545454, "21": 0.0, "22": 0.8888888888888888, "23": 0.2916666666666667, "24": 0.5833333333333334, "25": 0.8518518518518519, "26": 0.6666666666666666, "27": 1.0, "28": 0.7142857142857143, "29": 0.6666666666666666, "30": 1.0}], "val_class_acc": [{"0": 0.6666666666666666, "1": 1.0, "2": 0.0, "3": 0.6666666666666666, "4": 1.0, "5": 0.8333333333333334, "6": 0.0, "7": 0.0, "8": 0.0, "9": 0.0, "10": 0.0, "11": 0.6666666666666666, "12": 0.0, "13": 0.0, "14": 0.0, "15": 0, "16": 0.5, "17": 0, "18": 0.0, "19": 0.0, "20": 1.0, "21": 0, "22": 0.5, "23": 0.0, "24": 0.0, "25": 0.0, "26": 0.3333333333333333, "27": 0.5, "28": 0.0, "29": 0, "30": 0}, {"0": 0.5555555555555556, "1": 0.6666666666666666, "2": 1.0,