{"train_loss": [1.8409821626951368, 0.6648310139882478, 0.31128503035584226, 0.22251461049635635, 0.20210111084030113, 0.1822045132410612, 0.15059020793695244, 0.15256540802457064, 0.13105664543396564, 0.14222007353814672, 0.1397276745139838, 0.13052251749187352, 0.12623247314843056, 0.12527768463968372, 0.11711793312494703, 0.11859516699394163, 0.12292823229404948, 0.11182702641835887, 0.1133369945650764, 0.12029276245074878, 0.11181792997413402, 0.11553160178003836, 0.1113173984866634, 0.11774937326101947, 0.11897091767627845], "train_acc": [0.4292565882205963, 0.8489208817481995, 0.9160671234130859, 0.918465256690979, 0.9136690497398376, 0.9232614040374756, 0.9328536987304688, 0.9136690497398376, 0.9232614040374756, 0.9424460530281067, 0.9400479793548584, 0.9160671234130859, 0.935251772403717, 0.9304556250572205, 0.9328536987304688, 0.935251772403717, 0.935251772403717, 0.9280575513839722, 0.9376499056816101, 0.9376499056816101, 0.9376499056816101, 0.9376499056816101, 0.9400479793548584, 0.9376499056816101, 0.935251772403717], "val_loss": [1.352783422411224, 1.4126791424221463, 1.1981447714346427, 1.2134060403447093, 1.2704590794480877, 1.2067770928512385, 1.134035799238417, 1.2674572850451058, 1.1419849660661485, 1.1322041499761888, 1.2176415361004111, 1.2366391405647184, 1.1606516425992235, 1.2492375638749864, 1.218415978514118, 1.2172020305821925, 1.2491286124712155, 1.1522572246598608, 1.1427969049524378, 1.2091680426656464, 1.1882205774754653, 1.249818637047285, 1.1933029845908836, 1.2284696072707941, 1.1896194734691101], "val_acc": [0.5555555820465088, 0.4938271641731262, 0.5679012537002563, 0.5679012537002563, 0.5432099103927612, 0.5925925970077515, 0.5925925970077515, 0.5679012537002563, 0.604938268661499, 0.6172839403152466, 0.5925925970077515, 0.5802469253540039, 0.5925925970077515, 0.5802469253540039, 0.604938268661499, 0.6172839403152466, 0.5925925970077515, 0.6296296119689941, 0.654321014881134, 0.604938268661499, 0.604938268661499, 0.5925925970077515, 0.6419752836227417, 0.5925925970077515, 0.654321014881134], "train_class_acc": [{"0": 0.2777777777777778, "1": 0.13333333333333333, "2": 0.16666666666666666, "3": 0.625, "4": 0.5185185185185185, "5": 0.4583333333333333, "6": 0.13333333333333333, "7": 0.25925925925925924, "8": 0.5757575757575758, "9": 0.5555555555555556, "10": 0.3, "11": 0.7575757575757576, "12": 0.47619047619047616, "13": 0.25, "14": 0.5, "15": 0.0, "16": 0.3939393939393939, "17": 0.6666666666666666}, {"0": 1.0, "1": 1.0, "2": 0.8333333333333334, "3": 0.9166666666666666, "4": 1.0, "5": 0.9166666666666666, "6": 1.0, "7": 0.3333333333333333, "8": 1.0, "9": 0.7407407407407407, "10": 0.7, "11": 1.0, "12": 0.7619047619047619, "13": 0.7916666666666666, "14": 0.7083333333333334, "15": 0.0, "16": 1.0, "17": 0.9333333333333333}, {"0": 1.0, "1": 1.0, "2": 1.0, "3": 1.0, "4": 1.0, "5": 1.0, "6": 1.0, "7": 0.7037037037037037, "8": 1.0, "9": 1.0, "10": 0.43333333333333335, "11": 1.0, "12": 0.9047619047619048, "13": 0.7916666666666666, "14": 0.9583333333333334, "15": 0.3333333333333333, "16": 1.0, "17": 1.0}, {"0": 1.0, "1": 1.0, "2": 1.0, "3": 1.0, "4": 1.0, "5": 1.0, "6": 1.0, "7": 0.25925925925925924, "8": 1.0, "9": 1.0, "10": 0.8, "11": 0.9696969696969697, "12": 0.9047619047619048, "13": 0.8333333333333334, "14": 0.9583333333333334, "15": 1.0, "16": 1.0, "17": 1.0}, {"0": 1.0, "1": 1.0, "2": 1.0, "3": 1.0, "4": 1.0, "5": 1.0, "6": 1.0, "7": 0.48148148148148145, "8": 1.0, "9": 1.0, "10": 0.4, "11": 1.0, "12": 1.0, "13": 0.875, "14": 1.0, "15": 1.0, "16": 1.0, "17": 0.9333333333333333}, {"0": 1.0, "1": 0.9333333333333333, "2": 1.0, "3": 1.0, "4": 1.0, "5": 1.0, "6": 1.0, "7": 0.5185185185185185, "8": 1.0, "9": 1.0, "10": 0.5, "11": 1.0, "12": 1.0, "13": 0.875, "14": 1.0, "15": 1.0, "16": 1.0, "17": 1.0}, {"0": 1.0, "1": 1.0, "2": 1.0, "3": 1.0, "4": 1.0, "5": 1.0, "6": 1.0, "7": 0.5555555555555556, "8": 1.0, "9": 1.0, "10": 0.5666666666666667, "11": 1.0, "12": 1.0, "13": 0.875, "14": 1.0, "15": 1.0, "16": 1.0, "17": 1.0}, {"0": 1.0, "1": 1.0, "2": 1.0, "3": 1.0, "4": 1.0, "5": 1.0, "6": 1.0, "7": 0.5185185185185185, "8": 1.0, "9": 1.0, "10": 0.4, "11": 1.0, "12": 1.0, "13": 0.8333333333333334, "14": 1.0, "15": 1.0, "16": 0.9696969696969697, "17": 1.0}, {"0": 1.0, "1": 1.0, "2": 1.0, "3": 1.0, "4": 1.0, "5": 1.0, "6": 1.0, "7": 0.7037037037037037, "8": 0.9696969696969697, "9": 1.0, "10": 0.3, "11": 1.0, "12": 1.0, "13": 0.9166666666666666, "14": 1.0, "15": 1.0, "16": 1.0, "17": 1.0}, {"0": 1.0, "1": 1.0, "2": 1.0, "3": 1.0, "4": 1.0, "5": 1.0, "6": 1.0, "7": 0.4444444444444444, "8": 0.9696969696969697, "9": 1.0, "10": 0.8333333333333334, "11": 1.0, "12": 1.0, "13": 0.875, "14": 1.0, "15": 1.0, "16": 1.0, "17": 1.0}, {"0": 1.0, "1": 1.0, "2": 1.0, "3": 1.0, "4": 1.0, "5": 1.0, "6": 1.0, "7": 0.6296296296296297, "8": 1.0, "9": 1.0, "10": 0.6, "11": 0.9696969696969697, "12": 1.0, "13": 0.9166666666666666, "14": 1.0, "15": 1.0, "16": 1.0, "17": 1.0}, {"0": 1.0, "1": 1.0, "2": 1.0, "3": 1.0, "4": 1.0, "5": 1.0, "6": 1.0, "7": 0.5185185185185185, "8": 1.0, "9": 1.0, "10": 0.36666666666666664, "11": 1.0, "12": 1.0, "13": 0.875, "14": 1.0, "15": 1.0, "16": 1.0, "17": 1.0}, {"0": 1.0, "1": 1.0, "2": 1.0, "3": 1.0, "4": 1.0, "5": 1.0, "6": 1.0, "7": 0.4074074074074074, "8": 1.0, "9": 1.0, "10": 0.7333333333333333, "11": 1.0, "12": 1.0, "13": 0.875, "14": 1.0, "15": 1.0, "16": 1.0, "17": 1.0}, {"0": 1.0, "1": 0.9333333333333333, "2": 1.0, "3": 1.0, "4": 1.0, "5": 1.0, "6": 1.0, "7": 0.6296296296296297, "8": 1.0, "9": 1.0, "10": 0.4, "11": 1.0, "12": 1.0, "13": 1.0, "14": 1.0, "15": 1.0, "16": 1.0, "17": 1.0}, {"0": 1.0, "1": 1.0, "2": 1.0, "3": 1.0, "4": 1.0, "5": 0.9583333333333334, "6": 1.0, "7": 0.14814814814814814, "8": 1.0, "9": 1.0, "10": 0.9666666666666667, "11": 1.0, "12": 1.0, "13": 0.875, "14": 1.0, "15": 1.0, "16": 1.0, "17": 1.0}, {"0": 1.0, "1": 1.0, "2": 1.0, "3": 1.0, "4": 1.0, "5": 1.0, "6": 1.0, "7": 0.18518518518518517, "8": 1.0, "9": 1.0, "10": 0.9333333333333333, "11": 1.0, "12": 1.0, "13": 0.9166666666666666, "14": 0.9583333333333334, "15": 1.0, "16": 1.0, "17": 1.0}, {"0": 1.0, "1": 1.0, "2": 1.0, "3": 1.0, "4": 1.0, "5": 0.9583333333333334, "6": 1.0, "7": 0.2222222222222222, "8": 1.0, "9": 1.0, "10": 0.9, "11": 1.0, "12": 1.0, "13": 0.9166666666666666, "14": 1.0, "15": 1.0, "16": 1.0, "17": 1.0}, {"0": 1.0, "1": 1.0, "2": 1.0, "3": 1.0, "4": 1.0, "5": 1.0, "6": 1.0, "7": 0.14814814814814814, "8": 1.0, "9": 1.0, "10": 0.8666666666666667, "11": 1.0, "12": 1.0, "13": 0.875, "14": 1.0, "15": 1.0, "16": 1.0, "17": 1.0}, {"0": 1.0, "1": 1.0, "2": 1.0, "3": 1.0, "4": 1.0, "5": 1.0, "6": 1.0, "7": 0.18518518518518517, "8": 1.0, "9": 1.0, "10": 0.9, "11": 1.0, "12": 1.0, "13": 0.9583333333333334, "14": 1.0, "15": 1.0, "16": 1.0, "17": 1.0}, {"0": 1.0, "1": 1.0, "2": 0.9583333333333334, "3": 1.0, "4": 1.0, "5": 1.0, "6": 1.0, "7": 0.18518518518518517, "8": 1.0, "9": 1.0, "10": 0.9333333333333333, "11": 1.0, "12": 1.0, "13": 0.9583333333333334, "14": 1.0, "15": 1.0, "16": 1.0, "17": 1.0}, {"0": 1.0, "1": 1.0, "2": 1.0, "3": 1.0, "4": 1.0, "5": 1.0, "6": 1.0, "7": 0.25925925925925924, "8": 1.0, "9": 1.0, "10": 0.8333333333333334, "11": 1.0, "12": 1.0, "13": 0.9583333333333334, "14": 1.0, "15": 1.0, "16": 1.0, "17": 1.0}, {"0": 1.0, "1": 1.0, "2": 1.0, "3": 1.0, "4": 1.0, "5": 0.9583333333333334, "6": 1.0, "7": 0.14814814814814814, "8": 1.0, "9": 1.0, "10": 1.0, "11": 1.0, "12": 1.0, "13": 0.9166666666666666, "14": 1.0, "15": 1.0, "16": 1.0, "17": 1.0}, {"0": 1.0, "1": 1.0, "2": 1.0, "3": 1.0, "4": 1.0, "5": 1.0, "6": 1.0, "7": 0.2222222222222222, "8": 1.0, "9": 1.0, "10": 0.9666666666666667, "11": 1.0, "12": 1.0, "13": 0.875, "14": 1.0, "15": 1.0, "16": 1.0, "17": 1.0}, {"0": 1.0, "1": 1.0, "2": 1.0, "3": 0.9583333333333334, "4": 1.0, "5": 1.0, "6": 1.0, "7": 0.18518518518518517, "8": 1.0, "9": 1.0, "10": 0.9666666666666667, "11": 1.0, "12": 1.0, "13": 0.9166666666666666, "14": 1.0, "15": 1.0, "16": 1.0, "17": 1.0}, {"0": 1.0,