{"train_loss": [2.96688071529517, 2.051044723960791, 1.3528200816572382, 0.868494777532106, 0.5343470725785481, 0.40802080812079183, 0.3817640681949894, 0.36465734243392944, 0.3581850647591473, 0.36142212403624246], "train_acc": [0.17696629464626312, 0.47893258929252625, 0.726123571395874, 0.8300561904907227, 0.9199438095092773, 0.9367977380752563, 0.9466292262077332, 0.9466292262077332, 0.9578651785850525, 0.949438214302063], "val_loss": [3.5854907512664793, 4.1384612083435055, 4.414732933044434, 4.969471740722656, 5.173393630981446, 5.2202201843261715, 5.248978614807129, 5.26975269317627, 5.282132625579834, 5.282228565216064], "val_acc": [0.0, 0.0, 0.0, 0.0, 0.0, 0.0, 0.0, 0.0, 0.0, 0.0], "train_class_acc": [{"0": 0.0, "1": 0.0, "2": 0.041666666666666664, "3": 0.4583333333333333, "4": 0.25925925925925924, "5": 0.7083333333333334, "6": 0.2, "7": 0.037037037037037035, "8": 0.0, "9": 0.0, "10": 0.16666666666666666, "11": 0.3333333333333333, "12": 0.047619047619047616, "13": 0.041666666666666664, "14": 0.0, "15": 0.0, "16": 0.3939393939393939, "17": 0.26666666666666666, "18": 0.2727272727272727, "19": 0.24242424242424243, "20": 0.6060606060606061, "21": 0.0, "22": 0.0, "23": 0.125, "24": 0.125, "25": 0.0, "26": 0.125, "27": 0.06060606060606061, "28": 0.10714285714285714, "29": 0.0, "30": 0.0}, {"0": 0.05555555555555555, "1": 0.0, "2": 0.75, "3": 0.75, "4": 0.48148148148148145, "5": 1.0, "6": 0.13333333333333333, "7": 0.2962962962962963, "8": 0.2727272727272727, "9": 0.18518518518518517, "10": 0.7, "11": 0.9696969696969697, "12": 0.2857142857142857, "13": 0.4166666666666667, "14": 0.25, "15": 0.0, "16": 0.9090909090909091, "17": 0.8666666666666667, "18": 0.5151515151515151, "19": 0.6060606060606061, "20": 0.7878787878787878, "21": 0.0, "22": 0.4074074074074074, "23": 0.0, "24": 0.20833333333333334, "25": 0.0, "26": 0.20833333333333334, "27": 0.9696969696969697, "28": 0.32142857142857145, "29": 0.0, "30": 0.0}, {"0": 0.5555555555555556, "1": 0.6, "2": 0.8333333333333334, "3": 1.0, "4": 0.5925925925925926, "5": 1.0, "6": 0.4, "7": 0.6666666666666666, "8": 0.5454545454545454, "9": 0.8888888888888888, "10": 0.7333333333333333, "11": 1.0, "12": 0.8571428571428571, "13": 0.8333333333333334, "14": 0.7083333333333334, "15": 0.3333333333333333, "16": 0.6666666666666666, "17": 1.0, "18": 0.9090909090909091, "19": 0.9696969696969697, "20": 0.9696969696969697, "21": 0.0, "22": 0.6666666666666666, "23": 0.16666666666666666, "24": 0.375, "25": 0.18518518518518517, "26": 0.6666666666666666, "27": 1.0, "28": 0.75, "29": 0.0, "30": 0.0}, {"0": 0.8333333333333334, "1": 0.4666666666666667, "2": 0.875, "3": 1.0, "4": 0.8518518518518519, "5": 1.0, "6": 1.0, "7": 0.8518518518518519, "8": 0.8484848484848485, "9": 0.9629629629629629, "10": 0.8666666666666667, "11": 1.0, "12": 0.8095238095238095, "13": 1.0, "14": 0.375, "15": 0.6666666666666666, "16": 1.0, "17": 1.0, "18": 0.8181818181818182, "19": 1.0, "20": 0.9696969696969697, "21": 0.0, "22": 0.6296296296296297, "23": 0.16666666666666666, "24": 0.7916666666666666, "25": 0.4074074074074074, "26": 0.7916666666666666, "27": 1.0, "28": 0.9285714285714286, "29": 1.0, "30": 0.6666666666666666}, {"0": 1.0, "1": 0.8, "2": 0.9583333333333334, "3": 1.0, "4": 0.6666666666666666, "5": 1.0, "6": 1.0, "7": 1.0, "8": 0.9090909090909091, "9": 0.9259259259259259, "10": 1.0, "11": 1.0, "12": 1.0, "13": 1.0, "14": 0.7916666666666666, "15": 0.6666666666666666, "16": 1.0, "17": 1.0, "18": 0.8787878787878788, "19": 1.0, "20": 1.0, "21": 0.3333333333333333, "22": 0.6296296296296297, "23": 0.7083333333333334, "24": 0.9583333333333334, "25": 0.8148148148148148, "26": 0.875, "27": 1.0, "28": 1.0, "29": 1.0, "30": 0.6666666666666666}, {"0": 1.0, "1": 0.8666666666666667, "2": 1.0, "3": 1.0, "4": 1.0, "5": 1.0, "6": 1.0, "7": 1.0, "8": 1.0, "9": 1.0, "10": 1.0, "11": 1.0, "12": 1.0, "13": 1.0, "14": 0.375, "15": 1.0, "16": 1.0, "17": 1.0, "18": 0.7575757575757576, "19": 1.0, "20": 1.0, "21": 0.6666666666666666, "22": 0.8518518518518519, "23": 1.0, "24": 0.8333333333333334, "25": 0.9259259259259259, "26": 0.9166666666666666, "27": 1.0, "28": 0.75, "29": 1.0, "30": 1.0}, {"0": 1.0, "1": 1.0, "2": 1.0, "3": 1.0, "4": 1.0, "5": 1.0, "6": 1.0, "7": 1.0, "8": 1.0, "9": 1.0, "10": 1.0, "11": 1.0, "12": 1.0, "13": 1.0, "14": 0.4166666666666667, "15": 0.6666666666666666, "16": 1.0, "17": 1.0, "18": 0.8787878787878788, "19": 1.0, "20": 1.0, "21": 1.0, "22": 0.7777777777777778, "23": 0.9166666666666666, "24": 0.875, "25": 0.8518518518518519, "26": 0.9166666666666666, "27": 1.0, "28": 0.9285714285714286, "29": 1.0, "30": 1.0}, {"0": 1.0, "1": 1.0, "2": 1.0, "3": 1.0, "4": 1.0, "5": 1.0, "6": 1.0, "7": 1.0, "8": 0.9696969696969697, "9": 1.0, "10": 1.0, "11": 1.0, "12": 1.0, "13": 1.0, "14": 0.375, "15": 1.0, "16": 1.0, "17": 1.0, "18": 0.8181818181818182, "19": 1.0, "20": 1.0, "21": 0.6666666666666666, "22": 0.7037037037037037, "23": 0.9166666666666666, "24": 1.0, "25": 0.9259259259259259, "26": 0.9583333333333334, "27": 1.0, "28": 0.9285714285714286, "29": 1.0, "30": 1.0}, {"0": 1.0, "1": 1.0, "2": 1.0, "3": 1.0, "4": 1.0, "5": 1.0, "6": 1.0, "7": 1.0, "8": 1.0, "9": 1.0, "10": 1.0, "11": 1.0, "12": 1.0, "13": 1.0, "14": 0.4583333333333333, "15": 1.0, "16": 1.0, "17": 1.0, "18": 0.8787878787878788, "19": 1.0, "20": 1.0, "21": 0.6666666666666666, "22": 0.7777777777777778, "23": 0.9166666666666666, "24": 0.9583333333333334, "25": 0.9259259259259259, "26": 0.9583333333333334, "27": 1.0, "28": 1.0, "29": 1.0, "30": 1.0}, {"0": 1.0, "1": 0.9333333333333333, "2": 1.0, "3": 1.0, "4": 1.0, "5": 1.0, "6": 1.0, "7": 1.0, "8": 1.0, "9": 1.0, "10": 1.0, "11": 1.0, "12": 1.0, "13": 1.0, "14": 0.375, "15": 1.0, "16": 1.0, "17": 1.0, "18": 0.8181818181818182, "19": 1.0, "20": 1.0, "21": 0.3333333333333333, "22": 0.7037037037037037, "23": 1.0, "24": 1.0, "25": 0.8888888888888888, "26": 1.0, "27": 1.0, "28": 0.9642857142857143, "29": 1.0, "30": 1.0}], "val_class_acc": [{"0": 0.0, "1": 0.0, "2": 0.0, "3": 0.0, "4": 0, "5": 0.0, "6": 0.0, "7": 0.0, "8": 0, "9": 0, "10": 0, "11": 0, "12": 0, "13": 0, "14": 0, "15": 0, "16": 0, "17": 0, "18": 0, "19": 0, "20": 0, "21": 0, "22": 0, "23": 0, "24": 0, "25": 0, "26": 0, "27": 0, "28": 0, "29": 0, "30": 0}, {"0": 0.0, "1": 0.0, "2": 0.0, "3": 0.0, "4": 0, "5": 0.0, "6": 0.0, "7": 0.0, "8": 0, "9": 0, "10": 0, "11": 0, "12": 0, "13": 0, "14": 0, "15": 0, "16": 0, "17": 0, "18": 0, "19": 0, "20": 0, "21": 0, "22": 0, "23": 0, "24": 0, "25": 0, "26": 0, "27": 0, "28": 0, "29": 0, "30": 0}, {"0": 0.0, "1": 0.0, "2": 0.0, "3": 0.0, "4": 0, "5": 0.0, "6": 0.0, "7": 0.0, "8": 0, "9": 0, "10": 0, "11": 0, "12": 0, "13": 0, "14": 0, "15": 0, "16": 0, "17": 0, "18": 0, "19": 0, "20": 0, "21": 0, "22": 0, "23": 0, "24": 0, "25": 0, "26": 0, "27": 0, "28": 0, "29": 0, "30": 0}, {"0": 0.0, "1": 0.0, "2": 0.0, "3": 0.0, "4": 0, "5": 0.0, "6": 0.0, "7": 0.0, "8": 0, "9": 0, "10": 0, "11": 0, "12": 0, "13": 0, "14": 0, "15": 0, "16": 0, "17": 0, "18": 0, "19": 0, "20": 0, "21": 0, "22": 0, "23": 0, "24": 0, "25": 0, "26": 0, "27": 0, "28": 0, "29": 0, "30": 0}, {"0": 0.0, "1": 0.0, "2": 0.0, "3": 0.0, "4": 0, "5": 0.0, "6": 0.0, "7": 0.0, "8": 0, "9": 0, "10": 0, "11": 0, "12": 0, "13": 0, "14": 0, "15": 0, "16": 0, "17": 0, "18": 0, "19": 0, "20": 0, "21": 0, "22": 0, "23": 0, "24": 0, "25": 0, "26": 0, "27": 0, "28": 0, "29": 0, "30": 0}, {"0": 0.0, "1": 0.0, "2": 0.0, "3": 0.0, "4": 0, "5": 0.0, "6": 0.0, "7": 0.0, "8": 0, "9": 0, "10": 0, "11": 0, "12": 0, "13": 0, "14": 0, "15": 0, "16": 0, "17": 0, "18": 0, "19": 0, "20": 0, "21": 0, "22": 0, "23": 0, "24": 0, "25": 0, "26": 0, "27": 0, "28": 0, "29": 0, "30": 0}, {"0": 0.0, "1": 0.0, "2": 0.0, "3": 0.0, "4": 0, "5": 0.0, "6": 0.0, "7": 0.0, "8": 0, "9": 0, "10": 0, "11": 0, "12": 0, "13": 0, "14": 0, "15": 0, "16": 0, "17": 0, "18": 0, "19": 0, "20": 0, "21": 0, "22": 0, "23": 0, "24": 0, "25": 0, "26": 0, "27": 0, "28": 0, "29": 0, "30": 0}, {"0": 0.0, "1": 0.0, "2": 0.0, "3": 0.0, "4": 0,