{"train_loss": [2.342651530597987, 0.8489184161920226, 0.4239042411359508, 0.20554365203035682, 0.1125518229235424, 0.19179994531310676, 0.13376908763991982], "train_acc": [0.32162922620773315, 0.7191011309623718, 0.8595505356788635, 0.9367977380752563, 0.9691011309623718, 0.9452247023582458, 0.9620786309242249], "val_loss": [5.230089855194092, 6.941263103485108, 7.099692726135254, 7.198295593261719, 7.813676166534424, 7.860218811035156, 7.894356155395508], "val_acc": [0.0, 0.0, 0.0, 0.0, 0.0, 0.0, 0.0], "train_class_acc": [{"0": 0.2777777777777778, "1": 0.13333333333333333, "2": 0.375, "3": 0.4166666666666667, "4": 0.2962962962962963, "5": 0.625, "6": 0.06666666666666667, "7": 0.37037037037037035, "8": 0.3939393939393939, "9": 0.2222222222222222, "10": 0.3, "11": 0.6666666666666666, "12": 0.14285714285714285, "13": 0.4583333333333333, "14": 0.4166666666666667, "15": 0.0, "16": 0.5151515151515151, "17": 0.4666666666666667, "18": 0.09090909090909091, "19": 0.36363636363636365, "20": 0.42424242424242425, "21": 0.0, "22": 0.14814814814814814, "23": 0.125, "24": 0.125, "25": 0.1111111111111111, "26": 0.20833333333333334, "27": 0.6363636363636364, "28": 0.10714285714285714, "29": 0.0, "30": 0.0}, {"0": 0.6666666666666666, "1": 0.6, "2": 0.8333333333333334, "3": 0.9166666666666666, "4": 0.5185185185185185, "5": 0.8333333333333334, "6": 0.8, "7": 0.6296296296296297, "8": 0.9090909090909091, "9": 0.8148148148148148, "10": 0.7, "11": 0.9393939393939394, "12": 0.7142857142857143, "13": 0.8333333333333334, "14": 0.7083333333333334, "15": 0.0, "16": 0.7878787878787878, "17": 0.8666666666666667, "18": 0.5151515151515151, "19": 0.8181818181818182, "20": 0.9393939393939394, "21": 0.0, "22": 0.4074074074074074, "23": 0.625, "24": 0.6666666666666666, "25": 0.5185185185185185, "26": 0.4166666666666667, "27": 0.9393939393939394, "28": 0.6071428571428571, "29": 0.6666666666666666, "30": 0.0}, {"0": 0.8888888888888888, "1": 0.8666666666666667, "2": 0.9166666666666666, "3": 0.875, "4": 0.7777777777777778, "5": 0.9583333333333334, "6": 0.9333333333333333, "7": 0.8888888888888888, "8": 0.9090909090909091, "9": 0.8148148148148148, "10": 0.9, "11": 0.9696969696969697, "12": 0.8095238095238095, "13": 0.9583333333333334, "14": 0.5416666666666666, "15": 1.0, "16": 0.9090909090909091, "17": 1.0, "18": 0.7272727272727273, "19": 0.9696969696969697, "20": 1.0, "21": 1.0, "22": 0.6296296296296297, "23": 0.75, "24": 0.7083333333333334, "25": 0.5555555555555556, "26": 0.875, "27": 1.0, "28": 0.9642857142857143, "29": 1.0, "30": 1.0}, {"0": 0.8888888888888888, "1": 1.0, "2": 0.9583333333333334, "3": 1.0, "4": 0.7777777777777778, "5": 1.0, "6": 0.9333333333333333, "7": 0.9629629629629629, "8": 0.9696969696969697, "9": 1.0, "10": 0.9, "11": 1.0, "12": 1.0, "13": 0.9583333333333334, "14": 0.7916666666666666, "15": 1.0, "16": 0.9393939393939394, "17": 1.0, "18": 0.7878787878787878, "19": 1.0, "20": 1.0, "21": 1.0, "22": 0.8148148148148148, "23": 0.9166666666666666, "24": 0.9583333333333334, "25": 0.7777777777777778, "26": 1.0, "27": 0.9696969696969697, "28": 1.0, "29": 1.0, "30": 1.0}, {"0": 1.0, "1": 1.0, "2": 1.0, "3": 1.0, "4": 0.8518518518518519, "5": 1.0, "6": 1.0, "7": 1.0, "8": 1.0, "9": 1.0, "10": 1.0, "11": 1.0, "12": 1.0, "13": 1.0, "14": 0.8333333333333334, "15": 1.0, "16": 0.9696969696969697, "17": 1.0, "18": 0.9090909090909091, "19": 1.0, "20": 0.9696969696969697, "21": 1.0, "22": 0.8888888888888888, "23": 0.9583333333333334, "24": 0.9583333333333334, "25": 0.8518518518518519, "26": 1.0, "27": 1.0, "28": 1.0, "29": 1.0, "30": 1.0}, {"0": 1.0, "1": 1.0, "2": 0.9583333333333334, "3": 1.0, "4": 0.9629629629629629, "5": 0.9166666666666666, "6": 0.9333333333333333, "7": 1.0, "8": 1.0, "9": 1.0, "10": 1.0, "11": 0.9393939393939394, "12": 1.0, "13": 1.0, "14": 0.375, "15": 1.0, "16": 1.0, "17": 1.0, "18": 0.8484848484848485, "19": 0.9393939393939394, "20": 1.0, "21": 1.0, "22": 0.9629629629629629, "23": 0.8333333333333334, "24": 0.9583333333333334, "25": 0.9259259259259259, "26": 0.9583333333333334, "27": 0.9696969696969697, "28": 1.0, "29": 1.0, "30": 1.0}, {"0": 1.0, "1": 0.9333333333333333, "2": 1.0, "3": 1.0, "4": 1.0, "5": 1.0, "6": 1.0, "7": 1.0, "8": 1.0, "9": 1.0, "10": 1.0, "11": 1.0, "12": 1.0, "13": 1.0, "14": 0.4166666666666667, "15": 1.0, "16": 1.0, "17": 1.0, "18": 0.9393939393939394, "19": 0.9696969696969697, "20": 1.0, "21": 1.0, "22": 0.8518518518518519, "23": 1.0, "24": 1.0, "25": 0.9259259259259259, "26": 0.9166666666666666, "27": 1.0, "28": 0.9642857142857143, "29": 1.0, "30": 1.0}], "val_class_acc": [{"0": 0.0, "1": 0.0, "2": 0.0, "3": 0.0, "4": 0, "5": 0.0, "6": 0.0, "7": 0.0, "8": 0, "9": 0, "10": 0, "11": 0, "12": 0, "13": 0, "14": 0, "15": 0, "16": 0, "17": 0, "18": 0, "19": 0, "20": 0, "21": 0, "22": 0, "23": 0, "24": 0, "25": 0, "26": 0, "27": 0, "28": 0, "29": 0, "30": 0}, {"0": 0.0, "1": 0.0, "2": 0.0, "3": 0.0, "4": 0, "5": 0.0, "6": 0.0, "7": 0.0, "8": 0, "9": 0, "10": 0, "11": 0, "12": 0, "13": 0, "14": 0, "15": 0, "16": 0, "17": 0, "18": 0, "19": 0, "20": 0, "21": 0, "22": 0, "23": 0, "24": 0, "25": 0, "26": 0, "27": 0, "28": 0, "29": 0, "30": 0}, {"0": 0.0, "1": 0.0, "2": 0.0, "3": 0.0, "4": 0, "5": 0.0, "6": 0.0, "7": 0.0, "8": 0, "9": 0, "10": 0, "11": 0, "12": 0, "13": 0, "14": 0, "15": 0, "16": 0, "17": 0, "18": 0, "19": 0, "20": 0, "21": 0, "22": 0, "23": 0, "24": 0, "25": 0, "26": 0, "27": 0, "28": 0, "29": 0, "30": 0}, {"0": 0.0, "1": 0.0, "2": 0.0, "3": 0.0, "4": 0, "5": 0.0, "6": 0.0, "7": 0.0, "8": 0, "9": 0, "10": 0, "11": 0, "12": 0, "13": 0, "14": 0, "15": 0, "16": 0, "17": 0, "18": 0, "19": 0, "20": 0, "21": 0, "22": 0, "23": 0, "24": 0, "25": 0, "26": 0, "27": 0, "28": 0, "29": 0, "30": 0}, {"0": 0.0, "1": 0.0, "2": 0.0, "3": 0.0, "4": 0, "5": 0.0, "6": 0.0, "7": 0.0, "8": 0, "9": 0, "10": 0, "11": 0, "12": 0, "13": 0, "14": 0, "15": 0, "16": 0, "17": 0, "18": 0, "19": 0, "20": 0, "21": 0, "22": 0, "23": 0, "24": 0, "25": 0, "26": 0, "27": 0, "28": 0, "29": 0, "30": 0}, {"0": 0.0, "1": 0.0, "2": 0.0, "3": 0.0, "4": 0, "5": 0.0, "6": 0.0, "7": 0.0, "8": 0, "9": 0, "10": 0, "11": 0, "12": 0, "13": 0, "14": 0, "15": 0, "16": 0, "17": 0, "18": 0, "19": 0, "20": 0, "21": 0, "22": 0, "23": 0, "24": 0, "25": 0, "26": 0, "27": 0, "28": 0, "29": 0, "30": 0}, {"0": 0.0, "1": 0.0, "2": 0.0, "3": 0.0, "4": 0, "5": 0.0, "6": 0.0, "7": 0.0, "8": 0, "9": 0, "10": 0, "11": 0, "12": 0, "13": 0, "14": 0, "15": 0, "16": 0, "17": 0, "18": 0, "19": 0, "20": 0, "21": 0, "22": 0, "23": 0, "24": 0, "25": 0, "26": 0, "27": 0, "28": 0, "29": 0, "30": 0}], "test_loss": 3.4682359236096025, "test_acc": 0.01834862306714058, "test_class_acc": {"0": 0.0, "1": 0.6666666666666666, "2": 0.0, "3": 0.0, "4": 0.0, "5": 0.0, "6": 0.0, "7": 0.0, "8": 0.0, "9": 0.0, "10": 0.0, "11": 0.0, "12": 0.0, "13": 0.0, "14": 0.0, "15": 0, "16": 0.0, "17": 0, "18": 0.0, "19": 0.0, "20": 0.0, "21": 0, "22": 0.0, "23": 0.0, "24": 0.0, "25": 0.0, "26": 0, "27": 0.0, "28": 0.0, "29": 0, "30": 0}}