{"train_loss": [2.1134383290001515, 0.8007566279239868, 0.3650018636430247, 0.18691875609789002, 0.13488086455323722, 0.09852445259522856, 0.07415240818864843], "train_acc": [0.43820226192474365, 0.817415714263916, 0.9311797618865967, 0.9620786309242249, 0.966292142868042, 0.9719101190567017, 0.9775280952453613], "val_loss": [4.399522590637207, 4.369709539413452, 4.72401647567749, 4.7577191352844235, 4.980231046676636, 5.250460290908814, 5.302285957336426], "val_acc": [0.0, 0.0, 0.0, 0.0, 0.0, 0.0, 0.0], "train_class_acc": [{"0": 0.3888888888888889, "1": 0.13333333333333333, "2": 0.375, "3": 0.20833333333333334, "4": 0.5185185185185185, "5": 0.4583333333333333, "6": 0.13333333333333333, "7": 0.4444444444444444, "8": 0.5151515151515151, "9": 0.4444444444444444, "10": 0.4, "11": 0.7878787878787878, "12": 0.42857142857142855, "13": 0.8333333333333334, "14": 0.375, "15": 0.0, "16": 0.5454545454545454, "17": 0.6666666666666666, "18": 0.6060606060606061, "19": 0.8181818181818182, "20": 0.6666666666666666, "21": 0.0, "22": 0.14814814814814814, "23": 0.125, "24": 0.25, "25": 0.0, "26": 0.16666666666666666, "27": 0.8484848484848485, "28": 0.10714285714285714, "29": 0.0, "30": 0.0}, {"0": 1.0, "1": 0.8, "2": 0.9583333333333334, "3": 0.9166666666666666, "4": 0.9259259259259259, "5": 1.0, "6": 1.0, "7": 0.8148148148148148, "8": 0.9696969696969697, "9": 0.9629629629629629, "10": 0.6, "11": 1.0, "12": 0.8571428571428571, "13": 1.0, "14": 0.4166666666666667, "15": 0.3333333333333333, "16": 0.696969696969697, "17": 1.0, "18": 0.8484848484848485, "19": 1.0, "20": 0.9696969696969697, "21": 0.0, "22": 0.6296296296296297, "23": 0.5833333333333334, "24": 0.375, "25": 0.6296296296296297, "26": 0.6666666666666666, "27": 1.0, "28": 0.7857142857142857, "29": 0.0, "30": 0.0}, {"0": 1.0, "1": 1.0, "2": 1.0, "3": 1.0, "4": 0.6296296296296297, "5": 1.0, "6": 1.0, "7": 1.0, "8": 1.0, "9": 1.0, "10": 0.9666666666666667, "11": 1.0, "12": 1.0, "13": 1.0, "14": 0.7083333333333334, "15": 1.0, "16": 0.9090909090909091, "17": 1.0, "18": 0.9393939393939394, "19": 1.0, "20": 1.0, "21": 1.0, "22": 0.8148148148148148, "23": 0.8333333333333334, "24": 0.8333333333333334, "25": 0.7407407407407407, "26": 0.9583333333333334, "27": 1.0, "28": 0.9285714285714286, "29": 0.6666666666666666, "30": 0.3333333333333333}, {"0": 1.0, "1": 1.0, "2": 1.0, "3": 1.0, "4": 0.8148148148148148, "5": 1.0, "6": 1.0, "7": 1.0, "8": 1.0, "9": 0.9629629629629629, "10": 1.0, "11": 1.0, "12": 1.0, "13": 1.0, "14": 0.75, "15": 1.0, "16": 0.9696969696969697, "17": 1.0, "18": 0.9090909090909091, "19": 1.0, "20": 1.0, "21": 1.0, "22": 0.8888888888888888, "23": 1.0, "24": 0.9583333333333334, "25": 0.7777777777777778, "26": 1.0, "27": 1.0, "28": 0.9642857142857143, "29": 1.0, "30": 1.0}, {"0": 1.0, "1": 1.0, "2": 1.0, "3": 1.0, "4": 0.7777777777777778, "5": 1.0, "6": 1.0, "7": 1.0, "8": 1.0, "9": 1.0, "10": 1.0, "11": 1.0, "12": 1.0, "13": 1.0, "14": 0.7916666666666666, "15": 1.0, "16": 1.0, "17": 1.0, "18": 0.8787878787878788, "19": 1.0, "20": 1.0, "21": 1.0, "22": 0.8518518518518519, "23": 1.0, "24": 1.0, "25": 0.8148148148148148, "26": 1.0, "27": 1.0, "28": 1.0, "29": 1.0, "30": 1.0}, {"0": 1.0, "1": 1.0, "2": 1.0, "3": 1.0, "4": 0.8518518518518519, "5": 1.0, "6": 1.0, "7": 1.0, "8": 1.0, "9": 1.0, "10": 1.0, "11": 1.0, "12": 1.0, "13": 1.0, "14": 0.7083333333333334, "15": 1.0, "16": 1.0, "17": 1.0, "18": 0.9393939393939394, "19": 1.0, "20": 1.0, "21": 1.0, "22": 0.8148148148148148, "23": 1.0, "24": 1.0, "25": 0.9259259259259259, "26": 1.0, "27": 1.0, "28": 1.0, "29": 1.0, "30": 1.0}, {"0": 1.0, "1": 1.0, "2": 1.0, "3": 1.0, "4": 0.7037037037037037, "5": 1.0, "6": 1.0, "7": 1.0, "8": 1.0, "9": 1.0, "10": 1.0, "11": 1.0, "12": 1.0, "13": 1.0, "14": 0.9583333333333334, "15": 1.0, "16": 1.0, "17": 1.0, "18": 0.9696969696969697, "19": 1.0, "20": 1.0, "21": 1.0, "22": 1.0, "23": 1.0, "24": 1.0, "25": 0.7777777777777778, "26": 1.0, "27": 1.0, "28": 1.0, "29": 1.0, "30": 1.0}], "val_class_acc": [{"0": 0.0, "1": 0.0, "2": 0.0, "3": 0.0, "4": 0, "5": 0.0, "6": 0.0, "7": 0.0, "8": 0, "9": 0, "10": 0, "11": 0, "12": 0, "13": 0, "14": 0, "15": 0, "16": 0, "17": 0, "18": 0, "19": 0, "20": 0, "21": 0, "22": 0, "23": 0, "24": 0, "25": 0, "26": 0, "27": 0, "28": 0, "29": 0, "30": 0}, {"0": 0.0, "1": 0.0, "2": 0.0, "3": 0.0, "4": 0, "5": 0.0, "6": 0.0, "7": 0.0, "8": 0, "9": 0, "10": 0, "11": 0, "12": 0, "13": 0, "14": 0, "15": 0, "16": 0, "17": 0, "18": 0, "19": 0, "20": 0, "21": 0, "22": 0, "23": 0, "24": 0, "25": 0, "26": 0, "27": 0, "28": 0, "29": 0, "30": 0}, {"0": 0.0, "1": 0.0, "2": 0.0, "3": 0.0, "4": 0, "5": 0.0, "6": 0.0, "7": 0.0, "8": 0, "9": 0, "10": 0, "11": 0, "12": 0, "13": 0, "14": 0, "15": 0, "16": 0, "17": 0, "18": 0, "19": 0, "20": 0, "21": 0, "22": 0, "23": 0, "24": 0, "25": 0, "26": 0, "27": 0, "28": 0, "29": 0, "30": 0}, {"0": 0.0, "1": 0.0, "2": 0.0, "3": 0.0, "4": 0, "5": 0.0, "6": 0.0, "7": 0.0, "8": 0, "9": 0, "10": 0, "11": 0, "12": 0, "13": 0, "14": 0, "15": 0, "16": 0, "17": 0, "18": 0, "19": 0, "20": 0, "21": 0, "22": 0, "23": 0, "24": 0, "25": 0, "26": 0, "27": 0, "28": 0, "29": 0, "30": 0}, {"0": 0.0, "1": 0.0, "2": 0.0, "3": 0.0, "4": 0, "5": 0.0, "6": 0.0, "7": 0.0, "8": 0, "9": 0, "10": 0, "11": 0, "12": 0, "13": 0, "14": 0, "15": 0, "16": 0, "17": 0, "18": 0, "19": 0, "20": 0, "21": 0, "22": 0, "23": 0, "24": 0, "25": 0, "26": 0, "27": 0, "28": 0, "29": 0, "30": 0}, {"0": 0.0, "1": 0.0, "2": 0.0, "3": 0.0, "4": 0, "5": 0.0, "6": 0.0, "7": 0.0, "8": 0, "9": 0, "10": 0, "11": 0, "12": 0, "13": 0, "14": 0, "15": 0, "16": 0, "17": 0, "18": 0, "19": 0, "20": 0, "21": 0, "22": 0, "23": 0, "24": 0, "25": 0, "26": 0, "27": 0, "28": 0, "29": 0, "30": 0}, {"0": 0.0, "1": 0.0, "2": 0.0, "3": 0.0, "4": 0, "5": 0.0, "6": 0.0, "7": 0.0, "8": 0, "9": 0, "10": 0, "11": 0, "12": 0, "13": 0, "14": 0, "15": 0, "16": 0, "17": 0, "18": 0, "19": 0, "20": 0, "21": 0, "22": 0, "23": 0, "24": 0, "25": 0, "26": 0, "27": 0, "28": 0, "29": 0, "30": 0}], "test_loss": 3.5474351392973453, "test_acc": 0.00917431153357029, "test_class_acc": {"0": 0.0, "1": 0.0, "2": 0.0, "3": 0.0, "4": 0.0, "5": 0.0, "6": 0.0, "7": 0.0, "8": 0.0, "9": 0.0, "10": 0.0, "11": 0.0, "12": 0.0, "13": 0.0, "14": 0.0, "15": 0, "16": 0.0, "17": 0, "18": 0.0, "19": 0.16666666666666666, "20": 0.0, "21": 0, "22": 0.0, "23": 0.0, "24": 0.0, "25": 0.0, "26": 0, "27": 0.0, "28": 0.0, "29": 0, "30": 0}}