{"train_loss": [2.8694168181901567, 1.8683474452308055, 1.1896823718306724, 0.7507841064688865, 0.4978076373593191, 0.3564194964893748, 0.349925939119264, 0.343784301133638, 0.3378667640552092, 0.33480359831552825], "train_acc": [0.2584269642829895, 0.5884831547737122, 0.7794944047927856, 0.8665730357170105, 0.9185393452644348, 0.9550561904907227, 0.9564606547355652, 0.9578651785850525, 0.9648876190185547, 0.9691011309623718], "val_loss": [3.8240714073181152, 4.444296550750733, 4.9973420143127445, 5.252880573272705, 5.7846098899841305, 5.790682601928711, 5.792889785766602, 5.7921548843383786, 5.7934794425964355, 5.793508434295655], "val_acc": [0.0, 0.0, 0.0, 0.0, 0.0, 0.0, 0.0, 0.0, 0.0, 0.0], "train_class_acc": [{"0": 0.05555555555555555, "1": 0.0, "2": 0.3333333333333333, "3": 0.125, "4": 0.5185185185185185, "5": 0.5833333333333334, "6": 0.0, "7": 0.14814814814814814, "8": 0.06060606060606061, "9": 0.5185185185185185, "10": 0.6666666666666666, "11": 0.7878787878787878, "12": 0.19047619047619047, "13": 0.08333333333333333, "14": 0.125, "15": 0.0, "16": 0.36363636363636365, "17": 0.13333333333333333, "18": 0.30303030303030304, "19": 0.21212121212121213, "20": 0.5757575757575758, "21": 0.0, "22": 0.1111111111111111, "23": 0.0, "24": 0.4166666666666667, "25": 0.0, "26": 0.08333333333333333, "27": 0.06060606060606061, "28": 0.07142857142857142, "29": 0.0, "30": 0.0}, {"0": 0.3333333333333333, "1": 0.0, "2": 0.875, "3": 0.7083333333333334, "4": 0.7407407407407407, "5": 1.0, "6": 0.5333333333333333, "7": 0.5925925925925926, "8": 0.45454545454545453, "9": 0.5555555555555556, "10": 0.8333333333333334, "11": 1.0, "12": 0.7142857142857143, "13": 0.8333333333333334, "14": 0.375, "15": 0.0, "16": 1.0, "17": 0.7333333333333333, "18": 0.15151515151515152, "19": 0.9090909090909091, "20": 0.9393939393939394, "21": 0.0, "22": 0.5185185185185185, "23": 0.20833333333333334, "24": 0.08333333333333333, "25": 0.25925925925925924, "26": 0.2916666666666667, "27": 0.5757575757575758, "28": 0.39285714285714285, "29": 0.0, "30": 0.0}, {"0": 0.6111111111111112, "1": 0.06666666666666667, "2": 0.9583333333333334, "3": 0.875, "4": 0.9259259259259259, "5": 1.0, "6": 0.6666666666666666, "7": 0.7777777777777778, "8": 0.8484848484848485, "9": 0.8888888888888888, "10": 0.8, "11": 1.0, "12": 1.0, "13": 1.0, "14": 0.6666666666666666, "15": 0.3333333333333333, "16": 0.9696969696969697, "17": 1.0, "18": 0.9393939393939394, "19": 0.9090909090909091, "20": 0.9696969696969697, "21": 0.0, "22": 0.5185185185185185, "23": 0.20833333333333334, "24": 0.6666666666666666, "25": 0.2962962962962963, "26": 0.4583333333333333, "27": 1.0, "28": 0.75, "29": 0.0, "30": 0.0}, {"0": 0.8333333333333334, "1": 0.4666666666666667, "2": 1.0, "3": 1.0, "4": 0.7777777777777778, "5": 1.0, "6": 0.9333333333333333, "7": 0.8518518518518519, "8": 0.9696969696969697, "9": 0.8888888888888888, "10": 0.9666666666666667, "11": 1.0, "12": 1.0, "13": 1.0, "14": 0.9583333333333334, "15": 0.3333333333333333, "16": 1.0, "17": 1.0, "18": 0.6666666666666666, "19": 0.9696969696969697, "20": 1.0, "21": 0.3333333333333333, "22": 0.7037037037037037, "23": 0.375, "24": 0.7916666666666666, "25": 0.48148148148148145, "26": 0.7083333333333334, "27": 1.0, "28": 1.0, "29": 1.0, "30": 0.3333333333333333}, {"0": 0.9444444444444444, "1": 0.9333333333333333, "2": 0.9583333333333334, "3": 1.0, "4": 0.7037037037037037, "5": 1.0, "6": 1.0, "7": 1.0, "8": 0.9696969696969697, "9": 1.0, "10": 1.0, "11": 1.0, "12": 1.0, "13": 1.0, "14": 0.75, "15": 1.0, "16": 1.0, "17": 1.0, "18": 0.8181818181818182, "19": 1.0, "20": 1.0, "21": 1.0, "22": 0.6296296296296297, "23": 0.625, "24": 0.8333333333333334, "25": 0.7777777777777778, "26": 0.9166666666666666, "27": 1.0, "28": 0.9642857142857143, "29": 0.3333333333333333, "30": 1.0}, {"0": 1.0, "1": 1.0, "2": 1.0, "3": 1.0, "4": 0.7037037037037037, "5": 1.0, "6": 1.0, "7": 1.0, "8": 0.9393939393939394, "9": 1.0, "10": 1.0, "11": 1.0, "12": 1.0, "13": 1.0, "14": 0.9583333333333334, "15": 1.0, "16": 1.0, "17": 1.0, "18": 0.9696969696969697, "19": 1.0, "20": 1.0, "21": 0.6666666666666666, "22": 0.6666666666666666, "23": 0.9166666666666666, "24": 0.9583333333333334, "25": 0.7407407407407407, "26": 1.0, "27": 1.0, "28": 1.0, "29": 1.0, "30": 1.0}, {"0": 1.0, "1": 1.0, "2": 1.0, "3": 1.0, "4": 0.7037037037037037, "5": 1.0, "6": 1.0, "7": 1.0, "8": 0.9393939393939394, "9": 1.0, "10": 1.0, "11": 1.0, "12": 1.0, "13": 1.0, "14": 0.9583333333333334, "15": 1.0, "16": 1.0, "17": 1.0, "18": 1.0, "19": 1.0, "20": 1.0, "21": 1.0, "22": 0.6666666666666666, "23": 0.9583333333333334, "24": 0.9583333333333334, "25": 0.7407407407407407, "26": 1.0, "27": 1.0, "28": 1.0, "29": 0.6666666666666666, "30": 0.6666666666666666}, {"0": 1.0, "1": 0.9333333333333333, "2": 1.0, "3": 1.0, "4": 0.8888888888888888, "5": 1.0, "6": 1.0, "7": 1.0, "8": 0.9696969696969697, "9": 1.0, "10": 1.0, "11": 1.0, "12": 1.0, "13": 1.0, "14": 0.9166666666666666, "15": 1.0, "16": 1.0, "17": 1.0, "18": 1.0, "19": 1.0, "20": 1.0, "21": 0.6666666666666666, "22": 0.6666666666666666, "23": 0.875, "24": 0.9583333333333334, "25": 0.6666666666666666, "26": 1.0, "27": 1.0, "28": 1.0, "29": 1.0, "30": 1.0}, {"0": 1.0, "1": 0.9333333333333333, "2": 1.0, "3": 1.0, "4": 0.8148148148148148, "5": 1.0, "6": 1.0, "7": 1.0, "8": 0.9696969696969697, "9": 1.0, "10": 1.0, "11": 1.0, "12": 1.0, "13": 1.0, "14": 0.9583333333333334, "15": 1.0, "16": 1.0, "17": 1.0, "18": 0.9393939393939394, "19": 1.0, "20": 1.0, "21": 1.0, "22": 0.6666666666666666, "23": 0.9583333333333334, "24": 1.0, "25": 0.8518518518518519, "26": 1.0, "27": 1.0, "28": 1.0, "29": 1.0, "30": 0.6666666666666666}, {"0": 1.0, "1": 1.0, "2": 1.0, "3": 1.0, "4": 0.9629629629629629, "5": 1.0, "6": 1.0, "7": 1.0, "8": 1.0, "9": 1.0, "10": 1.0, "11": 1.0, "12": 1.0, "13": 1.0, "14": 0.9583333333333334, "15": 1.0, "16": 1.0, "17": 1.0, "18": 0.9696969696969697, "19": 1.0, "20": 1.0, "21": 1.0, "22": 0.6666666666666666, "23": 0.875, "24": 0.9583333333333334, "25": 0.8148148148148148, "26": 1.0, "27": 1.0, "28": 1.0, "29": 0.6666666666666666, "30": 1.0}], "val_class_acc": [{"0": 0.0, "1": 0.0, "2": 0.0, "3": 0.0, "4": 0, "5": 0.0, "6": 0.0, "7": 0.0, "8": 0, "9": 0, "10": 0, "11": 0, "12": 0, "13": 0, "14": 0, "15": 0, "16": 0, "17": 0, "18": 0, "19": 0, "20": 0, "21": 0, "22": 0, "23": 0, "24": 0, "25": 0, "26": 0, "27": 0, "28": 0, "29": 0, "30": 0}, {"0": 0.0, "1": 0.0, "2": 0.0, "3": 0.0, "4": 0, "5": 0.0, "6": 0.0, "7": 0.0, "8": 0, "9": 0, "10": 0, "11": 0, "12": 0, "13": 0, "14": 0, "15": 0, "16": 0, "17": 0, "18": 0, "19": 0, "20": 0, "21": 0, "22": 0, "23": 0, "24": 0, "25": 0, "26": 0, "27": 0, "28": 0, "29": 0, "30": 0}, {"0": 0.0, "1": 0.0, "2": 0.0, "3": 0.0, "4": 0, "5": 0.0, "6": 0.0, "7": 0.0, "8": 0, "9": 0, "10": 0, "11": 0, "12": 0, "13": 0, "14": 0, "15": 0, "16": 0, "17": 0, "18": 0, "19": 0, "20": 0, "21": 0, "22": 0, "23": 0, "24": 0, "25": 0, "26": 0, "27": 0, "28": 0, "29": 0, "30": 0}, {"0": 0.0, "1": 0.0, "2": 0.0, "3": 0.0, "4": 0, "5": 0.0, "6": 0.0, "7": 0.0, "8": 0, "9": 0, "10": 0, "11": 0, "12": 0, "13": 0, "14": 0, "15": 0, "16": 0, "17": 0, "18": 0, "19": 0, "20": 0, "21": 0, "22": 0, "23": 0, "24": 0, "25": 0, "26": 0, "27": 0, "28": 0, "29": 0, "30": 0}, {"0": 0.0, "1": 0.0, "2": 0.0, "3": 0.0, "4": 0, "5": 0.0, "6": 0.0, "7": 0.0, "8": 0, "9": 0, "10": 0, "11": 0, "12": 0, "13": 0, "14": 0, "15": 0, "16": 0, "17": 0, "18": 0, "19": 0, "20": 0, "21": 0, "22": 0, "23": 0, "24": 0, "25": 0, "26": 0, "27": 0, "28": 0, "29": 0, "30": 0}, {"0": 0.0, "1": 0.0, "2": 0.0, "3": 0.0, "4": 0, "5": 0.0, "6": 0.0, "7": 0.0, "8": 0, "9": 0, "10": 0, "11": 0, "12": 0, "13": 0, "14": 0, "15": 0, "16": 0, "17": 0, "18": 0, "19": 0, "20": 0, "21": 0, "22": 0, "23": 0, "24": 0, "25": 0, "26": 0, "27": 0, "28": 0, "29": 0, "30": 0}, {"0": 0.0, "1": 0.0, "2": 0.0, "3": 0.0, "4": 0, "5": 0.0, "6": 0.0, "7": 0.0, "8": 0, "9": 0, "10": 0, "11": 0, "12": 0, "13": 0, "14": 0, "15": 0, "16": 0, "17": 0, "18": 0,