{"train_loss": [2.4711513371949785, 1.2248008726687913, 0.8716882755247395, 0.7571639807036753, 0.6397283921081028, 0.6454546364505639, 0.5076629864365867, 0.5085768669508817, 0.4772705295112696, 0.46605800309877715, 0.457499580436878, 0.4654497271508313, 0.46627801053979423, 0.45738199018360526, 0.47364963005098065], "train_acc": [0.27808988094329834, 0.574438214302063, 0.6867977380752563, 0.7233145833015442, 0.742977499961853, 0.7289325594902039, 0.7823033928871155, 0.790730357170105, 0.7893258333206177, 0.8019663095474243, 0.8047752976417542, 0.7879213690757751, 0.800561785697937, 0.8033707737922668, 0.8019663095474243], "val_loss": [2.0819429975794996, 1.8278163755972554, 1.957362493192117, 1.8666813645775862, 2.3386538329086903, 2.2267070661379598, 2.222032619273569, 2.210936829799742, 2.215331697088527, 2.2169609567311803, 2.217011093154667, 2.21704325619645, 2.217097303998752, 2.2170830542646995, 2.2171110665704323], "val_acc": [0.3385826647281647, 0.4881889820098877, 0.4645669162273407, 0.4173228442668915, 0.4488188922405243, 0.5039370059967041, 0.5039370059967041, 0.5118110179901123, 0.5118110179901123, 0.5118110179901123, 0.5118110179901123, 0.5118110179901123, 0.5118110179901123, 0.5118110179901123, 0.5118110179901123], "train_class_acc": [{"0": 0.2777777777777778, "1": 0.3333333333333333, "2": 0.5, "3": 0.5416666666666666, "4": 0.7407407407407407, "5": 0.7083333333333334, "6": 0.3333333333333333, "7": 0.14814814814814814, "8": 0.36363636363636365, "9": 0.14814814814814814, "10": 0.23333333333333334, "11": 0.5757575757575758, "12": 0.09523809523809523, "13": 0.16666666666666666, "14": 0.16666666666666666, "15": 0.0, "16": 0.21212121212121213, "17": 0.3333333333333333, "18": 0.12121212121212122, "19": 0.21212121212121213, "20": 0.3333333333333333, "21": 0.0, "22": 0.07407407407407407, "23": 0.041666666666666664, "24": 0.041666666666666664, "25": 0.0, "26": 0.041666666666666664, "27": 0.6060606060606061, "28": 0.21428571428571427, "29": 0.0, "30": 0.0}, {"0": 0.8333333333333334, "1": 0.6666666666666666, "2": 0.75, "3": 1.0, "4": 0.9259259259259259, "5": 0.9583333333333334, "6": 0.8, "7": 0.25925925925925924, "8": 0.7575757575757576, "9": 0.37037037037037035, "10": 0.23333333333333334, "11": 0.8787878787878788, "12": 0.19047619047619047, "13": 0.3333333333333333, "14": 0.7083333333333334, "15": 0.0, "16": 0.45454545454545453, "17": 0.9333333333333333, "18": 0.6363636363636364, "19": 0.7878787878787878, "20": 0.3939393939393939, "21": 0.0, "22": 0.5925925925925926, "23": 0.16666666666666666, "24": 0.125, "25": 0.3333333333333333, "26": 0.25, "27": 0.9090909090909091, "28": 0.5714285714285714, "29": 0.0, "30": 0.6666666666666666}, {"0": 0.9444444444444444, "1": 0.8, "2": 0.9583333333333334, "3": 0.9583333333333334, "4": 1.0, "5": 0.9583333333333334, "6": 1.0, "7": 0.1111111111111111, "8": 0.9393939393939394, "9": 0.5185185185185185, "10": 0.4666666666666667, "11": 0.9696969696969697, "12": 0.2857142857142857, "13": 0.20833333333333334, "14": 0.75, "15": 0.3333333333333333, "16": 0.6363636363636364, "17": 1.0, "18": 0.8787878787878788, "19": 0.9696969696969697, "20": 0.45454545454545453, "21": 0.3333333333333333, "22": 0.7777777777777778, "23": 0.3333333333333333, "24": 0.125, "25": 0.5555555555555556, "26": 0.3333333333333333, "27": 1.0, "28": 0.7142857142857143, "29": 0.3333333333333333, "30": 1.0}, {"0": 0.9444444444444444, "1": 0.8666666666666667, "2": 0.9583333333333334, "3": 1.0, "4": 1.0, "5": 1.0, "6": 1.0, "7": 0.2962962962962963, "8": 0.9393939393939394, "9": 0.4074074074074074, "10": 0.26666666666666666, "11": 1.0, "12": 0.6666666666666666, "13": 0.4166666666666667, "14": 0.875, "15": 0.0, "16": 0.6060606060606061, "17": 1.0, "18": 0.9090909090909091, "19": 0.9696969696969697, "20": 0.42424242424242425, "21": 0.0, "22": 0.8518518518518519, "23": 0.3333333333333333, "24": 0.16666666666666666, "25": 0.8888888888888888, "26": 0.4166666666666667, "27": 0.9393939393939394, "28": 0.7857142857142857, "29": 0.0, "30": 1.0}, {"0": 1.0, "1": 1.0, "2": 1.0, "3": 1.0, "4": 1.0, "5": 1.0, "6": 1.0, "7": 0.25925925925925924, "8": 1.0, "9": 0.5555555555555556, "10": 0.36666666666666664, "11": 1.0, "12": 0.5238095238095238, "13": 0.20833333333333334, "14": 0.7916666666666666, "15": 0.3333333333333333, "16": 0.7575757575757576, "17": 1.0, "18": 0.9090909090909091, "19": 1.0, "20": 0.3939393939393939, "21": 0.0, "22": 0.8518518518518519, "23": 0.625, "24": 0.2916666666666667, "25": 0.8888888888888888, "26": 0.2916666666666667, "27": 1.0, "28": 0.6785714285714286, "29": 0.0, "30": 1.0}, {"0": 1.0, "1": 1.0, "2": 0.9583333333333334, "3": 1.0, "4": 1.0, "5": 0.9583333333333334, "6": 0.9333333333333333, "7": 0.25925925925925924, "8": 0.9696969696969697, "9": 0.6296296296296297, "10": 0.2, "11": 0.9696969696969697, "12": 0.5238095238095238, "13": 0.3333333333333333, "14": 0.7916666666666666, "15": 0.0, "16": 0.7878787878787878, "17": 1.0, "18": 0.9090909090909091, "19": 1.0, "20": 0.42424242424242425, "21": 0.3333333333333333, "22": 0.8518518518518519, "23": 0.4583333333333333, "24": 0.20833333333333334, "25": 0.8148148148148148, "26": 0.20833333333333334, "27": 0.9393939393939394, "28": 0.8571428571428571, "29": 0.0, "30": 1.0}, {"0": 1.0, "1": 1.0, "2": 1.0, "3": 1.0, "4": 1.0, "5": 1.0, "6": 1.0, "7": 0.6666666666666666, "8": 1.0, "9": 0.25925925925925924, "10": 0.3333333333333333, "11": 1.0, "12": 0.6666666666666666, "13": 0.125, "14": 1.0, "15": 0.3333333333333333, "16": 0.7878787878787878, "17": 1.0, "18": 0.8787878787878788, "19": 1.0, "20": 0.36363636363636365, "21": 0.6666666666666666, "22": 0.8518518518518519, "23": 0.9583333333333334, "24": 0.3333333333333333, "25": 0.9259259259259259, "26": 0.3333333333333333, "27": 1.0, "28": 0.9285714285714286, "29": 0.3333333333333333, "30": 1.0}, {"0": 0.9444444444444444, "1": 1.0, "2": 1.0, "3": 0.9583333333333334, "4": 1.0, "5": 1.0, "6": 0.9333333333333333, "7": 0.6296296296296297, "8": 1.0, "9": 0.2962962962962963, "10": 0.4666666666666667, "11": 1.0, "12": 0.5714285714285714, "13": 0.125, "14": 1.0, "15": 0.3333333333333333, "16": 0.7878787878787878, "17": 1.0, "18": 0.9090909090909091, "19": 1.0, "20": 0.3333333333333333, "21": 0.6666666666666666, "22": 0.8148148148148148, "23": 0.875, "24": 0.5416666666666666, "25": 0.9629629629629629, "26": 0.4583333333333333, "27": 1.0, "28": 0.9642857142857143, "29": 0.3333333333333333, "30": 1.0}, {"0": 1.0, "1": 0.9333333333333333, "2": 1.0, "3": 1.0, "4": 1.0, "5": 1.0, "6": 1.0, "7": 0.6296296296296297, "8": 1.0, "9": 0.3333333333333333, "10": 0.5, "11": 1.0, "12": 0.7142857142857143, "13": 0.125, "14": 0.9166666666666666, "15": 0.0, "16": 0.7878787878787878, "17": 1.0, "18": 0.8787878787878788, "19": 1.0, "20": 0.30303030303030304, "21": 1.0, "22": 0.8888888888888888, "23": 0.7916666666666666, "24": 0.375, "25": 0.9629629629629629, "26": 0.5416666666666666, "27": 1.0, "28": 0.9285714285714286, "29": 0.0, "30": 1.0}, {"0": 1.0, "1": 1.0, "2": 1.0, "3": 1.0, "4": 1.0, "5": 1.0, "6": 1.0, "7": 0.7407407407407407, "8": 1.0, "9": 0.3333333333333333, "10": 0.4, "11": 1.0, "12": 0.8095238095238095, "13": 0.125, "14": 1.0, "15": 0.0, "16": 0.7878787878787878, "17": 1.0, "18": 0.9090909090909091, "19": 0.9393939393939394, "20": 0.36363636363636365, "21": 1.0, "22": 0.9629629629629629, "23": 0.75, "24": 0.4583333333333333, "25": 1.0, "26": 0.5, "27": 1.0, "28": 0.9285714285714286, "29": 0.0, "30": 1.0}, {"0": 1.0, "1": 0.9333333333333333, "2": 1.0, "3": 1.0, "4": 1.0, "5": 1.0, "6": 1.0, "7": 0.6296296296296297, "8": 1.0, "9": 0.5185185185185185, "10": 0.4, "11": 1.0, "12": 0.7142857142857143, "13": 0.125, "14": 0.9583333333333334, "15": 0.3333333333333333, "16": 0.8181818181818182, "17": 1.0, "18": 0.9090909090909091, "19": 1.0, "20": 0.3333333333333333, "21": 0.3333333333333333, "22": 1.0, "23": 0.7916666666666666, "24": 0.4583333333333333, "25": 1.0, "26": 0.4583333333333333, "27": 1.0, "28": 1.0, "29": 0.0, "30": 1.0}, {"0": 1.0, "1": 1.0, "2": 1.0,