{"train_loss": [2.941772720786963, 2.151895986514145, 1.5596592600425978, 1.190000234025248, 0.9848306433538373, 0.8675830159964186, 0.7675764244259073, 0.681831308127789, 0.585613445870662, 0.5329219279496857, 0.5162076413882583, 0.49687721998838896, 0.48052294456054656, 0.4731780200192098, 0.46780858954854226], "train_acc": [0.1910112351179123, 0.4592696726322174, 0.5955055952072144, 0.658707857131958, 0.6797752976417542, 0.7036516666412354, 0.7205055952072144, 0.7485954761505127, 0.7654494643211365, 0.7893258333206177, 0.8117977380752563, 0.8216292262077332, 0.8258426785469055, 0.8272472023963928, 0.8370786309242249], "val_loss": [2.5622515960002508, 2.0001400493261383, 1.7538904449132484, 1.704887176123191, 1.6456344202747495, 1.589649184951632, 1.7455151409614744, 1.5956685643965804, 1.5941004469169406, 1.9049258983041357, 1.8874057881006105, 1.872173079824823, 1.8541362981392642, 1.843705378414139, 1.8436299242137923], "val_acc": [0.32283464074134827, 0.4015747904777527, 0.5039370059967041, 0.5039370059967041, 0.5196850299835205, 0.5511810779571533, 0.5590550899505615, 0.5748031735420227, 0.5905511975288391, 0.5590550899505615, 0.5669291019439697, 0.5669291019439697, 0.5669291019439697, 0.5669291019439697, 0.5669291019439697], "train_class_acc": [{"0": 0.0, "1": 0.0, "2": 0.25, "3": 0.5, "4": 0.6666666666666666, "5": 0.6666666666666666, "6": 0.26666666666666666, "7": 0.037037037037037035, "8": 0.15151515151515152, "9": 0.037037037037037035, "10": 0.13333333333333333, "11": 0.18181818181818182, "12": 0.2857142857142857, "13": 0.0, "14": 0.0, "15": 0.0, "16": 0.21212121212121213, "17": 0.2, "18": 0.21212121212121213, "19": 0.5454545454545454, "20": 0.42424242424242425, "21": 0.0, "22": 0.0, "23": 0.125, "24": 0.0, "25": 0.0, "26": 0.20833333333333334, "27": 0.0, "28": 0.0, "29": 0.0, "30": 0.0}, {"0": 0.6111111111111112, "1": 0.0, "2": 0.9583333333333334, "3": 0.875, "4": 1.0, "5": 0.9166666666666666, "6": 0.13333333333333333, "7": 0.037037037037037035, "8": 0.6060606060606061, "9": 0.25925925925925924, "10": 0.3, "11": 0.8787878787878788, "12": 0.0, "13": 0.16666666666666666, "14": 0.20833333333333334, "15": 0.0, "16": 0.6666666666666666, "17": 0.8666666666666667, "18": 0.6666666666666666, "19": 0.9393939393939394, "20": 0.5757575757575758, "21": 0.0, "22": 0.4444444444444444, "23": 0.0, "24": 0.041666666666666664, "25": 0.0, "26": 0.0, "27": 0.6363636363636364, "28": 0.17857142857142858, "29": 0.0, "30": 0.0}, {"0": 0.7777777777777778, "1": 0.13333333333333333, "2": 1.0, "3": 1.0, "4": 1.0, "5": 1.0, "6": 0.4666666666666667, "7": 0.1111111111111111, "8": 0.8181818181818182, "9": 0.7407407407407407, "10": 0.3, "11": 1.0, "12": 0.23809523809523808, "13": 0.0, "14": 0.5, "15": 0.0, "16": 0.24242424242424243, "17": 1.0, "18": 0.9393939393939394, "19": 1.0, "20": 0.6363636363636364, "21": 0.0, "22": 0.5925925925925926, "23": 0.041666666666666664, "24": 0.125, "25": 0.2962962962962963, "26": 0.20833333333333334, "27": 0.9393939393939394, "28": 0.75, "29": 0.0, "30": 0.0}, {"0": 0.8333333333333334, "1": 0.2, "2": 0.9166666666666666, "3": 1.0, "4": 1.0, "5": 1.0, "6": 0.9333333333333333, "7": 0.4074074074074074, "8": 1.0, "9": 0.4444444444444444, "10": 0.3, "11": 1.0, "12": 0.0, "13": 0.20833333333333334, "14": 0.625, "15": 0.0, "16": 0.6666666666666666, "17": 1.0, "18": 0.9090909090909091, "19": 1.0, "20": 0.5757575757575758, "21": 0.0, "22": 0.6296296296296297, "23": 0.20833333333333334, "24": 0.125, "25": 0.6666666666666666, "26": 0.25, "27": 1.0, "28": 0.75, "29": 0.0, "30": 0.0}, {"0": 1.0, "1": 0.4666666666666667, "2": 0.9583333333333334, "3": 1.0, "4": 1.0, "5": 0.9583333333333334, "6": 0.8666666666666667, "7": 0.1111111111111111, "8": 0.9696969696969697, "9": 0.25925925925925924, "10": 0.43333333333333335, "11": 1.0, "12": 0.047619047619047616, "13": 0.16666666666666666, "14": 0.6666666666666666, "15": 0.0, "16": 0.5757575757575758, "17": 1.0, "18": 0.9090909090909091, "19": 1.0, "20": 0.6666666666666666, "21": 0.0, "22": 0.6296296296296297, "23": 0.375, "24": 0.2916666666666667, "25": 0.9259259259259259, "26": 0.25, "27": 1.0, "28": 0.7857142857142857, "29": 0.0, "30": 0.6666666666666666}, {"0": 1.0, "1": 0.9333333333333333, "2": 1.0, "3": 1.0, "4": 1.0, "5": 1.0, "6": 0.9333333333333333, "7": 0.4444444444444444, "8": 1.0, "9": 0.5185185185185185, "10": 0.26666666666666666, "11": 1.0, "12": 0.38095238095238093, "13": 0.08333333333333333, "14": 0.7916666666666666, "15": 0.0, "16": 0.7575757575757576, "17": 1.0, "18": 0.8484848484848485, "19": 1.0, "20": 0.12121212121212122, "21": 0.0, "22": 0.8148148148148148, "23": 0.4583333333333333, "24": 0.25, "25": 0.7777777777777778, "26": 0.08333333333333333, "27": 1.0, "28": 0.8571428571428571, "29": 0.0, "30": 1.0}, {"0": 1.0, "1": 0.9333333333333333, "2": 1.0, "3": 1.0, "4": 1.0, "5": 1.0, "6": 1.0, "7": 0.2222222222222222, "8": 1.0, "9": 0.37037037037037035, "10": 0.36666666666666664, "11": 1.0, "12": 0.6190476190476191, "13": 0.16666666666666666, "14": 0.875, "15": 0.0, "16": 0.696969696969697, "17": 1.0, "18": 0.8787878787878788, "19": 1.0, "20": 0.30303030303030304, "21": 0.0, "22": 0.8148148148148148, "23": 0.4166666666666667, "24": 0.4583333333333333, "25": 0.8148148148148148, "26": 0.041666666666666664, "27": 1.0, "28": 0.8214285714285714, "29": 0.3333333333333333, "30": 1.0}, {"0": 1.0, "1": 1.0, "2": 1.0, "3": 1.0, "4": 1.0, "5": 1.0, "6": 1.0, "7": 0.4074074074074074, "8": 1.0, "9": 0.5925925925925926, "10": 0.43333333333333335, "11": 1.0, "12": 0.5714285714285714, "13": 0.125, "14": 0.9166666666666666, "15": 0.3333333333333333, "16": 0.7575757575757576, "17": 1.0, "18": 0.8787878787878788, "19": 1.0, "20": 0.3939393939393939, "21": 0.0, "22": 0.8148148148148148, "23": 0.2916666666666667, "24": 0.2916666666666667, "25": 0.9259259259259259, "26": 0.20833333333333334, "27": 1.0, "28": 0.8928571428571429, "29": 0.0, "30": 1.0}, {"0": 1.0, "1": 1.0, "2": 1.0, "3": 1.0, "4": 1.0, "5": 1.0, "6": 1.0, "7": 0.2222222222222222, "8": 1.0, "9": 0.7407407407407407, "10": 0.5, "11": 1.0, "12": 0.7142857142857143, "13": 0.125, "14": 1.0, "15": 0.3333333333333333, "16": 0.8181818181818182, "17": 1.0, "18": 1.0, "19": 1.0, "20": 0.36363636363636365, "21": 0.0, "22": 0.8888888888888888, "23": 0.2916666666666667, "24": 0.125, "25": 0.8888888888888888, "26": 0.20833333333333334, "27": 1.0, "28": 1.0, "29": 0.3333333333333333, "30": 1.0}, {"0": 1.0, "1": 1.0, "2": 1.0, "3": 1.0, "4": 1.0, "5": 1.0, "6": 1.0, "7": 0.14814814814814814, "8": 1.0, "9": 0.7777777777777778, "10": 0.36666666666666664, "11": 1.0, "12": 0.8571428571428571, "13": 0.375, "14": 1.0, "15": 0.0, "16": 0.8787878787878788, "17": 1.0, "18": 0.9696969696969697, "19": 1.0, "20": 0.3939393939393939, "21": 0.0, "22": 0.9629629629629629, "23": 0.5833333333333334, "24": 0.20833333333333334, "25": 0.8518518518518519, "26": 0.3333333333333333, "27": 1.0, "28": 0.9642857142857143, "29": 0.3333333333333333, "30": 1.0}, {"0": 1.0, "1": 1.0, "2": 1.0, "3": 1.0, "4": 1.0, "5": 1.0, "6": 1.0, "7": 0.14814814814814814, "8": 1.0, "9": 0.8888888888888888, "10": 0.9, "11": 1.0, "12": 0.9047619047619048, "13": 0.125, "14": 1.0, "15": 0.0, "16": 0.696969696969697, "17": 1.0, "18": 0.9696969696969697, "19": 1.0, "20": 0.2727272727272727, "21": 0.0, "22": 0.7777777777777778, "23": 0.6666666666666666, "24": 0.4166666666666667, "25": 1.0, "26": 0.5, "27": 1.0, "28": 1.0, "29": 0.6666666666666666, "30": 1.0}, {"0": 1.0, "1": 1.0, "2": 1.0, "3": 1.0, "4": 1.0, "5": 1.0, "6": 1.0, "7": 0.14814814814814814, "8": 1.0, "9": 0.8888888888888888, "10": 0.8, "11": 1.0, "12": 0.8571428571428571, "13": 0.125, "14": 1.0, "15": 0.0, "16": 0.7878787878787878, "17": 1.0, "18": 1.0, "19": 1.0, "20": 0.45454545454545453, "21": 0.0, "22": 0.7777777777777778, "23": 0.625, "24": 0.5, "25": 1.0, "26": 0.5, "27": 1.0, "28": 1.0, "29": 0.6666666666666666, "30": 1.0}, {"0": 1.0, "1": 0.9333333333333333, "2": 1.0, "3": 1.0, "4": 1.0, "5": 1.0, "6": 1.0, "7": 0.14814814814814814, "8": 1.0,