{"train_loss": [2.090610122412778, 1.2970457639587059, 1.0311027711696839, 0.8669267142756601, 0.6782236782352576, 0.613806487469191, 0.5349620577324642, 0.40737036900239043, 0.3462392495254452, 0.3070709248272221, 0.2825312348229162, 0.25455874514378857, 0.2502809958009238, 0.22718202364578677, 0.21304481585374038], "train_acc": [0.3511236011981964, 0.533707857131958, 0.5786516666412354, 0.665730357170105, 0.7317415475845337, 0.7584269642829895, 0.7921348214149475, 0.8216292262077332, 0.851123571395874, 0.8721910119056702, 0.867977499961853, 0.8876404762268066, 0.882022500038147, 0.9058988690376282, 0.9044944047927856], "val_loss": [2.361036287517998, 1.9557247067999652, 1.7051460921295045, 1.804912492046206, 2.151458926088228, 2.3321406897597425, 1.8571003741166723, 1.7804228489793192, 1.676813792055986, 1.6739358883204423, 1.6573295649581068, 1.766947791332335, 1.7801405275900533, 1.7708314028311902, 1.8710946173179808], "val_acc": [0.3937007784843445, 0.3700787425041199, 0.5433070659637451, 0.4566929042339325, 0.4488188922405243, 0.4173228442668915, 0.5196850299835205, 0.5748031735420227, 0.5748031735420227, 0.5748031735420227, 0.5669291019439697, 0.5826771855354309, 0.5511810779571533, 0.5984252095222473, 0.5826771855354309], "train_class_acc": [{"0": 0.1111111111111111, "1": 0.06666666666666667, "2": 0.3333333333333333, "3": 0.3333333333333333, "4": 0.7037037037037037, "5": 0.4583333333333333, "6": 0.5333333333333333, "7": 0.18518518518518517, "8": 0.2727272727272727, "9": 0.25925925925925924, "10": 0.23333333333333334, "11": 0.7575757575757576, "12": 0.047619047619047616, "13": 0.0, "14": 0.4166666666666667, "15": 0.0, "16": 0.45454545454545453, "17": 0.2, "18": 0.5757575757575758, "19": 0.8181818181818182, "20": 0.30303030303030304, "21": 0.0, "22": 0.25925925925925924, "23": 0.08333333333333333, "24": 0.08333333333333333, "25": 0.18518518518518517, "26": 0.125, "27": 0.6363636363636364, "28": 0.5357142857142857, "29": 0.0, "30": 0.0}, {"0": 0.3333333333333333, "1": 0.5333333333333333, "2": 0.5416666666666666, "3": 0.5416666666666666, "4": 0.8148148148148148, "5": 0.7083333333333334, "6": 0.6666666666666666, "7": 0.0, "8": 0.7272727272727273, "9": 0.3333333333333333, "10": 0.13333333333333333, "11": 0.9090909090909091, "12": 0.2857142857142857, "13": 0.375, "14": 0.4583333333333333, "15": 0.0, "16": 0.48484848484848486, "17": 0.6666666666666666, "18": 0.8181818181818182, "19": 1.0, "20": 0.36363636363636365, "21": 0.0, "22": 0.7037037037037037, "23": 0.4583333333333333, "24": 0.25, "25": 0.6666666666666666, "26": 0.08333333333333333, "27": 0.696969696969697, "28": 0.75, "29": 0.0, "30": 0.0}, {"0": 0.6666666666666666, "1": 0.4666666666666667, "2": 0.4166666666666667, "3": 0.5, "4": 0.9629629629629629, "5": 0.7916666666666666, "6": 0.8666666666666667, "7": 0.07407407407407407, "8": 0.8787878787878788, "9": 0.25925925925925924, "10": 0.26666666666666666, "11": 0.9090909090909091, "12": 0.0, "13": 0.5833333333333334, "14": 0.5833333333333334, "15": 0.0, "16": 0.36363636363636365, "17": 0.8666666666666667, "18": 0.9393939393939394, "19": 1.0, "20": 0.3939393939393939, "21": 0.0, "22": 0.7407407407407407, "23": 0.3333333333333333, "24": 0.25, "25": 0.7777777777777778, "26": 0.4166666666666667, "27": 0.9393939393939394, "28": 0.39285714285714285, "29": 0.0, "30": 0.0}, {"0": 0.7777777777777778, "1": 0.8, "2": 0.625, "3": 0.7916666666666666, "4": 0.9259259259259259, "5": 1.0, "6": 1.0, "7": 0.4074074074074074, "8": 0.8787878787878788, "9": 0.37037037037037035, "10": 0.16666666666666666, "11": 0.9696969696969697, "12": 0.5238095238095238, "13": 0.7083333333333334, "14": 0.7083333333333334, "15": 0.0, "16": 0.5151515151515151, "17": 1.0, "18": 0.9393939393939394, "19": 1.0, "20": 0.12121212121212122, "21": 0.0, "22": 0.8518518518518519, "23": 0.2916666666666667, "24": 0.5, "25": 0.8148148148148148, "26": 0.3333333333333333, "27": 1.0, "28": 0.4642857142857143, "29": 0.0, "30": 0.0}, {"0": 0.7222222222222222, "1": 1.0, "2": 0.9166666666666666, "3": 0.9166666666666666, "4": 0.8888888888888888, "5": 0.9583333333333334, "6": 0.9333333333333333, "7": 0.2962962962962963, "8": 1.0, "9": 0.25925925925925924, "10": 0.36666666666666664, "11": 0.9393939393939394, "12": 0.8095238095238095, "13": 0.7083333333333334, "14": 0.7916666666666666, "15": 0.0, "16": 0.8484848484848485, "17": 1.0, "18": 1.0, "19": 1.0, "20": 0.18181818181818182, "21": 0.0, "22": 0.9259259259259259, "23": 0.16666666666666666, "24": 0.4583333333333333, "25": 0.8518518518518519, "26": 0.5833333333333334, "27": 1.0, "28": 0.7142857142857143, "29": 0.0, "30": 0.0}, {"0": 0.8888888888888888, "1": 1.0, "2": 1.0, "3": 0.9166666666666666, "4": 1.0, "5": 0.9166666666666666, "6": 0.8666666666666667, "7": 0.37037037037037035, "8": 0.8787878787878788, "9": 0.4074074074074074, "10": 0.36666666666666664, "11": 0.9696969696969697, "12": 0.9047619047619048, "13": 0.75, "14": 0.9166666666666666, "15": 0.0, "16": 0.7575757575757576, "17": 1.0, "18": 0.9696969696969697, "19": 0.9393939393939394, "20": 0.36363636363636365, "21": 0.0, "22": 1.0, "23": 0.4583333333333333, "24": 0.125, "25": 0.8888888888888888, "26": 0.6666666666666666, "27": 0.9393939393939394, "28": 0.7142857142857143, "29": 0.0, "30": 0.6666666666666666}, {"0": 1.0, "1": 1.0, "2": 1.0, "3": 1.0, "4": 1.0, "5": 1.0, "6": 0.9333333333333333, "7": 0.3333333333333333, "8": 0.9696969696969697, "9": 0.37037037037037035, "10": 0.5, "11": 1.0, "12": 0.8095238095238095, "13": 0.6666666666666666, "14": 0.9583333333333334, "15": 0.0, "16": 0.7272727272727273, "17": 1.0, "18": 1.0, "19": 1.0, "20": 0.5151515151515151, "21": 0.0, "22": 1.0, "23": 0.25, "24": 0.375, "25": 0.9259259259259259, "26": 0.5, "27": 0.9696969696969697, "28": 0.9285714285714286, "29": 0.3333333333333333, "30": 1.0}, {"0": 1.0, "1": 1.0, "2": 1.0, "3": 1.0, "4": 1.0, "5": 1.0, "6": 0.9333333333333333, "7": 1.0, "8": 0.9393939393939394, "9": 0.4444444444444444, "10": 0.1, "11": 1.0, "12": 1.0, "13": 0.5833333333333334, "14": 1.0, "15": 0.0, "16": 0.8787878787878788, "17": 1.0, "18": 1.0, "19": 1.0, "20": 0.36363636363636365, "21": 0.6666666666666666, "22": 1.0, "23": 0.625, "24": 0.20833333333333334, "25": 1.0, "26": 0.625, "27": 1.0, "28": 0.8928571428571429, "29": 0.0, "30": 1.0}, {"0": 1.0, "1": 1.0, "2": 1.0, "3": 1.0, "4": 1.0, "5": 1.0, "6": 1.0, "7": 0.6666666666666666, "8": 1.0, "9": 0.5555555555555556, "10": 0.3333333333333333, "11": 1.0, "12": 1.0, "13": 0.7916666666666666, "14": 1.0, "15": 0.0, "16": 0.9090909090909091, "17": 1.0, "18": 1.0, "19": 1.0, "20": 0.42424242424242425, "21": 1.0, "22": 0.9629629629629629, "23": 0.3333333333333333, "24": 0.625, "25": 1.0, "26": 0.8333333333333334, "27": 1.0, "28": 0.9285714285714286, "29": 0.0, "30": 1.0}, {"0": 1.0, "1": 1.0, "2": 1.0, "3": 1.0, "4": 1.0, "5": 1.0, "6": 1.0, "7": 0.4444444444444444, "8": 1.0, "9": 0.9259259259259259, "10": 0.3, "11": 1.0, "12": 1.0, "13": 0.875, "14": 1.0, "15": 0.3333333333333333, "16": 0.9090909090909091, "17": 1.0, "18": 1.0, "19": 1.0, "20": 0.6060606060606061, "21": 0.6666666666666666, "22": 1.0, "23": 0.20833333333333334, "24": 0.625, "25": 1.0, "26": 1.0, "27": 1.0, "28": 1.0, "29": 0.0, "30": 1.0}, {"0": 1.0, "1": 1.0, "2": 1.0, "3": 1.0, "4": 1.0, "5": 1.0, "6": 1.0, "7": 0.48148148148148145, "8": 1.0, "9": 0.8888888888888888, "10": 0.4, "11": 1.0, "12": 1.0, "13": 0.875, "14": 1.0, "15": 0.0, "16": 0.9393939393939394, "17": 1.0, "18": 1.0, "19": 1.0, "20": 0.45454545454545453, "21": 0.3333333333333333, "22": 1.0, "23": 0.3333333333333333, "24": 0.625, "25": 1.0, "26": 1.0, "27": 1.0, "28": 0.8928571428571429, "29": 0.0, "30": 1.0}, {"0": 1.0, "1": 1.0, "2": 1.0, "3": 1.0, "4": 1.0, "5": 1.0, "6": 1.0, "7": 0.3333333333333333, "8": 1.0, "9": 0.8888888888888888, "10": 0.6333333333333333, "11": 1.0, "12": 1.0, "13": 0.875, "14": 1.0, "15": 0.0, "16": 0.9696969696969697, "17": 1.0, "18": 1.0, "19": 1.0, "20": 0.42424242424242425, "21": 0.3333333333333333, "22": 1.0, "23": 0.5, "24": 0.875,