{"train_loss": [2.2998994990680997, 1.2897783450866014, 1.0817257179303115, 1.0347775461968411, 0.7280338523762949, 0.5932548260420896, 0.6529368567332793, 0.502313581912705, 0.4742885051985805, 0.4025366443596529, 0.31928888327452576, 0.2980112500405044, 0.27319756610674806, 0.2567321641391583, 0.24694328439118488], "train_acc": [0.2738763988018036, 0.516853928565979, 0.6067415475845337, 0.617977499961853, 0.7205055952072144, 0.7542135119438171, 0.7359550595283508, 0.7935393452644348, 0.8019663095474243, 0.8202247023582458, 0.8455055952072144, 0.8637640476226807, 0.8806179761886597, 0.882022500038147, 0.8904494643211365], "val_loss": [2.165920929645929, 2.0134871409633965, 4.251247126286424, 3.333475213351212, 1.6305243640434084, 1.7592899686708225, 1.7484928735597867, 1.940850535715659, 2.1075363065314106, 1.7733419880153627, 1.7557286052253303, 1.795079655534639, 1.8182972228433203, 1.7754968001147893, 1.7861797828373946], "val_acc": [0.34645670652389526, 0.32283464074134827, 0.32283464074134827, 0.25196850299835205, 0.5590550899505615, 0.4803149700164795, 0.4881889820098877, 0.5118110179901123, 0.4330708682537079, 0.5826771855354309, 0.6062992215156555, 0.5905511975288391, 0.5826771855354309, 0.5984252095222473, 0.5905511975288391], "train_class_acc": [{"0": 0.2222222222222222, "1": 0.0, "2": 0.3333333333333333, "3": 0.20833333333333334, "4": 0.5555555555555556, "5": 0.4583333333333333, "6": 0.4, "7": 0.25925925925925924, "8": 0.21212121212121213, "9": 0.14814814814814814, "10": 0.13333333333333333, "11": 0.6363636363636364, "12": 0.0, "13": 0.08333333333333333, "14": 0.125, "15": 0.0, "16": 0.15151515151515152, "17": 0.2, "18": 0.5757575757575758, "19": 0.6363636363636364, "20": 0.2727272727272727, "21": 0.0, "22": 0.3333333333333333, "23": 0.16666666666666666, "24": 0.08333333333333333, "25": 0.1111111111111111, "26": 0.125, "27": 0.36363636363636365, "28": 0.2857142857142857, "29": 0.0, "30": 0.0}, {"0": 0.6111111111111112, "1": 0.2, "2": 0.375, "3": 0.4583333333333333, "4": 0.7777777777777778, "5": 0.7916666666666666, "6": 0.8666666666666667, "7": 0.07407407407407407, "8": 0.7878787878787878, "9": 0.3333333333333333, "10": 0.26666666666666666, "11": 0.8787878787878788, "12": 0.14285714285714285, "13": 0.6666666666666666, "14": 0.5, "15": 0.0, "16": 0.3939393939393939, "17": 0.8666666666666667, "18": 0.9090909090909091, "19": 0.8787878787878788, "20": 0.2727272727272727, "21": 0.0, "22": 0.6296296296296297, "23": 0.16666666666666666, "24": 0.25, "25": 0.4444444444444444, "26": 0.041666666666666664, "27": 0.8181818181818182, "28": 0.5357142857142857, "29": 0.0, "30": 0.0}, {"0": 0.3888888888888889, "1": 0.5333333333333333, "2": 0.5, "3": 0.75, "4": 0.8148148148148148, "5": 0.9583333333333334, "6": 0.9333333333333333, "7": 0.18518518518518517, "8": 0.9090909090909091, "9": 0.2962962962962963, "10": 0.5, "11": 0.9393939393939394, "12": 0.09523809523809523, "13": 0.4166666666666667, "14": 0.5, "15": 0.0, "16": 0.48484848484848486, "17": 1.0, "18": 0.9696969696969697, "19": 0.9696969696969697, "20": 0.3333333333333333, "21": 0.0, "22": 0.8148148148148148, "23": 0.041666666666666664, "24": 0.5833333333333334, "25": 0.6666666666666666, "26": 0.16666666666666666, "27": 0.9696969696969697, "28": 0.6428571428571429, "29": 0.0, "30": 0.0}, {"0": 0.6111111111111112, "1": 0.5333333333333333, "2": 0.75, "3": 0.7916666666666666, "4": 0.8888888888888888, "5": 0.7916666666666666, "6": 0.8666666666666667, "7": 0.37037037037037035, "8": 0.7878787878787878, "9": 0.25925925925925924, "10": 0.06666666666666667, "11": 1.0, "12": 0.42857142857142855, "13": 0.7083333333333334, "14": 0.5, "15": 0.0, "16": 0.6060606060606061, "17": 0.7333333333333333, "18": 0.8787878787878788, "19": 1.0, "20": 0.3939393939393939, "21": 0.0, "22": 0.8518518518518519, "23": 0.4166666666666667, "24": 0.125, "25": 0.7777777777777778, "26": 0.08333333333333333, "27": 0.9090909090909091, "28": 0.6071428571428571, "29": 0.0, "30": 0.0}, {"0": 0.4444444444444444, "1": 0.8, "2": 0.5833333333333334, "3": 0.8333333333333334, "4": 0.9629629629629629, "5": 0.9166666666666666, "6": 0.9333333333333333, "7": 0.2962962962962963, "8": 0.9393939393939394, "9": 0.4444444444444444, "10": 0.5333333333333333, "11": 1.0, "12": 0.9523809523809523, "13": 0.7916666666666666, "14": 0.7083333333333334, "15": 0.0, "16": 0.7878787878787878, "17": 0.9333333333333333, "18": 0.9393939393939394, "19": 0.9696969696969697, "20": 0.24242424242424243, "21": 0.0, "22": 1.0, "23": 0.2916666666666667, "24": 0.25, "25": 0.9259259259259259, "26": 0.375, "27": 0.9696969696969697, "28": 0.8214285714285714, "29": 0.0, "30": 0.3333333333333333}, {"0": 0.8888888888888888, "1": 0.7333333333333333, "2": 0.9166666666666666, "3": 0.875, "4": 1.0, "5": 1.0, "6": 1.0, "7": 0.18518518518518517, "8": 1.0, "9": 0.5925925925925926, "10": 0.3333333333333333, "11": 0.9696969696969697, "12": 0.8571428571428571, "13": 0.7083333333333334, "14": 0.7083333333333334, "15": 0.0, "16": 0.8181818181818182, "17": 1.0, "18": 0.9696969696969697, "19": 1.0, "20": 0.45454545454545453, "21": 0.3333333333333333, "22": 0.9629629629629629, "23": 0.08333333333333333, "24": 0.2916666666666667, "25": 0.9629629629629629, "26": 0.3333333333333333, "27": 1.0, "28": 0.9285714285714286, "29": 0.0, "30": 0.6666666666666666}, {"0": 0.9444444444444444, "1": 0.9333333333333333, "2": 1.0, "3": 0.9583333333333334, "4": 0.9259259259259259, "5": 0.9166666666666666, "6": 1.0, "7": 0.18518518518518517, "8": 0.9696969696969697, "9": 0.2962962962962963, "10": 0.3333333333333333, "11": 1.0, "12": 0.7142857142857143, "13": 0.8333333333333334, "14": 0.875, "15": 0.0, "16": 0.7878787878787878, "17": 0.9333333333333333, "18": 0.8181818181818182, "19": 1.0, "20": 0.36363636363636365, "21": 0.0, "22": 0.8148148148148148, "23": 0.125, "24": 0.2916666666666667, "25": 0.9629629629629629, "26": 0.375, "27": 1.0, "28": 0.8571428571428571, "29": 0.3333333333333333, "30": 1.0}, {"0": 1.0, "1": 1.0, "2": 0.9583333333333334, "3": 1.0, "4": 1.0, "5": 1.0, "6": 0.9333333333333333, "7": 0.3333333333333333, "8": 0.9696969696969697, "9": 0.5925925925925926, "10": 0.43333333333333335, "11": 1.0, "12": 0.9047619047619048, "13": 0.8333333333333334, "14": 0.9166666666666666, "15": 0.0, "16": 0.8787878787878788, "17": 1.0, "18": 0.9696969696969697, "19": 1.0, "20": 0.3333333333333333, "21": 1.0, "22": 0.9259259259259259, "23": 0.4166666666666667, "24": 0.125, "25": 0.9629629629629629, "26": 0.3333333333333333, "27": 1.0, "28": 0.8928571428571429, "29": 0.0, "30": 1.0}, {"0": 0.8888888888888888, "1": 1.0, "2": 1.0, "3": 1.0, "4": 1.0, "5": 1.0, "6": 1.0, "7": 0.18518518518518517, "8": 0.9696969696969697, "9": 0.48148148148148145, "10": 0.4, "11": 1.0, "12": 0.8571428571428571, "13": 0.7916666666666666, "14": 0.7916666666666666, "15": 0.6666666666666666, "16": 0.9090909090909091, "17": 1.0, "18": 1.0, "19": 1.0, "20": 0.6666666666666666, "21": 0.3333333333333333, "22": 0.9629629629629629, "23": 0.20833333333333334, "24": 0.2916666666666667, "25": 0.9259259259259259, "26": 0.625, "27": 1.0, "28": 0.8928571428571429, "29": 0.0, "30": 1.0}, {"0": 0.9444444444444444, "1": 1.0, "2": 1.0, "3": 1.0, "4": 0.8518518518518519, "5": 1.0, "6": 1.0, "7": 0.1111111111111111, "8": 1.0, "9": 0.14814814814814814, "10": 0.8666666666666667, "11": 1.0, "12": 1.0, "13": 0.7916666666666666, "14": 0.9166666666666666, "15": 0.0, "16": 1.0, "17": 1.0, "18": 1.0, "19": 1.0, "20": 0.36363636363636365, "21": 0.0, "22": 1.0, "23": 0.5416666666666666, "24": 0.7083333333333334, "25": 1.0, "26": 0.25, "27": 1.0, "28": 0.9285714285714286, "29": 1.0, "30": 1.0}, {"0": 1.0, "1": 1.0, "2": 1.0, "3": 1.0, "4": 1.0, "5": 1.0, "6": 1.0, "7": 0.4444444444444444, "8": 1.0, "9": 0.7407407407407407, "10": 0.26666666666666666, "11": 1.0, "12": 1.0, "13": 0.8333333333333334, "14": 0.9166666666666666, "15": 0.0, "16": 1.0, "17": 1.0, "18": 1.0, "19": 1.0, "20": 0.5151515151515151, "21": 0.0, "22": 1.0, "23": 0.5, "24": 0.16666666666666666, "25": 1.0,