{"train_loss": [2.0885171548704085, 1.166841587323821, 0.9038788776719169, 0.7501708061507578, 0.5073766072144669], "train_acc": [0.35533708333969116, 0.5421348214149475, 0.6615168452262878, 0.7050561904907227, 0.8089887499809265], "val_loss": [8.284626674652099, 4.742327499389648, 7.167303466796875, 9.319286727905274, 8.875550460815429], "val_acc": [0.0, 0.0, 0.0, 0.0, 0.0], "train_class_acc": [{"0": 0.16666666666666666, "1": 0.06666666666666667, "2": 0.4166666666666667, "3": 0.20833333333333334, "4": 0.6666666666666666, "5": 0.625, "6": 0.26666666666666666, "7": 0.3333333333333333, "8": 0.21212121212121213, "9": 0.25925925925925924, "10": 0.5333333333333333, "11": 0.6363636363636364, "12": 0.14285714285714285, "13": 0.3333333333333333, "14": 0.125, "15": 0.0, "16": 0.2727272727272727, "17": 0.06666666666666667, "18": 0.30303030303030304, "19": 0.8181818181818182, "20": 0.42424242424242425, "21": 0.0, "22": 0.37037037037037035, "23": 0.20833333333333334, "24": 0.2916666666666667, "25": 0.3333333333333333, "26": 0.041666666666666664, "27": 0.6666666666666666, "28": 0.2857142857142857, "29": 0.0, "30": 0.0}, {"0": 0.4444444444444444, "1": 0.13333333333333333, "2": 0.3333333333333333, "3": 0.5, "4": 0.5925925925925926, "5": 0.875, "6": 0.9333333333333333, "7": 0.2962962962962963, "8": 0.8181818181818182, "9": 0.37037037037037035, "10": 0.4, "11": 0.9696969696969697, "12": 0.6190476190476191, "13": 0.625, "14": 0.3333333333333333, "15": 0.0, "16": 0.7575757575757576, "17": 0.5333333333333333, "18": 0.5151515151515151, "19": 0.9696969696969697, "20": 0.6363636363636364, "21": 0.0, "22": 0.4074074074074074, "23": 0.125, "24": 0.3333333333333333, "25": 0.5185185185185185, "26": 0.125, "27": 0.9393939393939394, "28": 0.25, "29": 0.0, "30": 0.0}, {"0": 0.2222222222222222, "1": 0.5333333333333333, "2": 0.5833333333333334, "3": 0.5416666666666666, "4": 0.6296296296296297, "5": 0.9583333333333334, "6": 0.8, "7": 0.5185185185185185, "8": 0.8787878787878788, "9": 0.3333333333333333, "10": 0.7333333333333333, "11": 0.9393939393939394, "12": 0.7619047619047619, "13": 1.0, "14": 0.5, "15": 0.0, "16": 0.6666666666666666, "17": 0.9333333333333333, "18": 0.6060606060606061, "19": 1.0, "20": 0.9696969696969697, "21": 0.0, "22": 0.4444444444444444, "23": 0.20833333333333334, "24": 0.625, "25": 0.5185185185185185, "26": 0.2916666666666667, "27": 0.9393939393939394, "28": 0.6428571428571429, "29": 0.0, "30": 0.0}, {"0": 0.6666666666666666, "1": 0.6, "2": 0.7916666666666666, "3": 0.7083333333333334, "4": 0.37037037037037035, "5": 0.8333333333333334, "6": 0.9333333333333333, "7": 0.7037037037037037, "8": 0.9696969696969697, "9": 0.25925925925925924, "10": 0.8, "11": 0.9696969696969697, "12": 0.9523809523809523, "13": 0.9583333333333334, "14": 0.4583333333333333, "15": 0.0, "16": 0.7575757575757576, "17": 0.8666666666666667, "18": 0.6363636363636364, "19": 1.0, "20": 0.9090909090909091, "21": 0.0, "22": 0.48148148148148145, "23": 0.5833333333333334, "24": 0.2916666666666667, "25": 0.6666666666666666, "26": 0.375, "27": 1.0, "28": 0.5357142857142857, "29": 0.0, "30": 0.6666666666666666}, {"0": 0.8888888888888888, "1": 0.9333333333333333, "2": 0.7916666666666666, "3": 0.9166666666666666, "4": 0.8518518518518519, "5": 1.0, "6": 1.0, "7": 0.8518518518518519, "8": 0.9696969696969697, "9": 0.48148148148148145, "10": 0.9, "11": 0.9696969696969697, "12": 1.0, "13": 0.9166666666666666, "14": 0.625, "15": 0.3333333333333333, "16": 0.9696969696969697, "17": 1.0, "18": 0.5757575757575758, "19": 1.0, "20": 0.9696969696969697, "21": 0.3333333333333333, "22": 0.48148148148148145, "23": 0.4583333333333333, "24": 0.2916666666666667, "25": 0.7037037037037037, "26": 0.5833333333333334, "27": 0.9696969696969697, "28": 0.8928571428571429, "29": 0.6666666666666666, "30": 0.6666666666666666}], "val_class_acc": [{"0": 0.0, "1": 0.0, "2": 0.0, "3": 0.0, "4": 0, "5": 0.0, "6": 0.0, "7": 0.0, "8": 0, "9": 0, "10": 0, "11": 0, "12": 0, "13": 0, "14": 0, "15": 0, "16": 0, "17": 0, "18": 0, "19": 0, "20": 0, "21": 0, "22": 0, "23": 0, "24": 0, "25": 0, "26": 0, "27": 0, "28": 0, "29": 0, "30": 0}, {"0": 0.0, "1": 0.0, "2": 0.0, "3": 0.0, "4": 0, "5": 0.0, "6": 0.0, "7": 0.0, "8": 0, "9": 0, "10": 0, "11": 0, "12": 0, "13": 0, "14": 0, "15": 0, "16": 0, "17": 0, "18": 0, "19": 0, "20": 0, "21": 0, "22": 0, "23": 0, "24": 0, "25": 0, "26": 0, "27": 0, "28": 0, "29": 0, "30": 0}, {"0": 0.0, "1": 0.0, "2": 0.0, "3": 0.0, "4": 0, "5": 0.0, "6": 0.0, "7": 0.0, "8": 0, "9": 0, "10": 0, "11": 0, "12": 0, "13": 0, "14": 0, "15": 0, "16": 0, "17": 0, "18": 0, "19": 0, "20": 0, "21": 0, "22": 0, "23": 0, "24": 0, "25": 0, "26": 0, "27": 0, "28": 0, "29": 0, "30": 0}, {"0": 0.0, "1": 0.0, "2": 0.0, "3": 0.0, "4": 0, "5": 0.0, "6": 0.0, "7": 0.0, "8": 0, "9": 0, "10": 0, "11": 0, "12": 0, "13": 0, "14": 0, "15": 0, "16": 0, "17": 0, "18": 0, "19": 0, "20": 0, "21": 0, "22": 0, "23": 0, "24": 0, "25": 0, "26": 0, "27": 0, "28": 0, "29": 0, "30": 0}, {"0": 0.0, "1": 0.0, "2": 0.0, "3": 0.0, "4": 0, "5": 0.0, "6": 0.0, "7": 0.0, "8": 0, "9": 0, "10": 0, "11": 0, "12": 0, "13": 0, "14": 0, "15": 0, "16": 0, "17": 0, "18": 0, "19": 0, "20": 0, "21": 0, "22": 0, "23": 0, "24": 0, "25": 0, "26": 0, "27": 0, "28": 0, "29": 0, "30": 0}], "test_loss": 3.5287181696760546, "test_acc": 0.05504586920142174, "test_class_acc": {"0": 0.0, "1": 0.0, "2": 0.0, "3": 0.0, "4": 0.0, "5": 0.0, "6": 0.0, "7": 0.0, "8": 1.0, "9": 0.0, "10": 0.0, "11": 0.0, "12": 0.0, "13": 0.0, "14": 0.0, "15": 0, "16": 0.0, "17": 0, "18": 0.0, "19": 0.0, "20": 0.0, "21": 0, "22": 0.0, "23": 0.0, "24": 0.0, "25": 0.0, "26": 0, "27": 0.0, "28": 0.0, "29": 0, "30": 0}}