{"train_loss": [1.9576964860551813, 1.083520404408487, 0.8741638359059108, 0.6731130360217576, 0.5283042922448576, 0.4197158344675986, 0.22956000519602487, 0.16111031157916852], "train_acc": [0.39466291666030884, 0.5758426785469055, 0.6699438095092773, 0.7443820238113403, 0.8216292262077332, 0.8272472023963928, 0.9185393452644348, 0.9438202381134033], "val_loss": [10.744800186157226, 6.1521937370300295, 6.167780113220215, 7.681631469726563, 6.307635498046875, 9.06661319732666, 8.280819511413574, 7.82528018951416], "val_acc": [0.0, 0.02500000037252903, 0.05000000074505806, 0.0, 0.02500000037252903, 0.0, 0.0, 0.0], "train_class_acc": [{"0": 0.1111111111111111, "1": 0.0, "2": 0.3333333333333333, "3": 0.08333333333333333, "4": 0.4444444444444444, "5": 0.6666666666666666, "6": 0.5333333333333333, "7": 0.37037037037037035, "8": 0.6363636363636364, "9": 0.4444444444444444, "10": 0.36666666666666664, "11": 0.7575757575757576, "12": 0.19047619047619047, "13": 0.20833333333333334, "14": 0.375, "15": 0.0, "16": 0.48484848484848486, "17": 0.4, "18": 0.3939393939393939, "19": 0.8484848484848485, "20": 0.42424242424242425, "21": 0.0, "22": 0.25925925925925924, "23": 0.08333333333333333, "24": 0.125, "25": 0.18518518518518517, "26": 0.16666666666666666, "27": 0.8181818181818182, "28": 0.39285714285714285, "29": 0.0, "30": 0.0}, {"0": 0.2222222222222222, "1": 0.13333333333333333, "2": 0.5416666666666666, "3": 0.4583333333333333, "4": 0.6296296296296297, "5": 0.625, "6": 0.7333333333333333, "7": 0.5185185185185185, "8": 0.9393939393939394, "9": 0.7777777777777778, "10": 0.26666666666666666, "11": 1.0, "12": 0.5714285714285714, "13": 0.5833333333333334, "14": 0.4166666666666667, "15": 0.0, "16": 0.5151515151515151, "17": 0.6666666666666666, "18": 0.3939393939393939, "19": 1.0, "20": 0.696969696969697, "21": 0.0, "22": 0.4444444444444444, "23": 0.3333333333333333, "24": 0.4166666666666667, "25": 0.5925925925925926, "26": 0.25, "27": 0.9696969696969697, "28": 0.5, "29": 0.0, "30": 0.0}, {"0": 0.5, "1": 0.26666666666666666, "2": 0.75, "3": 0.7083333333333334, "4": 0.7777777777777778, "5": 0.8333333333333334, "6": 0.8666666666666667, "7": 0.37037037037037035, "8": 0.9393939393939394, "9": 0.7037037037037037, "10": 0.7666666666666667, "11": 0.9393939393939394, "12": 0.6666666666666666, "13": 0.9583333333333334, "14": 0.4583333333333333, "15": 0.0, "16": 0.7272727272727273, "17": 0.8666666666666667, "18": 0.5454545454545454, "19": 0.9696969696969697, "20": 0.9090909090909091, "21": 0.0, "22": 0.6296296296296297, "23": 0.2916666666666667, "24": 0.375, "25": 0.5925925925925926, "26": 0.16666666666666666, "27": 1.0, "28": 0.35714285714285715, "29": 0.0, "30": 0.0}, {"0": 0.4444444444444444, "1": 0.26666666666666666, "2": 0.6666666666666666, "3": 0.8333333333333334, "4": 0.7037037037037037, "5": 1.0, "6": 0.9333333333333333, "7": 0.6296296296296297, "8": 1.0, "9": 0.8518518518518519, "10": 0.6666666666666666, "11": 1.0, "12": 0.8571428571428571, "13": 0.9166666666666666, "14": 0.5833333333333334, "15": 0.3333333333333333, "16": 0.9696969696969697, "17": 1.0, "18": 0.48484848484848486, "19": 1.0, "20": 0.9696969696969697, "21": 0.0, "22": 0.6296296296296297, "23": 0.20833333333333334, "24": 0.5416666666666666, "25": 0.6296296296296297, "26": 0.2916666666666667, "27": 1.0, "28": 0.8214285714285714, "29": 0.3333333333333333, "30": 0.0}, {"0": 0.7222222222222222, "1": 0.7333333333333333, "2": 0.9583333333333334, "3": 0.9166666666666666, "4": 0.7407407407407407, "5": 1.0, "6": 0.9333333333333333, "7": 0.8888888888888888, "8": 0.9090909090909091, "9": 0.8518518518518519, "10": 0.8333333333333334, "11": 1.0, "12": 1.0, "13": 0.9583333333333334, "14": 0.75, "15": 0.3333333333333333, "16": 0.9393939393939394, "17": 1.0, "18": 0.6060606060606061, "19": 1.0, "20": 0.8787878787878788, "21": 0.3333333333333333, "22": 0.5555555555555556, "23": 0.375, "24": 0.7083333333333334, "25": 0.7037037037037037, "26": 0.5, "27": 0.9696969696969697, "28": 0.8571428571428571, "29": 0.3333333333333333, "30": 0.6666666666666666}, {"0": 0.7777777777777778, "1": 0.4666666666666667, "2": 0.9583333333333334, "3": 0.875, "4": 0.8148148148148148, "5": 1.0, "6": 0.9333333333333333, "7": 0.9629629629629629, "8": 1.0, "9": 0.9259259259259259, "10": 0.9333333333333333, "11": 1.0, "12": 1.0, "13": 1.0, "14": 0.5833333333333334, "15": 1.0, "16": 0.9090909090909091, "17": 0.9333333333333333, "18": 0.6363636363636364, "19": 1.0, "20": 0.9393939393939394, "21": 0.0, "22": 0.5555555555555556, "23": 0.5, "24": 0.625, "25": 0.5185185185185185, "26": 0.4166666666666667, "27": 0.9696969696969697, "28": 0.9285714285714286, "29": 1.0, "30": 0.3333333333333333}, {"0": 0.8888888888888888, "1": 0.9333333333333333, "2": 1.0, "3": 0.9583333333333334, "4": 0.5185185185185185, "5": 0.9583333333333334, "6": 1.0, "7": 1.0, "8": 1.0, "9": 1.0, "10": 0.9333333333333333, "11": 1.0, "12": 0.9523809523809523, "13": 1.0, "14": 0.9583333333333334, "15": 1.0, "16": 0.9696969696969697, "17": 1.0, "18": 0.8787878787878788, "19": 1.0, "20": 1.0, "21": 1.0, "22": 0.6666666666666666, "23": 0.625, "24": 1.0, "25": 0.7407407407407407, "26": 0.75, "27": 1.0, "28": 1.0, "29": 1.0, "30": 1.0}, {"0": 1.0, "1": 0.9333333333333333, "2": 0.9583333333333334, "3": 1.0, "4": 0.8518518518518519, "5": 1.0, "6": 1.0, "7": 1.0, "8": 1.0, "9": 1.0, "10": 1.0, "11": 1.0, "12": 1.0, "13": 1.0, "14": 0.5416666666666666, "15": 1.0, "16": 1.0, "17": 1.0, "18": 0.9090909090909091, "19": 1.0, "20": 1.0, "21": 1.0, "22": 0.7037037037037037, "23": 1.0, "24": 1.0, "25": 0.8518518518518519, "26": 0.6666666666666666, "27": 1.0, "28": 1.0, "29": 1.0, "30": 1.0}], "val_class_acc": [{"0": 0.0, "1": 0.0, "2": 0.0, "3": 0.0, "4": 0, "5": 0.0, "6": 0.0, "7": 0.0, "8": 0, "9": 0, "10": 0, "11": 0, "12": 0, "13": 0, "14": 0, "15": 0, "16": 0, "17": 0, "18": 0, "19": 0, "20": 0, "21": 0, "22": 0, "23": 0, "24": 0, "25": 0, "26": 0, "27": 0, "28": 0, "29": 0, "30": 0}, {"0": 0.16666666666666666, "1": 0.0, "2": 0.0, "3": 0.0, "4": 0, "5": 0.0, "6": 0.0, "7": 0.0, "8": 0, "9": 0, "10": 0, "11": 0, "12": 0, "13": 0, "14": 0, "15": 0, "16": 0, "17": 0, "18": 0, "19": 0, "20": 0, "21": 0, "22": 0, "23": 0, "24": 0, "25": 0, "26": 0, "27": 0, "28": 0, "29": 0, "30": 0}, {"0": 0.3333333333333333, "1": 0.0, "2": 0.0, "3": 0.0, "4": 0, "5": 0.0, "6": 0.0, "7": 0.0, "8": 0, "9": 0, "10": 0, "11": 0, "12": 0, "13": 0, "14": 0, "15": 0, "16": 0, "17": 0, "18": 0, "19": 0, "20": 0, "21": 0, "22": 0, "23": 0, "24": 0, "25": 0, "26": 0, "27": 0, "28": 0, "29": 0, "30": 0}, {"0": 0.0, "1": 0.0, "2": 0.0, "3": 0.0, "4": 0, "5": 0.0, "6": 0.0, "7": 0.0, "8": 0, "9": 0, "10": 0, "11": 0, "12": 0, "13": 0, "14": 0, "15": 0, "16": 0, "17": 0, "18": 0, "19": 0, "20": 0, "21": 0, "22": 0, "23": 0, "24": 0, "25": 0, "26": 0, "27": 0, "28": 0, "29": 0, "30": 0}, {"0": 0.16666666666666666, "1": 0.0, "2": 0.0, "3": 0.0, "4": 0, "5": 0.0, "6": 0.0, "7": 0.0, "8": 0, "9": 0, "10": 0, "11": 0, "12": 0, "13": 0, "14": 0, "15": 0, "16": 0, "17": 0, "18": 0, "19": 0, "20": 0, "21": 0, "22": 0, "23": 0, "24": 0, "25": 0, "26": 0, "27": 0, "28": 0, "29": 0, "30": 0}, {"0": 0.0, "1": 0.0, "2": 0.0, "3": 0.0, "4": 0, "5": 0.0, "6": 0.0, "7": 0.0, "8": 0, "9": 0, "10": 0, "11": 0, "12": 0, "13": 0, "14": 0, "15": 0, "16": 0, "17": 0, "18": 0, "19": 0, "20": 0, "21": 0, "22": 0, "23": 0, "24": 0, "25": 0, "26": 0, "27": 0, "28": 0, "29": 0, "30": 0}, {"0": 0.0, "1": 0.0, "2": 0.0, "3": 0.0, "4": 0, "5": 0.0, "6": 0.0, "7": 0.0, "8": 0, "9": 0, "10": 0, "11": 0, "12": 0, "13": 0, "14": 0, "15": 0, "16": 0, "17": 0, "18": 0, "19": 0, "20": 0, "21": 0, "22": 0, "23": 0, "24": 0, "25": 0, "26": 0, "27": 0, "28": 0, "29": 0, "30": 0}, {"0": 0.0, "1": 0.0, "2": 0.0, "3": 0.0, "4": 0, "5": 0.0, "6": 0.0, "7": 0.0, "8": 0, "9": 0, "10": 0, "11": 0, "12": 0, "13": 0, "14": 0, "15": 0, "16": 0, "17": 0, "18": 0, "19": 0, "20": 0, "21": 0, "22": 0, "23": 0, "24": 0, "25": 0, "26": 0, "27": 0, "28": 0, "29": 0, "30": 0}],