{"mean_test_accuracy": 0.5222772359848022, "std_test_accuracy": 0.012376248836517334}