{"mean_test_accuracy": 0.6732673346996307, "std_test_accuracy": 0.014851480722427368}