{"mean_test_accuracy": 0.9944547216097513, "std_test_accuracy": 0.002614059936241677}