{"mean_test_accuracy": 0.38613860309123993, "std_test_accuracy": 0.024752482771873474}