{"mean_test_accuracy": 0.017326731933280826, "std_test_accuracy": 0.012376236962154508}