{"mean_test_accuracy": 0.027227722108364105, "std_test_accuracy": 0.002475246787071228}