{"mean_test_accuracy": 0.4009900838136673, "std_test_accuracy": 0.0445544570684433}