{"mean_test_accuracy": 0.029702970758080482, "std_test_accuracy": 0.004950495436787605}