{"train_loss": [2.719015218220153, 1.0349773076934874, 0.5029586314192925, 0.29591550078131346, 0.24506323574415817, 0.19553130368009886, 0.1784870844680836, 0.17825079463611282, 0.15275096326356297, 0.14914320961648825], "train_acc": [0.2905457317829132, 0.6986933350563049, 0.8531898260116577, 0.9054573178291321, 0.9239047169685364, 0.9431206583976746, 0.9500384330749512, 0.9485011696815491, 0.9577248096466064, 0.9538816213607788], "val_loss": [7.6349388789204715, 8.743813736924848, 8.770368326057508, 10.080386032178565, 9.802554528690079, 9.822217580184196, 9.840968428306208, 9.86638047857192, 9.886243292428915, 9.8864364068485], "val_acc": [0.0, 0.0, 0.0, 0.0, 0.0, 0.0, 0.0, 0.0, 0.0, 0.0], "train_class_acc": [{"0": 0.47058823529411764, "1": 0.25925925925925924, "2": 0.5641025641025641, "3": 0.0, "4": 0.0, "5": 0.14285714285714285, "6": 0.38095238095238093, "7": 0.0, "8": 0.5454545454545454, "9": 0.0, "10": 0.2222222222222222, "11": 0.3939393939393939, "12": 0.15151515151515152, "13": 0.16666666666666666, "14": 0.4444444444444444, "15": 0.3333333333333333, "16": 0.23809523809523808, "17": 0.0, "18": 0.6666666666666666, "19": 0.19444444444444445, "20": 0.26666666666666666, "21": 0.03571428571428571, "22": 0.55, "23": 0.0, "24": 0.0, "25": 0.0, "26": 0.25, "27": 0.2962962962962963, "28": 0.0, "29": 0.2222222222222222, "30": 0.0, "31": 0.08333333333333333, "32": 0.0, "33": 0.5476190476190477, "34": 0.037037037037037035, "35": 0.19047619047619047, "36": 0.24242424242424243, "37": 0.08333333333333333, "38": 0.06666666666666667, "39": 0.0, "40": 0.3333333333333333, "41": 0.5897435897435898, "42": 0.1111111111111111, "43": 0.48148148148148145, "44": 0.0, "45": 0.05, "46": 0.0, "47": 0.0, "48": 0.0, "49": 0.3333333333333333, "50": 0.0, "51": 0.42424242424242425, "52": 0.7142857142857143, "53": 0.3611111111111111, "54": 0.09523809523809523, "55": 0.14814814814814814}, {"0": 0.8235294117647058, "1": 0.9259259259259259, "2": 0.9743589743589743, "3": 0.0, "4": 0.06666666666666667, "5": 0.5714285714285714, "6": 1.0, "7": 0.0, "8": 0.9090909090909091, "9": 0.3076923076923077, "10": 0.7037037037037037, "11": 0.6666666666666666, "12": 0.9090909090909091, "13": 0.25, "14": 0.6666666666666666, "15": 0.7878787878787878, "16": 0.5238095238095238, "17": 0.6666666666666666, "18": 0.9166666666666666, "19": 0.8055555555555556, "20": 0.7333333333333333, "21": 0.6071428571428571, "22": 0.925, "23": 0.26666666666666666, "24": 0.38095238095238093, "25": 0.6666666666666666, "26": 0.9583333333333334, "27": 0.5925925925925926, "28": 0.5555555555555556, "29": 0.7777777777777778, "30": 0.0, "31": 0.3333333333333333, "32": 0.3333333333333333, "33": 0.8095238095238095, "34": 0.2962962962962963, "35": 0.47619047619047616, "36": 0.8787878787878788, "37": 0.6666666666666666, "38": 0.7333333333333333, "39": 0.47619047619047616, "40": 0.8, "41": 0.9743589743589743, "42": 0.5, "43": 0.4074074074074074, "44": 0.16666666666666666, "45": 0.7, "46": 0.3333333333333333, "47": 0.0, "48": 0.26666666666666666, "49": 0.8333333333333334, "50": 0.5833333333333334, "51": 0.8181818181818182, "52": 0.9285714285714286, "53": 0.9166666666666666, "54": 0.42857142857142855, "55": 0.5555555555555556}, {"0": 0.9215686274509803, "1": 1.0, "2": 0.9743589743589743, "3": 0.6666666666666666, "4": 0.6, "5": 0.9047619047619048, "6": 1.0, "7": 0.3333333333333333, "8": 0.9393939393939394, "9": 0.8461538461538461, "10": 1.0, "11": 0.8787878787878788, "12": 0.9696969696969697, "13": 0.8333333333333334, "14": 0.7777777777777778, "15": 0.9090909090909091, "16": 0.7619047619047619, "17": 0.8333333333333334, "18": 0.9444444444444444, "19": 0.9444444444444444, "20": 0.9333333333333333, "21": 0.6071428571428571, "22": 1.0, "23": 0.7333333333333333, "24": 0.9047619047619048, "25": 0.8888888888888888, "26": 0.9583333333333334, "27": 0.9259259259259259, "28": 1.0, "29": 0.8888888888888888, "30": 1.0, "31": 0.5833333333333334, "32": 0.6666666666666666, "33": 0.9285714285714286, "34": 0.6296296296296297, "35": 0.6666666666666666, "36": 0.7575757575757576, "37": 0.9166666666666666, "38": 1.0, "39": 0.6190476190476191, "40": 0.9333333333333333, "41": 0.9743589743589743, "42": 0.9444444444444444, "43": 0.5555555555555556, "44": 0.6666666666666666, "45": 0.95, "46": 0.6666666666666666, "47": 0.4444444444444444, "48": 0.6666666666666666, "49": 0.8666666666666667, "50": 0.75, "51": 0.8181818181818182, "52": 0.9761904761904762, "53": 0.9444444444444444, "54": 0.47619047619047616, "55": 0.5185185185185185}, {"0": 1.0, "1": 1.0, "2": 1.0, "3": 1.0, "4": 0.4666666666666667, "5": 1.0, "6": 1.0, "7": 1.0, "8": 1.0, "9": 0.9230769230769231, "10": 1.0, "11": 0.9696969696969697, "12": 1.0, "13": 0.9166666666666666, "14": 0.9259259259259259, "15": 0.8787878787878788, "16": 0.8095238095238095, "17": 1.0, "18": 1.0, "19": 1.0, "20": 1.0, "21": 0.75, "22": 1.0, "23": 1.0, "24": 1.0, "25": 1.0, "26": 0.875, "27": 1.0, "28": 1.0, "29": 0.8333333333333334, "30": 1.0, "31": 0.9166666666666666, "32": 1.0, "33": 1.0, "34": 0.5555555555555556, "35": 0.6190476190476191, "36": 0.7878787878787878, "37": 1.0, "38": 1.0, "39": 0.7142857142857143, "40": 0.9333333333333333, "41": 0.9743589743589743, "42": 0.8888888888888888, "43": 0.7037037037037037, "44": 1.0, "45": 1.0, "46": 0.7222222222222222, "47": 0.3333333333333333, "48": 0.8, "49": 0.9333333333333333, "50": 0.9166666666666666, "51": 1.0, "52": 0.9761904761904762, "53": 0.9722222222222222, "54": 0.5714285714285714, "55": 0.48148148148148145}, {"0": 0.9803921568627451, "1": 1.0, "2": 1.0, "3": 1.0, "4": 0.5333333333333333, "5": 0.9523809523809523, "6": 1.0, "7": 1.0, "8": 1.0, "9": 1.0, "10": 0.9629629629629629, "11": 0.9696969696969697, "12": 1.0, "13": 0.8333333333333334, "14": 0.9629629629629629, "15": 0.9696969696969697, "16": 0.8571428571428571, "17": 0.9166666666666666, "18": 0.9722222222222222, "19": 0.9722222222222222, "20": 0.9, "21": 0.8214285714285714, "22": 1.0, "23": 0.9333333333333333, "24": 1.0, "25": 1.0, "26": 1.0, "27": 1.0, "28": 1.0, "29": 1.0, "30": 1.0, "31": 0.8333333333333334, "32": 1.0, "33": 1.0, "34": 0.48148148148148145, "35": 0.9047619047619048, "36": 0.9696969696969697, "37": 0.9583333333333334, "38": 1.0, "39": 0.7619047619047619, "40": 1.0, "41": 1.0, "42": 0.9444444444444444, "43": 0.48148148148148145, "44": 1.0, "45": 1.0, "46": 0.7777777777777778, "47": 0.7777777777777778, "48": 0.8666666666666667, "49": 0.9333333333333333, "50": 1.0, "51": 0.9393939393939394, "52": 1.0, "53": 0.9722222222222222, "54": 0.6190476190476191, "55": 0.7037037037037037}, {"0": 1.0, "1": 1.0, "2": 1.0, "3": 1.0, "4": 0.8666666666666667, "5": 1.0, "6": 1.0, "7": 1.0, "8": 1.0, "9": 1.0, "10": 1.0, "11": 1.0, "12": 1.0, "13": 0.9166666666666666, "14": 1.0, "15": 1.0, "16": 0.9047619047619048, "17": 1.0, "18": 0.9722222222222222, "19": 0.9722222222222222, "20": 0.9333333333333333, "21": 1.0, "22": 1.0, "23": 1.0, "24": 0.8571428571428571, "25": 1.0, "26": 1.0, "27": 1.0, "28": 1.0, "29": 1.0, "30": 1.0, "31": 0.9166666666666666, "32": 1.0, "33": 1.0, "34": 0.4074074074074074, "35": 0.6190476190476191, "36": 0.9090909090909091, "37": 0.9583333333333334, "38": 0.9333333333333333, "39": 0.9523809523809523, "40": 1.0, "41": 0.9743589743589743, "42": 1.0, "43": 0.4444444444444444, "44": 1.0, "45": 0.95, "46": 0.9444444444444444, "47": 0.8888888888888888, "48": 1.0, "49": 1.0, "50": 1.0, "51": 0.9393939393939394, "52": 0.9761904761904762, "53": 1.0, "54": 0.5714285714285714, "55": 1.0}, {"0": 0.9803921568627451, "1": 0.9629629629629629, "2": 1.0, "3": 1.0, "4": 0.8, "5": 1.0, "6": 1.0, "7": 1.0, "8": 1.0, "9": 1.0, "10": 1.0, "11": 1.0, "12": 1.0, "13": 0.9166666666666666, "14": 0.9629629629629629, "15": 1.0, "16": 1.0, "17": 1.0, "18": 0.9722222222222222, "19": 0.9722222222222222, "20": 0.9666666666666667, "21": 0.9642857142857143, "22": 1.0, "23": 1.0, "24": 1.0, "25": 1.0, "26": 1.0, "27": 1.0, "28": 1.0, "29": 0.8888888888888888, "30": 1.0, "31": 1.0, "32": 1.0, "33": 0.9761904761904762,