{"train_loss": [2.671452259119431, 1.0021253747265675, 0.5065599323510207, 0.3395599516697062, 0.23958739159567186, 0.2172336960347408, 0.17918144746631282, 0.17195446261216948, 0.16238682268675614, 0.15608474629416455], "train_acc": [0.29976940155029297, 0.6925442218780518, 0.8447348475456238, 0.8939277529716492, 0.9231360554695129, 0.9215987920761108, 0.940814733505249, 0.9454265832901001, 0.9508070945739746, 0.9523443579673767], "val_loss": [7.828821478538143, 8.595993653084468, 9.546924285518314, 10.048235198826466, 10.594532022198427, 10.58036469024362, 10.571196454242596, 10.561670321862675, 10.541354234936168, 10.541390307898661], "val_acc": [0.0, 0.0, 0.0, 0.0, 0.0, 0.0, 0.0, 0.0, 0.0, 0.0], "train_class_acc": [{"0": 0.7254901960784313, "1": 0.2222222222222222, "2": 0.7435897435897436, "3": 0.0, "4": 0.13333333333333333, "5": 0.09523809523809523, "6": 0.19047619047619047, "7": 0.0, "8": 0.3939393939393939, "9": 0.15384615384615385, "10": 0.1111111111111111, "11": 0.3333333333333333, "12": 0.5151515151515151, "13": 0.0, "14": 0.14814814814814814, "15": 0.42424242424242425, "16": 0.19047619047619047, "17": 0.08333333333333333, "18": 0.4444444444444444, "19": 0.4166666666666667, "20": 0.26666666666666666, "21": 0.35714285714285715, "22": 0.575, "23": 0.0, "24": 0.0, "25": 0.0, "26": 0.20833333333333334, "27": 0.2222222222222222, "28": 0.0, "29": 0.1111111111111111, "30": 0.0, "31": 0.0, "32": 0.0, "33": 0.8571428571428571, "34": 0.037037037037037035, "35": 0.14285714285714285, "36": 0.36363636363636365, "37": 0.08333333333333333, "38": 0.4, "39": 0.09523809523809523, "40": 0.16666666666666666, "41": 0.2564102564102564, "42": 0.0, "43": 0.1111111111111111, "44": 0.0, "45": 0.05, "46": 0.05555555555555555, "47": 0.0, "48": 0.0, "49": 0.13333333333333333, "50": 0.0, "51": 0.3333333333333333, "52": 0.6666666666666666, "53": 0.5833333333333334, "54": 0.0, "55": 0.37037037037037035}, {"0": 0.7843137254901961, "1": 1.0, "2": 0.9230769230769231, "3": 0.0, "4": 0.3333333333333333, "5": 0.5714285714285714, "6": 0.9523809523809523, "7": 0.0, "8": 0.9393939393939394, "9": 0.5384615384615384, "10": 0.48148148148148145, "11": 0.7878787878787878, "12": 0.8484848484848485, "13": 0.25, "14": 0.5555555555555556, "15": 0.696969696969697, "16": 0.5714285714285714, "17": 0.8333333333333334, "18": 0.9722222222222222, "19": 0.6944444444444444, "20": 0.7, "21": 0.4642857142857143, "22": 0.9, "23": 0.4, "24": 0.7619047619047619, "25": 0.7777777777777778, "26": 0.8333333333333334, "27": 0.8888888888888888, "28": 0.4444444444444444, "29": 0.6111111111111112, "30": 0.3333333333333333, "31": 0.16666666666666666, "32": 0.0, "33": 0.9285714285714286, "34": 0.48148148148148145, "35": 0.2857142857142857, "36": 0.8484848484848485, "37": 0.5416666666666666, "38": 0.9333333333333333, "39": 0.6190476190476191, "40": 0.7, "41": 0.8205128205128205, "42": 0.5, "43": 0.3333333333333333, "44": 0.16666666666666666, "45": 0.55, "46": 0.3888888888888889, "47": 0.0, "48": 0.4, "49": 0.5, "50": 0.9166666666666666, "51": 0.7878787878787878, "52": 0.9761904761904762, "53": 0.9444444444444444, "54": 0.42857142857142855, "55": 0.5185185185185185}, {"0": 0.8823529411764706, "1": 0.9259259259259259, "2": 0.9743589743589743, "3": 0.6666666666666666, "4": 0.6666666666666666, "5": 0.7142857142857143, "6": 1.0, "7": 0.0, "8": 0.9696969696969697, "9": 0.8461538461538461, "10": 0.8518518518518519, "11": 0.9393939393939394, "12": 1.0, "13": 0.6666666666666666, "14": 0.7407407407407407, "15": 0.8787878787878788, "16": 0.8571428571428571, "17": 0.9166666666666666, "18": 0.9722222222222222, "19": 0.9166666666666666, "20": 0.9, "21": 0.6785714285714286, "22": 1.0, "23": 0.6666666666666666, "24": 0.6666666666666666, "25": 0.7777777777777778, "26": 0.875, "27": 0.8148148148148148, "28": 0.7777777777777778, "29": 0.8333333333333334, "30": 1.0, "31": 0.5, "32": 0.6666666666666666, "33": 1.0, "34": 0.5555555555555556, "35": 0.5238095238095238, "36": 0.7878787878787878, "37": 0.875, "38": 0.8666666666666667, "39": 0.8095238095238095, "40": 0.9333333333333333, "41": 0.9487179487179487, "42": 0.7777777777777778, "43": 0.5185185185185185, "44": 0.8333333333333334, "45": 0.95, "46": 0.7222222222222222, "47": 0.5555555555555556, "48": 0.8, "49": 0.9, "50": 0.9166666666666666, "51": 0.8787878787878788, "52": 1.0, "53": 1.0, "54": 0.6666666666666666, "55": 0.5555555555555556}, {"0": 0.9607843137254902, "1": 1.0, "2": 1.0, "3": 0.6666666666666666, "4": 0.7333333333333333, "5": 0.9523809523809523, "6": 0.9523809523809523, "7": 1.0, "8": 1.0, "9": 1.0, "10": 0.9259259259259259, "11": 0.9090909090909091, "12": 1.0, "13": 0.5833333333333334, "14": 0.6296296296296297, "15": 0.9090909090909091, "16": 0.7619047619047619, "17": 1.0, "18": 1.0, "19": 1.0, "20": 1.0, "21": 0.8928571428571429, "22": 0.975, "23": 1.0, "24": 0.9047619047619048, "25": 1.0, "26": 0.9166666666666666, "27": 0.9259259259259259, "28": 1.0, "29": 0.8888888888888888, "30": 1.0, "31": 0.5833333333333334, "32": 1.0, "33": 0.9523809523809523, "34": 0.5555555555555556, "35": 0.6666666666666666, "36": 0.696969696969697, "37": 0.9166666666666666, "38": 1.0, "39": 0.9523809523809523, "40": 0.9666666666666667, "41": 1.0, "42": 0.9444444444444444, "43": 0.5925925925925926, "44": 1.0, "45": 0.95, "46": 0.7222222222222222, "47": 0.7777777777777778, "48": 0.8, "49": 0.9333333333333333, "50": 1.0, "51": 1.0, "52": 1.0, "53": 1.0, "54": 0.47619047619047616, "55": 0.5185185185185185}, {"0": 1.0, "1": 0.9629629629629629, "2": 0.9743589743589743, "3": 1.0, "4": 0.6, "5": 0.9523809523809523, "6": 1.0, "7": 1.0, "8": 0.9696969696969697, "9": 1.0, "10": 1.0, "11": 1.0, "12": 0.9393939393939394, "13": 0.6666666666666666, "14": 1.0, "15": 0.9393939393939394, "16": 0.8095238095238095, "17": 0.9166666666666666, "18": 1.0, "19": 1.0, "20": 0.9666666666666667, "21": 0.9285714285714286, "22": 0.975, "23": 1.0, "24": 1.0, "25": 1.0, "26": 1.0, "27": 1.0, "28": 1.0, "29": 0.8888888888888888, "30": 1.0, "31": 0.9166666666666666, "32": 1.0, "33": 0.9761904761904762, "34": 0.5555555555555556, "35": 0.7619047619047619, "36": 0.9393939393939394, "37": 1.0, "38": 1.0, "39": 0.8571428571428571, "40": 0.9666666666666667, "41": 0.9743589743589743, "42": 1.0, "43": 0.48148148148148145, "44": 1.0, "45": 0.95, "46": 0.9444444444444444, "47": 0.8888888888888888, "48": 0.8, "49": 0.9333333333333333, "50": 1.0, "51": 1.0, "52": 0.9761904761904762, "53": 1.0, "54": 0.5238095238095238, "55": 0.5555555555555556}, {"0": 0.9803921568627451, "1": 1.0, "2": 0.8974358974358975, "3": 0.6666666666666666, "4": 0.9333333333333333, "5": 1.0, "6": 1.0, "7": 1.0, "8": 0.9696969696969697, "9": 1.0, "10": 1.0, "11": 0.8181818181818182, "12": 1.0, "13": 0.9166666666666666, "14": 0.9629629629629629, "15": 0.9393939393939394, "16": 0.8571428571428571, "17": 1.0, "18": 0.9722222222222222, "19": 0.9722222222222222, "20": 0.9666666666666667, "21": 0.7142857142857143, "22": 0.95, "23": 1.0, "24": 0.9523809523809523, "25": 1.0, "26": 0.9583333333333334, "27": 1.0, "28": 1.0, "29": 1.0, "30": 1.0, "31": 0.75, "32": 0.6666666666666666, "33": 1.0, "34": 0.48148148148148145, "35": 1.0, "36": 1.0, "37": 1.0, "38": 1.0, "39": 0.8571428571428571, "40": 1.0, "41": 0.9743589743589743, "42": 1.0, "43": 0.7037037037037037, "44": 0.8333333333333334, "45": 1.0, "46": 0.6111111111111112, "47": 0.5555555555555556, "48": 1.0, "49": 0.9666666666666667, "50": 0.9166666666666666, "51": 0.9696969696969697, "52": 1.0, "53": 1.0, "54": 0.5714285714285714, "55": 0.5555555555555556}, {"0": 1.0, "1": 1.0, "2": 0.9743589743589743, "3": 0.6666666666666666, "4": 0.8666666666666667, "5": 1.0, "6": 1.0, "7": 1.0, "8": 1.0, "9": 1.0, "10": 1.0, "11": 0.8484848484848485, "12": 1.0, "13": 0.9166666666666666, "14": 1.0, "15": 1.0, "16": 0.8095238095238095, "17": 1.0, "18": 0.9722222222222222, "19": 0.9444444444444444, "20": 1.0, "21": 0.7857142857142857, "22": 1.0, "23": 1.0, "24": 0.9523809523809523, "25": 1.0, "26": 0.9583333333333334, "27": 1.0,