{"train_loss": [2.5390267773466233, 1.0617797614793243, 0.493101070744546, 0.29219596313568924, 0.19456184423492104, 0.14224946583627646, 0.13939580575582342, 0.13119441367038664, 0.12526250933565422, 0.12384004334272741], "train_acc": [0.3681783378124237, 0.7540353536605835, 0.8931590914726257, 0.9300538301467896, 0.9515756964683533, 0.960030734539032, 0.9638739228248596, 0.9677171111106873, 0.9707916975021362, 0.9707916975021362], "val_loss": [5.679458108920495, 5.711538347225745, 6.1507928579756355, 6.383094833892526, 6.419230572228293, 6.3450351039182795, 6.500780540762595, 6.395268792087592, 6.4079705627219194, 6.464816098074311], "val_acc": [0.0, 0.0, 0.0, 0.0, 0.0, 0.0, 0.0, 0.0, 0.0, 0.0], "train_class_acc": [{"0": 0.6666666666666666, "1": 0.18518518518518517, "2": 0.7692307692307693, "3": 0.0, "4": 0.0, "5": 0.14285714285714285, "6": 0.7142857142857143, "7": 0.0, "8": 0.42424242424242425, "9": 0.0, "10": 0.2222222222222222, "11": 0.3939393939393939, "12": 0.3939393939393939, "13": 0.0, "14": 0.3333333333333333, "15": 0.45454545454545453, "16": 0.047619047619047616, "17": 0.0, "18": 0.7222222222222222, "19": 0.4444444444444444, "20": 0.2, "21": 0.35714285714285715, "22": 0.875, "23": 0.06666666666666667, "24": 0.047619047619047616, "25": 0.0, "26": 0.5833333333333334, "27": 0.14814814814814814, "28": 0.0, "29": 0.1111111111111111, "30": 0.0, "31": 0.08333333333333333, "32": 0.0, "33": 0.6428571428571429, "34": 0.4074074074074074, "35": 0.047619047619047616, "36": 0.5151515151515151, "37": 0.08333333333333333, "38": 0.3333333333333333, "39": 0.047619047619047616, "40": 0.36666666666666664, "41": 0.5641025641025641, "42": 0.05555555555555555, "43": 0.2962962962962963, "44": 0.0, "45": 0.1, "46": 0.0, "47": 0.0, "48": 0.0, "49": 0.16666666666666666, "50": 0.0, "51": 0.5454545454545454, "52": 0.7380952380952381, "53": 0.7222222222222222, "54": 0.14285714285714285, "55": 0.5185185185185185}, {"0": 0.9411764705882353, "1": 0.9629629629629629, "2": 1.0, "3": 0.0, "4": 0.2, "5": 0.6666666666666666, "6": 1.0, "7": 0.0, "8": 0.9696969696969697, "9": 0.38461538461538464, "10": 0.8888888888888888, "11": 0.9393939393939394, "12": 0.9393939393939394, "13": 0.08333333333333333, "14": 0.4444444444444444, "15": 0.7878787878787878, "16": 0.47619047619047616, "17": 0.6666666666666666, "18": 0.9722222222222222, "19": 1.0, "20": 0.9, "21": 0.8214285714285714, "22": 1.0, "23": 0.5333333333333333, "24": 0.7619047619047619, "25": 0.6666666666666666, "26": 1.0, "27": 0.8518518518518519, "28": 0.2222222222222222, "29": 0.8333333333333334, "30": 0.0, "31": 0.0, "32": 0.0, "33": 1.0, "34": 0.3333333333333333, "35": 0.42857142857142855, "36": 0.8181818181818182, "37": 0.625, "38": 0.8, "39": 0.2857142857142857, "40": 0.6666666666666666, "41": 1.0, "42": 0.6111111111111112, "43": 0.48148148148148145, "44": 0.0, "45": 0.85, "46": 0.2777777777777778, "47": 0.0, "48": 0.2, "49": 0.7, "50": 0.9166666666666666, "51": 0.9393939393939394, "52": 1.0, "53": 1.0, "54": 0.42857142857142855, "55": 0.6296296296296297}, {"0": 1.0, "1": 1.0, "2": 1.0, "3": 1.0, "4": 0.3333333333333333, "5": 1.0, "6": 1.0, "7": 0.0, "8": 1.0, "9": 0.9230769230769231, "10": 1.0, "11": 1.0, "12": 1.0, "13": 0.5833333333333334, "14": 0.6666666666666666, "15": 0.8181818181818182, "16": 0.6666666666666666, "17": 1.0, "18": 1.0, "19": 1.0, "20": 0.9666666666666667, "21": 0.6785714285714286, "22": 1.0, "23": 1.0, "24": 0.9047619047619048, "25": 1.0, "26": 1.0, "27": 1.0, "28": 0.8888888888888888, "29": 1.0, "30": 1.0, "31": 0.5, "32": 1.0, "33": 1.0, "34": 0.5925925925925926, "35": 0.6190476190476191, "36": 0.8484848484848485, "37": 1.0, "38": 1.0, "39": 0.7142857142857143, "40": 0.9666666666666667, "41": 1.0, "42": 1.0, "43": 0.37037037037037035, "44": 0.6666666666666666, "45": 1.0, "46": 0.6111111111111112, "47": 0.8888888888888888, "48": 0.6, "49": 1.0, "50": 1.0, "51": 1.0, "52": 1.0, "53": 1.0, "54": 0.5238095238095238, "55": 0.8148148148148148}, {"0": 1.0, "1": 1.0, "2": 1.0, "3": 1.0, "4": 0.8, "5": 1.0, "6": 1.0, "7": 0.6666666666666666, "8": 1.0, "9": 1.0, "10": 1.0, "11": 0.9696969696969697, "12": 1.0, "13": 0.8333333333333334, "14": 0.7407407407407407, "15": 0.8181818181818182, "16": 0.8095238095238095, "17": 1.0, "18": 1.0, "19": 1.0, "20": 1.0, "21": 0.9285714285714286, "22": 1.0, "23": 1.0, "24": 1.0, "25": 1.0, "26": 1.0, "27": 1.0, "28": 1.0, "29": 1.0, "30": 1.0, "31": 0.75, "32": 1.0, "33": 1.0, "34": 0.5925925925925926, "35": 0.7619047619047619, "36": 0.8181818181818182, "37": 1.0, "38": 1.0, "39": 0.7619047619047619, "40": 1.0, "41": 1.0, "42": 1.0, "43": 0.6296296296296297, "44": 1.0, "45": 1.0, "46": 0.7777777777777778, "47": 0.7777777777777778, "48": 0.8666666666666667, "49": 1.0, "50": 1.0, "51": 1.0, "52": 1.0, "53": 1.0, "54": 0.5714285714285714, "55": 0.7037037037037037}, {"0": 1.0, "1": 1.0, "2": 1.0, "3": 1.0, "4": 0.8, "5": 1.0, "6": 1.0, "7": 1.0, "8": 1.0, "9": 1.0, "10": 1.0, "11": 1.0, "12": 1.0, "13": 0.75, "14": 0.9629629629629629, "15": 0.9696969696969697, "16": 0.9047619047619048, "17": 1.0, "18": 1.0, "19": 1.0, "20": 1.0, "21": 0.9642857142857143, "22": 1.0, "23": 1.0, "24": 1.0, "25": 1.0, "26": 1.0, "27": 1.0, "28": 1.0, "29": 1.0, "30": 1.0, "31": 0.9166666666666666, "32": 1.0, "33": 1.0, "34": 0.6666666666666666, "35": 0.8571428571428571, "36": 0.8181818181818182, "37": 1.0, "38": 1.0, "39": 0.7619047619047619, "40": 1.0, "41": 1.0, "42": 1.0, "43": 0.5555555555555556, "44": 1.0, "45": 1.0, "46": 1.0, "47": 0.8888888888888888, "48": 0.9333333333333333, "49": 1.0, "50": 1.0, "51": 1.0, "52": 1.0, "53": 1.0, "54": 0.6190476190476191, "55": 0.7777777777777778}, {"0": 1.0, "1": 1.0, "2": 1.0, "3": 1.0, "4": 0.4666666666666667, "5": 1.0, "6": 1.0, "7": 1.0, "8": 1.0, "9": 1.0, "10": 1.0, "11": 1.0, "12": 1.0, "13": 1.0, "14": 1.0, "15": 1.0, "16": 0.9047619047619048, "17": 1.0, "18": 1.0, "19": 1.0, "20": 1.0, "21": 1.0, "22": 1.0, "23": 1.0, "24": 1.0, "25": 1.0, "26": 1.0, "27": 1.0, "28": 1.0, "29": 1.0, "30": 1.0, "31": 1.0, "32": 1.0, "33": 1.0, "34": 0.6296296296296297, "35": 1.0, "36": 1.0, "37": 1.0, "38": 1.0, "39": 0.8571428571428571, "40": 1.0, "41": 1.0, "42": 1.0, "43": 0.5555555555555556, "44": 1.0, "45": 1.0, "46": 1.0, "47": 1.0, "48": 1.0, "49": 1.0, "50": 1.0, "51": 1.0, "52": 1.0, "53": 1.0, "54": 1.0, "55": 0.37037037037037035}, {"0": 1.0, "1": 1.0, "2": 1.0, "3": 1.0, "4": 0.5333333333333333, "5": 1.0, "6": 1.0, "7": 1.0, "8": 1.0, "9": 1.0, "10": 1.0, "11": 1.0, "12": 1.0, "13": 1.0, "14": 1.0, "15": 1.0, "16": 0.8571428571428571, "17": 1.0, "18": 1.0, "19": 1.0, "20": 1.0, "21": 0.9642857142857143, "22": 1.0, "23": 1.0, "24": 1.0, "25": 1.0, "26": 1.0, "27": 1.0, "28": 1.0, "29": 1.0, "30": 1.0, "31": 1.0, "32": 1.0, "33": 1.0, "34": 0.7037037037037037, "35": 1.0, "36": 1.0, "37": 1.0, "38": 1.0, "39": 0.8095238095238095, "40": 1.0, "41": 1.0, "42": 1.0, "43": 0.5555555555555556, "44": 1.0, "45": 1.0, "46": 1.0, "47": 1.0, "48": 1.0, "49": 1.0, "50": 1.0, "51": 1.0, "52": 1.0, "53": 1.0, "54": 1.0, "55": 0.5555555555555556}, {"0": 1.0, "1": 1.0, "2": 1.0, "3": 1.0, "4": 0.5333333333333333, "5": 1.0, "6": 1.0, "7": 1.0, "8": 1.0, "9": 1.0, "10": 1.0, "11": 1.0, "12": 1.0, "13": 1.0, "14": 1.0, "15": 1.0, "16": 0.9523809523809523, "17": 1.0, "18": 1.0, "19": 1.0, "20": 1.0, "21": 1.0, "22": 1.0, "23": 1.0, "24": 1.0, "25": 1.0, "26": 1.0, "27": 1.0, "28": 1.0, "29": 1.0, "30": 1.0, "31": 1.0, "32": 1.0, "33": 1.0, "34": 0.7407407407407407, "35": 1.0, "36": 1.0, "37": 1.0, "38": 1.0, "39": 0.8095238095238095, "40": 1.0, "41": 1.0, "42": 1.0, "43": 0.5555555555555556, "44": 1.0, "45": 1.0, "46": 1.0, "47": 1.0, "48": 1.0, "49": 1.0, "50": 1.0, "51": 1.0, "52": 1.0, "53": 1.0, "54": 1.0, "55": 0.5925925925925926}, {"0": 1.0, "1": 1.0, "2": 1.0, "3": 1.0, "4": 0.6666666666666666, "5": 1.0, "6": 1.0, "7": 1.0, "8": 1.0, "9": 1.0, "10": 1.0, "11": 1.0, "12": 1.0, "13": 1.0, "14": 1.0, "15": 1.0, "16": 0.9523809523809523, "17": 1.0, "18": 1.0, "19": 1.0,