{"train_loss": [2.58452017814906, 1.030552199764677, 0.48979034632742174, 0.28310398181340585, 0.19698413451711183, 0.14996420588060858, 0.14563182635457583, 0.13456733064936455, 0.12982130025461214, 0.12381130227852015], "train_acc": [0.3827824890613556, 0.7893927693367004, 0.9016141295433044, 0.9431206583976746, 0.9515756964683533, 0.9592621326446533, 0.9592621326446533, 0.9615679979324341, 0.9684857726097107, 0.9677171111106873], "val_loss": [5.638080545999472, 5.740970643978675, 5.852888783204903, 6.009503128459152, 6.052341840799572, 6.163256663720585, 6.118646496707953, 6.185205737363945, 6.292443002311929, 6.204197425286747], "val_acc": [0.0, 0.0, 0.0, 0.0, 0.0, 0.0, 0.0, 0.0, 0.0, 0.0], "train_class_acc": [{"0": 0.7843137254901961, "1": 0.2962962962962963, "2": 0.5384615384615384, "3": 0.0, "4": 0.0, "5": 0.14285714285714285, "6": 0.7142857142857143, "7": 0.0, "8": 0.6363636363636364, "9": 0.0, "10": 0.3333333333333333, "11": 0.7272727272727273, "12": 0.36363636363636365, "13": 0.0, "14": 0.48148148148148145, "15": 0.42424242424242425, "16": 0.0, "17": 0.08333333333333333, "18": 0.8055555555555556, "19": 0.3611111111111111, "20": 0.43333333333333335, "21": 0.2857142857142857, "22": 0.625, "23": 0.06666666666666667, "24": 0.09523809523809523, "25": 0.0, "26": 0.6666666666666666, "27": 0.3333333333333333, "28": 0.0, "29": 0.05555555555555555, "30": 0.0, "31": 0.0, "32": 0.0, "33": 0.6666666666666666, "34": 0.25925925925925924, "35": 0.0, "36": 0.30303030303030304, "37": 0.041666666666666664, "38": 0.0, "39": 0.09523809523809523, "40": 0.3, "41": 0.46153846153846156, "42": 0.05555555555555555, "43": 0.37037037037037035, "44": 0.0, "45": 0.4, "46": 0.0, "47": 0.0, "48": 0.0, "49": 0.1, "50": 0.3333333333333333, "51": 0.6363636363636364, "52": 0.8333333333333334, "53": 0.8333333333333334, "54": 0.23809523809523808, "55": 0.2962962962962963}, {"0": 0.9607843137254902, "1": 1.0, "2": 1.0, "3": 0.0, "4": 0.06666666666666667, "5": 0.8095238095238095, "6": 1.0, "7": 0.0, "8": 1.0, "9": 0.46153846153846156, "10": 0.9259259259259259, "11": 0.9393939393939394, "12": 1.0, "13": 0.3333333333333333, "14": 0.7037037037037037, "15": 0.7575757575757576, "16": 0.42857142857142855, "17": 0.75, "18": 1.0, "19": 0.8888888888888888, "20": 1.0, "21": 0.5357142857142857, "22": 0.975, "23": 0.8666666666666667, "24": 0.8571428571428571, "25": 1.0, "26": 1.0, "27": 0.8518518518518519, "28": 0.3333333333333333, "29": 0.7777777777777778, "30": 0.0, "31": 0.08333333333333333, "32": 0.0, "33": 1.0, "34": 0.5185185185185185, "35": 0.09523809523809523, "36": 0.9393939393939394, "37": 0.5833333333333334, "38": 1.0, "39": 0.47619047619047616, "40": 0.9, "41": 1.0, "42": 0.3888888888888889, "43": 0.5185185185185185, "44": 0.3333333333333333, "45": 0.8, "46": 0.7777777777777778, "47": 0.0, "48": 0.4666666666666667, "49": 0.7333333333333333, "50": 1.0, "51": 0.9696969696969697, "52": 1.0, "53": 1.0, "54": 0.3333333333333333, "55": 0.6296296296296297}, {"0": 1.0, "1": 1.0, "2": 1.0, "3": 0.0, "4": 0.6, "5": 1.0, "6": 1.0, "7": 0.0, "8": 1.0, "9": 0.9230769230769231, "10": 1.0, "11": 1.0, "12": 1.0, "13": 0.5, "14": 0.7777777777777778, "15": 0.8787878787878788, "16": 0.7619047619047619, "17": 0.9166666666666666, "18": 1.0, "19": 0.9722222222222222, "20": 0.9666666666666667, "21": 0.9642857142857143, "22": 1.0, "23": 1.0, "24": 1.0, "25": 1.0, "26": 1.0, "27": 1.0, "28": 1.0, "29": 1.0, "30": 0.3333333333333333, "31": 0.4166666666666667, "32": 0.3333333333333333, "33": 1.0, "34": 0.5555555555555556, "35": 0.6190476190476191, "36": 0.9090909090909091, "37": 1.0, "38": 1.0, "39": 0.6190476190476191, "40": 0.9666666666666667, "41": 1.0, "42": 0.9444444444444444, "43": 0.5185185185185185, "44": 0.8333333333333334, "45": 1.0, "46": 0.7777777777777778, "47": 0.2222222222222222, "48": 0.7333333333333333, "49": 1.0, "50": 1.0, "51": 1.0, "52": 1.0, "53": 1.0, "54": 0.6190476190476191, "55": 0.6666666666666666}, {"0": 1.0, "1": 1.0, "2": 1.0, "3": 1.0, "4": 0.8, "5": 1.0, "6": 1.0, "7": 1.0, "8": 1.0, "9": 1.0, "10": 1.0, "11": 1.0, "12": 1.0, "13": 0.8333333333333334, "14": 0.8148148148148148, "15": 0.8787878787878788, "16": 0.7619047619047619, "17": 1.0, "18": 1.0, "19": 1.0, "20": 1.0, "21": 0.8571428571428571, "22": 1.0, "23": 1.0, "24": 0.9523809523809523, "25": 1.0, "26": 1.0, "27": 1.0, "28": 1.0, "29": 1.0, "30": 1.0, "31": 0.8333333333333334, "32": 1.0, "33": 1.0, "34": 0.48148148148148145, "35": 0.8571428571428571, "36": 0.9393939393939394, "37": 1.0, "38": 1.0, "39": 0.9047619047619048, "40": 1.0, "41": 1.0, "42": 1.0, "43": 0.6666666666666666, "44": 1.0, "45": 1.0, "46": 0.8888888888888888, "47": 1.0, "48": 0.9333333333333333, "49": 1.0, "50": 1.0, "51": 1.0, "52": 1.0, "53": 1.0, "54": 0.6666666666666666, "55": 0.7037037037037037}, {"0": 0.9803921568627451, "1": 1.0, "2": 1.0, "3": 1.0, "4": 0.8, "5": 1.0, "6": 1.0, "7": 1.0, "8": 1.0, "9": 1.0, "10": 1.0, "11": 1.0, "12": 1.0, "13": 0.8333333333333334, "14": 0.8888888888888888, "15": 0.9696969696969697, "16": 0.8571428571428571, "17": 1.0, "18": 1.0, "19": 1.0, "20": 1.0, "21": 1.0, "22": 1.0, "23": 1.0, "24": 0.9523809523809523, "25": 1.0, "26": 1.0, "27": 1.0, "28": 1.0, "29": 1.0, "30": 1.0, "31": 1.0, "32": 1.0, "33": 1.0, "34": 0.6296296296296297, "35": 0.9047619047619048, "36": 0.8787878787878788, "37": 1.0, "38": 1.0, "39": 0.8571428571428571, "40": 1.0, "41": 1.0, "42": 1.0, "43": 0.6296296296296297, "44": 1.0, "45": 1.0, "46": 1.0, "47": 0.7777777777777778, "48": 1.0, "49": 1.0, "50": 1.0, "51": 1.0, "52": 1.0, "53": 1.0, "54": 0.6666666666666666, "55": 0.5925925925925926}, {"0": 1.0, "1": 1.0, "2": 1.0, "3": 1.0, "4": 0.4666666666666667, "5": 1.0, "6": 1.0, "7": 1.0, "8": 1.0, "9": 1.0, "10": 1.0, "11": 1.0, "12": 1.0, "13": 1.0, "14": 1.0, "15": 0.9696969696969697, "16": 0.8571428571428571, "17": 1.0, "18": 1.0, "19": 1.0, "20": 1.0, "21": 0.9285714285714286, "22": 1.0, "23": 1.0, "24": 1.0, "25": 1.0, "26": 1.0, "27": 1.0, "28": 1.0, "29": 1.0, "30": 1.0, "31": 1.0, "32": 1.0, "33": 1.0, "34": 0.48148148148148145, "35": 0.8571428571428571, "36": 1.0, "37": 1.0, "38": 1.0, "39": 1.0, "40": 1.0, "41": 1.0, "42": 1.0, "43": 1.0, "44": 1.0, "45": 1.0, "46": 1.0, "47": 1.0, "48": 1.0, "49": 1.0, "50": 1.0, "51": 1.0, "52": 1.0, "53": 1.0, "54": 0.5714285714285714, "55": 0.5185185185185185}, {"0": 1.0, "1": 1.0, "2": 1.0, "3": 1.0, "4": 0.4666666666666667, "5": 1.0, "6": 1.0, "7": 1.0, "8": 1.0, "9": 1.0, "10": 1.0, "11": 1.0, "12": 1.0, "13": 1.0, "14": 1.0, "15": 0.9696969696969697, "16": 0.8571428571428571, "17": 1.0, "18": 1.0, "19": 1.0, "20": 1.0, "21": 1.0, "22": 1.0, "23": 1.0, "24": 1.0, "25": 1.0, "26": 1.0, "27": 1.0, "28": 1.0, "29": 1.0, "30": 1.0, "31": 1.0, "32": 1.0, "33": 1.0, "34": 0.48148148148148145, "35": 1.0, "36": 0.9393939393939394, "37": 1.0, "38": 1.0, "39": 0.9047619047619048, "40": 1.0, "41": 1.0, "42": 1.0, "43": 1.0, "44": 1.0, "45": 1.0, "46": 1.0, "47": 1.0, "48": 1.0, "49": 1.0, "50": 1.0, "51": 1.0, "52": 1.0, "53": 1.0, "54": 0.5714285714285714, "55": 0.48148148148148145}, {"0": 1.0, "1": 1.0, "2": 1.0, "3": 1.0, "4": 0.5333333333333333, "5": 1.0, "6": 1.0, "7": 1.0, "8": 1.0, "9": 1.0, "10": 1.0, "11": 1.0, "12": 1.0, "13": 1.0, "14": 1.0, "15": 0.9696969696969697, "16": 0.8571428571428571, "17": 1.0, "18": 1.0, "19": 1.0, "20": 1.0, "21": 1.0, "22": 1.0, "23": 1.0, "24": 1.0, "25": 1.0, "26": 1.0, "27": 1.0, "28": 1.0, "29": 1.0, "30": 1.0, "31": 1.0, "32": 1.0, "33": 1.0, "34": 0.4444444444444444, "35": 0.9523809523809523, "36": 0.9393939393939394, "37": 1.0, "38": 1.0, "39": 1.0, "40": 1.0, "41": 1.0, "42": 1.0, "43": 1.0, "44": 1.0, "45": 1.0, "46": 1.0, "47": 1.0, "48": 1.0, "49": 1.0, "50": 1.0, "51": 1.0, "52": 1.0, "53": 1.0, "54": 0.5714285714285714, "55": 0.5555555555555556}, {"0": 1.0, "1": 1.0, "2": 1.0, "3": 1.0, "4": 0.7333333333333333, "5": 1.0, "6": 1.0, "7": 1.0, "8": 1.0, "9": 1.0, "10": 1.0, "11": 1.0, "12": 1.0, "13": 1.0, "14": 1.0, "15": 0.9696969696969697,