{"train_loss": [3.2864708464297765, 2.096768357586989, 1.3384251788796873, 0.8164801709382558, 0.5332756819379595, 0.3897500749187777, 0.3797212632274188, 0.3464997404932884, 0.34121869349827866, 0.3348186256150664], "train_acc": [0.2651806175708771, 0.5326671600341797, 0.7102228999137878, 0.8447348475456238, 0.9023827910423279, 0.940814733505249, 0.940814733505249, 0.9569562077522278, 0.9523443579673767, 0.9531130194664001], "val_loss": [4.615073477180259, 5.159534648784156, 5.637726492094762, 6.198745824758289, 6.4687373615005646, 6.5056207527234715, 6.537712791591015, 6.564433394126522, 6.58426234328631, 6.584379399864419], "val_acc": [0.0, 0.0, 0.0, 0.0, 0.0, 0.0, 0.0, 0.0, 0.0, 0.0], "train_class_acc": [{"0": 0.7058823529411765, "1": 0.0, "2": 0.7948717948717948, "3": 0.0, "4": 0.0, "5": 0.0, "6": 0.0, "7": 0.0, "8": 0.45454545454545453, "9": 0.0, "10": 0.1111111111111111, "11": 0.24242424242424243, "12": 0.42424242424242425, "13": 0.0, "14": 0.0, "15": 0.5454545454545454, "16": 0.047619047619047616, "17": 0.0, "18": 0.3888888888888889, "19": 0.5555555555555556, "20": 0.0, "21": 0.21428571428571427, "22": 0.55, "23": 0.0, "24": 0.0, "25": 0.0, "26": 0.125, "27": 0.0, "28": 0.0, "29": 0.05555555555555555, "30": 0.0, "31": 0.0, "32": 0.0, "33": 0.47619047619047616, "34": 0.0, "35": 0.047619047619047616, "36": 0.5151515151515151, "37": 0.0, "38": 0.0, "39": 0.0, "40": 0.1, "41": 0.28205128205128205, "42": 0.0, "43": 0.1111111111111111, "44": 0.0, "45": 0.0, "46": 0.0, "47": 0.0, "48": 0.2, "49": 0.13333333333333333, "50": 0.0, "51": 0.6666666666666666, "52": 0.7619047619047619, "53": 0.6388888888888888, "54": 0.09523809523809523, "55": 0.4444444444444444}, {"0": 0.9215686274509803, "1": 0.3333333333333333, "2": 1.0, "3": 0.0, "4": 0.0, "5": 0.0, "6": 0.8095238095238095, "7": 0.0, "8": 0.9393939393939394, "9": 0.0, "10": 0.1111111111111111, "11": 0.6666666666666666, "12": 0.8484848484848485, "13": 0.0, "14": 0.37037037037037035, "15": 0.6363636363636364, "16": 0.19047619047619047, "17": 0.0, "18": 1.0, "19": 0.6666666666666666, "20": 0.26666666666666666, "21": 0.8928571428571429, "22": 0.975, "23": 0.0, "24": 0.0, "25": 0.4444444444444444, "26": 0.9166666666666666, "27": 0.48148148148148145, "28": 0.0, "29": 0.2222222222222222, "30": 0.0, "31": 0.0, "32": 0.0, "33": 0.8571428571428571, "34": 0.2962962962962963, "35": 0.09523809523809523, "36": 0.9393939393939394, "37": 0.25, "38": 0.4666666666666667, "39": 0.09523809523809523, "40": 0.6333333333333333, "41": 0.7435897435897436, "42": 0.0, "43": 0.2222222222222222, "44": 0.0, "45": 0.4, "46": 0.0, "47": 0.0, "48": 0.0, "49": 0.36666666666666664, "50": 0.08333333333333333, "51": 0.7272727272727273, "52": 1.0, "53": 0.8611111111111112, "54": 0.09523809523809523, "55": 0.8148148148148148}, {"0": 0.9607843137254902, "1": 0.9259259259259259, "2": 1.0, "3": 0.0, "4": 0.06666666666666667, "5": 0.38095238095238093, "6": 1.0, "7": 0.0, "8": 1.0, "9": 0.15384615384615385, "10": 0.5925925925925926, "11": 0.8484848484848485, "12": 0.9696969696969697, "13": 0.0, "14": 0.18518518518518517, "15": 0.7575757575757576, "16": 0.5238095238095238, "17": 0.16666666666666666, "18": 0.9722222222222222, "19": 0.9722222222222222, "20": 0.6333333333333333, "21": 0.7142857142857143, "22": 1.0, "23": 0.13333333333333333, "24": 0.5714285714285714, "25": 0.8888888888888888, "26": 0.9166666666666666, "27": 0.9629629629629629, "28": 0.0, "29": 0.7222222222222222, "30": 0.0, "31": 0.0, "32": 0.0, "33": 0.9761904761904762, "34": 0.2962962962962963, "35": 0.7142857142857143, "36": 0.9696969696969697, "37": 0.7083333333333334, "38": 1.0, "39": 0.38095238095238093, "40": 0.6, "41": 1.0, "42": 0.2222222222222222, "43": 0.48148148148148145, "44": 0.0, "45": 0.95, "46": 0.5555555555555556, "47": 0.0, "48": 0.0, "49": 0.6, "50": 0.8333333333333334, "51": 0.696969696969697, "52": 1.0, "53": 1.0, "54": 0.38095238095238093, "55": 0.7037037037037037}, {"0": 0.9607843137254902, "1": 1.0, "2": 1.0, "3": 0.0, "4": 0.06666666666666667, "5": 0.8095238095238095, "6": 1.0, "7": 0.0, "8": 1.0, "9": 0.6923076923076923, "10": 0.9629629629629629, "11": 0.9696969696969697, "12": 1.0, "13": 0.5833333333333334, "14": 0.6666666666666666, "15": 0.696969696969697, "16": 0.8095238095238095, "17": 0.8333333333333334, "18": 1.0, "19": 0.9722222222222222, "20": 0.8, "21": 0.8928571428571429, "22": 1.0, "23": 0.9333333333333333, "24": 0.9047619047619048, "25": 1.0, "26": 1.0, "27": 0.8888888888888888, "28": 0.1111111111111111, "29": 0.9444444444444444, "30": 0.3333333333333333, "31": 0.08333333333333333, "32": 0.0, "33": 1.0, "34": 0.48148148148148145, "35": 0.8571428571428571, "36": 0.9696969696969697, "37": 0.9583333333333334, "38": 1.0, "39": 0.6666666666666666, "40": 0.9666666666666667, "41": 1.0, "42": 0.9444444444444444, "43": 0.48148148148148145, "44": 0.16666666666666666, "45": 1.0, "46": 0.5555555555555556, "47": 0.3333333333333333, "48": 0.2, "49": 0.9, "50": 0.9166666666666666, "51": 0.9090909090909091, "52": 1.0, "53": 1.0, "54": 0.42857142857142855, "55": 0.7407407407407407}, {"0": 1.0, "1": 1.0, "2": 0.9743589743589743, "3": 0.0, "4": 0.4666666666666667, "5": 1.0, "6": 1.0, "7": 0.0, "8": 1.0, "9": 0.8461538461538461, "10": 1.0, "11": 1.0, "12": 1.0, "13": 0.5, "14": 0.6666666666666666, "15": 0.8181818181818182, "16": 0.8571428571428571, "17": 1.0, "18": 0.9444444444444444, "19": 0.9166666666666666, "20": 1.0, "21": 0.8928571428571429, "22": 1.0, "23": 0.8666666666666667, "24": 1.0, "25": 1.0, "26": 1.0, "27": 1.0, "28": 0.7777777777777778, "29": 1.0, "30": 0.6666666666666666, "31": 0.75, "32": 0.6666666666666666, "33": 1.0, "34": 0.37037037037037035, "35": 0.9047619047619048, "36": 1.0, "37": 1.0, "38": 1.0, "39": 0.7619047619047619, "40": 0.8666666666666667, "41": 0.9487179487179487, "42": 0.9444444444444444, "43": 0.7407407407407407, "44": 0.6666666666666666, "45": 1.0, "46": 0.7777777777777778, "47": 0.8888888888888888, "48": 0.4666666666666667, "49": 0.9666666666666667, "50": 1.0, "51": 1.0, "52": 1.0, "53": 1.0, "54": 0.5714285714285714, "55": 0.7777777777777778}, {"0": 1.0, "1": 1.0, "2": 1.0, "3": 0.3333333333333333, "4": 0.2, "5": 1.0, "6": 1.0, "7": 0.3333333333333333, "8": 1.0, "9": 0.9230769230769231, "10": 1.0, "11": 1.0, "12": 1.0, "13": 0.9166666666666666, "14": 1.0, "15": 0.9696969696969697, "16": 1.0, "17": 1.0, "18": 1.0, "19": 1.0, "20": 0.8333333333333334, "21": 1.0, "22": 1.0, "23": 0.9333333333333333, "24": 1.0, "25": 1.0, "26": 1.0, "27": 1.0, "28": 1.0, "29": 1.0, "30": 1.0, "31": 0.6666666666666666, "32": 1.0, "33": 1.0, "34": 0.48148148148148145, "35": 1.0, "36": 0.8787878787878788, "37": 1.0, "38": 1.0, "39": 1.0, "40": 1.0, "41": 1.0, "42": 1.0, "43": 0.8518518518518519, "44": 0.5, "45": 1.0, "46": 0.9444444444444444, "47": 1.0, "48": 0.8666666666666667, "49": 1.0, "50": 1.0, "51": 1.0, "52": 1.0, "53": 1.0, "54": 0.5238095238095238, "55": 0.6296296296296297}, {"0": 1.0, "1": 1.0, "2": 1.0, "3": 0.3333333333333333, "4": 0.06666666666666667, "5": 1.0, "6": 1.0, "7": 0.6666666666666666, "8": 1.0, "9": 0.9230769230769231, "10": 1.0, "11": 1.0, "12": 1.0, "13": 0.75, "14": 0.9629629629629629, "15": 0.9696969696969697, "16": 1.0, "17": 1.0, "18": 1.0, "19": 1.0, "20": 0.7666666666666667, "21": 1.0, "22": 1.0, "23": 1.0, "24": 1.0, "25": 1.0, "26": 0.9583333333333334, "27": 1.0, "28": 1.0, "29": 1.0, "30": 1.0, "31": 0.5833333333333334, "32": 1.0, "33": 1.0, "34": 0.6666666666666666, "35": 1.0, "36": 0.9393939393939394, "37": 1.0, "38": 1.0, "39": 0.9047619047619048, "40": 1.0, "41": 1.0, "42": 1.0, "43": 0.7777777777777778, "44": 0.5, "45": 1.0, "46": 1.0, "47": 1.0, "48": 0.8666666666666667, "49": 1.0, "50": 1.0, "51": 1.0, "52": 1.0, "53": 1.0, "54": 0.5714285714285714, "55": 0.7037037037037037}, {"0": 1.0, "1": 1.0, "2": 1.0, "3": 0.6666666666666666, "4": 0.3333333333333333, "5": 1.0, "6": 1.0, "7": 1.0, "8": 1.0, "9": 0.9230769230769231, "10": 1.0, "11": 1.0, "12": 1.0, "13": 1.0, "14": 0.9629629629629629, "15": 1.0,