{"train_loss": [3.266958957814327, 2.080438614991149, 1.3012968223888448, 0.8220537284719861, 0.47747061401032925, 0.3615920696232889, 0.3340762596374104, 0.3129505625626016, 0.3130225358011171, 0.30155092360971525], "train_acc": [0.2790161371231079, 0.5211375951766968, 0.7271329760551453, 0.8408915996551514, 0.9315910935401917, 0.9546502828598022, 0.9584934711456299, 0.9623366594314575, 0.9684857726097107, 0.9692544341087341], "val_loss": [4.568041259802661, 4.995814133616327, 5.594773361983808, 6.134477934791047, 6.536034084060817, 6.5830557462081165, 6.607057566781646, 6.62629459899606, 6.645715139444592, 6.645796095283286], "val_acc": [0.0, 0.0, 0.0, 0.0, 0.0, 0.0, 0.0, 0.0, 0.0, 0.0], "train_class_acc": [{"0": 0.49019607843137253, "1": 0.1111111111111111, "2": 0.5128205128205128, "3": 0.0, "4": 0.0, "5": 0.0, "6": 0.2857142857142857, "7": 0.0, "8": 0.48484848484848486, "9": 0.0, "10": 0.0, "11": 0.15151515151515152, "12": 0.30303030303030304, "13": 0.0, "14": 0.14814814814814814, "15": 0.48484848484848486, "16": 0.047619047619047616, "17": 0.0, "18": 0.8888888888888888, "19": 0.16666666666666666, "20": 0.26666666666666666, "21": 0.25, "22": 0.775, "23": 0.0, "24": 0.0, "25": 0.0, "26": 0.041666666666666664, "27": 0.2222222222222222, "28": 0.1111111111111111, "29": 0.0, "30": 0.0, "31": 0.0, "32": 0.0, "33": 0.38095238095238093, "34": 0.14814814814814814, "35": 0.14285714285714285, "36": 0.30303030303030304, "37": 0.4583333333333333, "38": 0.0, "39": 0.0, "40": 0.06666666666666667, "41": 0.6410256410256411, "42": 0.0, "43": 0.1111111111111111, "44": 0.0, "45": 0.0, "46": 0.0, "47": 0.0, "48": 0.06666666666666667, "49": 0.3, "50": 0.0, "51": 0.36363636363636365, "52": 0.7380952380952381, "53": 0.5555555555555556, "54": 0.047619047619047616, "55": 0.6296296296296297}, {"0": 0.9411764705882353, "1": 0.14814814814814814, "2": 1.0, "3": 0.0, "4": 0.0, "5": 0.09523809523809523, "6": 1.0, "7": 0.0, "8": 0.8181818181818182, "9": 0.0, "10": 0.037037037037037035, "11": 0.7878787878787878, "12": 0.8484848484848485, "13": 0.0, "14": 0.25925925925925924, "15": 0.7272727272727273, "16": 0.14285714285714285, "17": 0.0, "18": 0.9722222222222222, "19": 0.75, "20": 0.8333333333333334, "21": 0.5357142857142857, "22": 0.975, "23": 0.0, "24": 0.047619047619047616, "25": 0.4444444444444444, "26": 0.6666666666666666, "27": 0.5185185185185185, "28": 0.1111111111111111, "29": 0.2222222222222222, "30": 0.0, "31": 0.0, "32": 0.0, "33": 0.9047619047619048, "34": 0.2962962962962963, "35": 0.42857142857142855, "36": 0.9090909090909091, "37": 0.08333333333333333, "38": 0.26666666666666666, "39": 0.0, "40": 0.2, "41": 0.9743589743589743, "42": 0.0, "43": 0.14814814814814814, "44": 0.0, "45": 0.3, "46": 0.1111111111111111, "47": 0.0, "48": 0.0, "49": 0.23333333333333334, "50": 0.0, "51": 0.6060606060606061, "52": 0.9761904761904762, "53": 0.8611111111111112, "54": 0.047619047619047616, "55": 0.7407407407407407}, {"0": 0.9019607843137255, "1": 0.7037037037037037, "2": 1.0, "3": 0.0, "4": 0.0, "5": 0.6666666666666666, "6": 1.0, "7": 0.0, "8": 1.0, "9": 0.15384615384615385, "10": 0.48148148148148145, "11": 0.8484848484848485, "12": 1.0, "13": 0.0, "14": 0.48148148148148145, "15": 0.8484848484848485, "16": 0.5714285714285714, "17": 0.4166666666666667, "18": 1.0, "19": 0.9722222222222222, "20": 0.8666666666666667, "21": 0.8214285714285714, "22": 1.0, "23": 0.06666666666666667, "24": 0.5238095238095238, "25": 0.3333333333333333, "26": 0.9583333333333334, "27": 0.8148148148148148, "28": 0.0, "29": 1.0, "30": 0.0, "31": 0.08333333333333333, "32": 0.0, "33": 1.0, "34": 0.5925925925925926, "35": 0.2857142857142857, "36": 0.9696969696969697, "37": 0.75, "38": 0.9333333333333333, "39": 0.42857142857142855, "40": 0.6, "41": 1.0, "42": 0.0, "43": 0.48148148148148145, "44": 0.0, "45": 0.85, "46": 0.4444444444444444, "47": 0.2222222222222222, "48": 0.2, "49": 0.8, "50": 0.4166666666666667, "51": 0.8787878787878788, "52": 1.0, "53": 0.9166666666666666, "54": 0.47619047619047616, "55": 0.7777777777777778}, {"0": 0.9803921568627451, "1": 1.0, "2": 1.0, "3": 0.0, "4": 0.0, "5": 0.9047619047619048, "6": 1.0, "7": 0.0, "8": 1.0, "9": 0.6153846153846154, "10": 0.8888888888888888, "11": 0.9090909090909091, "12": 1.0, "13": 0.3333333333333333, "14": 0.6666666666666666, "15": 0.8484848484848485, "16": 0.7619047619047619, "17": 0.9166666666666666, "18": 1.0, "19": 0.9166666666666666, "20": 0.9666666666666667, "21": 0.8928571428571429, "22": 1.0, "23": 0.2, "24": 0.8095238095238095, "25": 0.7777777777777778, "26": 0.9166666666666666, "27": 0.8518518518518519, "28": 0.1111111111111111, "29": 0.9444444444444444, "30": 0.0, "31": 0.16666666666666666, "32": 0.0, "33": 1.0, "34": 0.7407407407407407, "35": 0.5714285714285714, "36": 0.9696969696969697, "37": 0.9166666666666666, "38": 1.0, "39": 0.7142857142857143, "40": 0.9333333333333333, "41": 1.0, "42": 0.3888888888888889, "43": 0.5185185185185185, "44": 0.16666666666666666, "45": 0.95, "46": 0.7777777777777778, "47": 1.0, "48": 0.5333333333333333, "49": 0.8666666666666667, "50": 1.0, "51": 0.9696969696969697, "52": 1.0, "53": 0.9722222222222222, "54": 0.5714285714285714, "55": 0.8148148148148148}, {"0": 1.0, "1": 1.0, "2": 1.0, "3": 0.6666666666666666, "4": 0.4666666666666667, "5": 1.0, "6": 1.0, "7": 1.0, "8": 1.0, "9": 0.9230769230769231, "10": 0.9629629629629629, "11": 1.0, "12": 1.0, "13": 0.75, "14": 0.9259259259259259, "15": 1.0, "16": 0.9523809523809523, "17": 0.9166666666666666, "18": 1.0, "19": 1.0, "20": 1.0, "21": 0.8928571428571429, "22": 1.0, "23": 1.0, "24": 0.9523809523809523, "25": 0.7777777777777778, "26": 1.0, "27": 1.0, "28": 0.6666666666666666, "29": 1.0, "30": 0.6666666666666666, "31": 0.8333333333333334, "32": 0.0, "33": 1.0, "34": 0.6666666666666666, "35": 0.8095238095238095, "36": 0.9696969696969697, "37": 1.0, "38": 1.0, "39": 0.7142857142857143, "40": 0.9333333333333333, "41": 1.0, "42": 0.8888888888888888, "43": 0.5555555555555556, "44": 0.5, "45": 1.0, "46": 0.8888888888888888, "47": 1.0, "48": 0.8, "49": 0.9666666666666667, "50": 0.8333333333333334, "51": 1.0, "52": 1.0, "53": 1.0, "54": 0.6190476190476191, "55": 0.9629629629629629}, {"0": 1.0, "1": 1.0, "2": 1.0, "3": 1.0, "4": 0.13333333333333333, "5": 1.0, "6": 1.0, "7": 0.6666666666666666, "8": 1.0, "9": 1.0, "10": 1.0, "11": 1.0, "12": 1.0, "13": 0.9166666666666666, "14": 0.9629629629629629, "15": 1.0, "16": 1.0, "17": 1.0, "18": 1.0, "19": 1.0, "20": 0.9666666666666667, "21": 1.0, "22": 1.0, "23": 1.0, "24": 1.0, "25": 1.0, "26": 1.0, "27": 0.8888888888888888, "28": 0.7777777777777778, "29": 1.0, "30": 1.0, "31": 0.75, "32": 1.0, "33": 1.0, "34": 0.9629629629629629, "35": 0.8571428571428571, "36": 0.9393939393939394, "37": 1.0, "38": 1.0, "39": 0.9047619047619048, "40": 1.0, "41": 1.0, "42": 1.0, "43": 0.6666666666666666, "44": 1.0, "45": 1.0, "46": 0.9444444444444444, "47": 1.0, "48": 1.0, "49": 1.0, "50": 1.0, "51": 0.8787878787878788, "52": 1.0, "53": 1.0, "54": 0.5714285714285714, "55": 0.8888888888888888}, {"0": 1.0, "1": 1.0, "2": 1.0, "3": 0.6666666666666666, "4": 0.2, "5": 0.9523809523809523, "6": 1.0, "7": 1.0, "8": 1.0, "9": 1.0, "10": 1.0, "11": 1.0, "12": 1.0, "13": 1.0, "14": 0.9629629629629629, "15": 1.0, "16": 1.0, "17": 1.0, "18": 1.0, "19": 0.9722222222222222, "20": 1.0, "21": 1.0, "22": 1.0, "23": 1.0, "24": 1.0, "25": 1.0, "26": 1.0, "27": 0.8888888888888888, "28": 0.7777777777777778, "29": 1.0, "30": 1.0, "31": 0.9166666666666666, "32": 0.6666666666666666, "33": 1.0, "34": 0.9629629629629629, "35": 0.9047619047619048, "36": 0.9090909090909091, "37": 1.0, "38": 1.0, "39": 0.8571428571428571, "40": 1.0, "41": 1.0, "42": 1.0, "43": 0.7037037037037037, "44": 1.0, "45": 1.0, "46": 1.0, "47": 1.0, "48": 1.0, "49": 1.0, "50": 1.0, "51": 0.9090909090909091, "52": 1.0, "53": 1.0, "54": 0.5714285714285714, "55": 0.9259259259259259}, {"0": 1.0, "1": 1.0, "2": 1.0, "3": 1.0, "4": 0.13333333333333333, "5": 1.0, "6": 1.0, "7": 1.0, "8": 1.0, "9": 1.0, "10": 1.0,