{"train_loss": [2.6138718179516567, 1.6444973705549775, 1.196222905284345, 0.9037272132973228, 0.7338117008755337, 0.5907460064909992, 0.3439300593094676, 0.2503561614386216, 0.2218077490986722, 0.19173935708589135], "train_acc": [0.263643354177475, 0.44427362084388733, 0.5664873123168945, 0.6525749564170837, 0.7294389009475708, 0.7832436561584473, 0.8808608651161194, 0.9323596954345703, 0.9346656203269958, 0.9392774701118469], "val_loss": [12.528955459594727, 9.431200166350429, 11.563752581772295, 10.901347493662417, 10.81463399905603, 11.211716985239566, 10.787683829520512, 10.758385908256457, 10.515608389400741, 10.276887088146024], "val_acc": [0.0, 0.0, 0.0, 0.0, 0.009708737954497337, 0.0, 0.0, 0.0, 0.0, 0.0], "train_class_acc": [{"0": 0.47058823529411764, "1": 0.07407407407407407, "2": 0.38461538461538464, "3": 0.0, "4": 0.0, "5": 0.0, "6": 0.38095238095238093, "7": 0.0, "8": 0.2727272727272727, "9": 0.07692307692307693, "10": 0.25925925925925924, "11": 0.45454545454545453, "12": 0.36363636363636365, "13": 0.08333333333333333, "14": 0.2962962962962963, "15": 0.2727272727272727, "16": 0.047619047619047616, "17": 0.0, "18": 0.2777777777777778, "19": 0.2777777777777778, "20": 0.26666666666666666, "21": 0.14285714285714285, "22": 0.7, "23": 0.0, "24": 0.0, "25": 0.0, "26": 0.3333333333333333, "27": 0.1111111111111111, "28": 0.0, "29": 0.1111111111111111, "30": 0.0, "31": 0.0, "32": 0.0, "33": 0.6428571428571429, "34": 0.18518518518518517, "35": 0.14285714285714285, "36": 0.2727272727272727, "37": 0.0, "38": 0.0, "39": 0.19047619047619047, "40": 0.23333333333333334, "41": 0.41025641025641024, "42": 0.0, "43": 0.18518518518518517, "44": 0.0, "45": 0.0, "46": 0.05555555555555555, "47": 0.0, "48": 0.13333333333333333, "49": 0.4, "50": 0.0, "51": 0.3939393939393939, "52": 0.6428571428571429, "53": 0.5833333333333334, "54": 0.047619047619047616, "55": 0.18518518518518517}, {"0": 0.5490196078431373, "1": 0.25925925925925924, "2": 0.8205128205128205, "3": 0.0, "4": 0.0, "5": 0.23809523809523808, "6": 0.8095238095238095, "7": 0.0, "8": 0.6363636363636364, "9": 0.23076923076923078, "10": 0.18518518518518517, "11": 0.6666666666666666, "12": 0.696969696969697, "13": 0.0, "14": 0.18518518518518517, "15": 0.36363636363636365, "16": 0.09523809523809523, "17": 0.16666666666666666, "18": 0.5555555555555556, "19": 0.3611111111111111, "20": 0.6333333333333333, "21": 0.32142857142857145, "22": 0.925, "23": 0.0, "24": 0.09523809523809523, "25": 0.6666666666666666, "26": 0.7083333333333334, "27": 0.6296296296296297, "28": 0.0, "29": 0.1111111111111111, "30": 0.0, "31": 0.0, "32": 0.0, "33": 0.9047619047619048, "34": 0.3333333333333333, "35": 0.09523809523809523, "36": 0.5151515151515151, "37": 0.125, "38": 0.4, "39": 0.3333333333333333, "40": 0.2, "41": 0.7435897435897436, "42": 0.1111111111111111, "43": 0.25925925925925924, "44": 0.0, "45": 0.4, "46": 0.1111111111111111, "47": 0.0, "48": 0.0, "49": 0.16666666666666666, "50": 0.0, "51": 0.7878787878787878, "52": 0.8809523809523809, "53": 0.8611111111111112, "54": 0.14285714285714285, "55": 0.5185185185185185}, {"0": 0.6274509803921569, "1": 0.4074074074074074, "2": 0.8974358974358975, "3": 0.0, "4": 0.06666666666666667, "5": 0.7619047619047619, "6": 1.0, "7": 0.0, "8": 0.8181818181818182, "9": 0.07692307692307693, "10": 0.5555555555555556, "11": 0.8181818181818182, "12": 0.9090909090909091, "13": 0.0, "14": 0.4444444444444444, "15": 0.3939393939393939, "16": 0.23809523809523808, "17": 0.08333333333333333, "18": 0.8333333333333334, "19": 0.5, "20": 0.5, "21": 0.2857142857142857, "22": 0.95, "23": 0.0, "24": 0.5238095238095238, "25": 0.5555555555555556, "26": 0.8333333333333334, "27": 0.5555555555555556, "28": 0.3333333333333333, "29": 0.3333333333333333, "30": 0.0, "31": 0.0, "32": 0.0, "33": 0.9523809523809523, "34": 0.14814814814814814, "35": 0.3333333333333333, "36": 0.6363636363636364, "37": 0.4166666666666667, "38": 0.8, "39": 0.19047619047619047, "40": 0.5666666666666667, "41": 0.8461538461538461, "42": 0.3888888888888889, "43": 0.2222222222222222, "44": 0.0, "45": 0.35, "46": 0.05555555555555555, "47": 0.0, "48": 0.3333333333333333, "49": 0.5, "50": 0.8333333333333334, "51": 0.9393939393939394, "52": 0.9047619047619048, "53": 0.9444444444444444, "54": 0.14285714285714285, "55": 0.5925925925925926}, {"0": 0.8235294117647058, "1": 0.7037037037037037, "2": 0.9230769230769231, "3": 0.0, "4": 0.06666666666666667, "5": 0.7142857142857143, "6": 1.0, "7": 0.0, "8": 0.7272727272727273, "9": 0.15384615384615385, "10": 0.7777777777777778, "11": 0.8787878787878788, "12": 0.9393939393939394, "13": 0.08333333333333333, "14": 0.37037037037037035, "15": 0.24242424242424243, "16": 0.5714285714285714, "17": 0.25, "18": 0.9166666666666666, "19": 0.5277777777777778, "20": 0.6666666666666666, "21": 0.39285714285714285, "22": 0.975, "23": 0.6, "24": 0.6190476190476191, "25": 0.7777777777777778, "26": 0.9166666666666666, "27": 0.8888888888888888, "28": 1.0, "29": 0.5555555555555556, "30": 0.3333333333333333, "31": 0.0, "32": 0.0, "33": 1.0, "34": 0.4074074074074074, "35": 0.09523809523809523, "36": 0.6060606060606061, "37": 0.75, "38": 1.0, "39": 0.14285714285714285, "40": 0.6666666666666666, "41": 0.9230769230769231, "42": 0.6111111111111112, "43": 0.2962962962962963, "44": 0.0, "45": 0.65, "46": 0.2222222222222222, "47": 0.0, "48": 0.2, "49": 0.6, "50": 0.6666666666666666, "51": 1.0, "52": 0.9523809523809523, "53": 1.0, "54": 0.2857142857142857, "55": 0.37037037037037035}, {"0": 0.7843137254901961, "1": 0.9629629629629629, "2": 0.9487179487179487, "3": 0.3333333333333333, "4": 0.6, "5": 0.8095238095238095, "6": 1.0, "7": 0.0, "8": 0.8787878787878788, "9": 0.23076923076923078, "10": 0.8888888888888888, "11": 0.8484848484848485, "12": 0.9696969696969697, "13": 0.0, "14": 0.5185185185185185, "15": 0.42424242424242425, "16": 0.6190476190476191, "17": 0.4166666666666667, "18": 0.9166666666666666, "19": 0.8888888888888888, "20": 0.7666666666666667, "21": 0.21428571428571427, "22": 1.0, "23": 0.7333333333333333, "24": 0.42857142857142855, "25": 1.0, "26": 1.0, "27": 0.9259259259259259, "28": 0.7777777777777778, "29": 0.9444444444444444, "30": 1.0, "31": 0.0, "32": 0.0, "33": 0.9761904761904762, "34": 0.3333333333333333, "35": 0.3333333333333333, "36": 0.7575757575757576, "37": 0.875, "38": 1.0, "39": 0.2857142857142857, "40": 0.7, "41": 0.8974358974358975, "42": 0.6666666666666666, "43": 0.2962962962962963, "44": 0.16666666666666666, "45": 0.85, "46": 0.4444444444444444, "47": 0.2222222222222222, "48": 0.2, "49": 0.7, "50": 0.9166666666666666, "51": 0.9696969696969697, "52": 1.0, "53": 1.0, "54": 0.2857142857142857, "55": 0.6666666666666666}, {"0": 0.9215686274509803, "1": 1.0, "2": 0.9230769230769231, "3": 0.6666666666666666, "4": 0.4666666666666667, "5": 0.9047619047619048, "6": 1.0, "7": 0.3333333333333333, "8": 0.8181818181818182, "9": 0.6153846153846154, "10": 0.8888888888888888, "11": 1.0, "12": 0.9393939393939394, "13": 0.08333333333333333, "14": 0.5555555555555556, "15": 0.696969696969697, "16": 0.6666666666666666, "17": 0.5, "18": 0.9166666666666666, "19": 0.8055555555555556, "20": 0.8, "21": 0.4642857142857143, "22": 0.975, "23": 0.8, "24": 0.8095238095238095, "25": 1.0, "26": 1.0, "27": 0.9259259259259259, "28": 1.0, "29": 0.9444444444444444, "30": 0.6666666666666666, "31": 0.3333333333333333, "32": 0.0, "33": 0.9761904761904762, "34": 0.4444444444444444, "35": 0.23809523809523808, "36": 0.696969696969697, "37": 0.9583333333333334, "38": 0.8666666666666667, "39": 0.42857142857142855, "40": 0.7333333333333333, "41": 0.9487179487179487, "42": 0.8333333333333334, "43": 0.3333333333333333, "44": 0.6666666666666666, "45": 0.9, "46": 0.6666666666666666, "47": 0.3333333333333333, "48": 0.4666666666666667, "49": 0.7333333333333333, "50": 0.8333333333333334, "51": 0.9696969696969697, "52": 0.9761904761904762, "53": 1.0, "54": 0.47619047619047616, "55": 0.5925925925925926}, {"0": 1.0, "1": 1.0, "2": 0.9487179487179487, "3": 1.0,