{"train_loss": [2.5845255252492145, 1.5176735751726003, 1.1540134168422562, 0.914159050819784, 0.6670119585576743], "train_acc": [0.2936202883720398, 0.49116063117980957, 0.584934651851654, 0.6664104461669922, 0.7440430521965027], "val_loss": [6.649896505966927, 10.478308223983616, 8.567941471210961, 11.06606268651277, 9.104856037399143], "val_acc": [0.0, 0.0, 0.0, 0.0, 0.0], "train_class_acc": [{"0": 0.6078431372549019, "1": 0.037037037037037035, "2": 0.6666666666666666, "3": 0.0, "4": 0.0, "5": 0.0, "6": 0.38095238095238093, "7": 0.0, "8": 0.21212121212121213, "9": 0.0, "10": 0.1111111111111111, "11": 0.42424242424242425, "12": 0.5757575757575758, "13": 0.0, "14": 0.18518518518518517, "15": 0.2727272727272727, "16": 0.047619047619047616, "17": 0.0, "18": 0.6111111111111112, "19": 0.3611111111111111, "20": 0.4, "21": 0.21428571428571427, "22": 0.725, "23": 0.0, "24": 0.09523809523809523, "25": 0.0, "26": 0.375, "27": 0.2962962962962963, "28": 0.0, "29": 0.0, "30": 0.0, "31": 0.0, "32": 0.0, "33": 0.6190476190476191, "34": 0.037037037037037035, "35": 0.19047619047619047, "36": 0.3939393939393939, "37": 0.08333333333333333, "38": 0.13333333333333333, "39": 0.09523809523809523, "40": 0.1, "41": 0.41025641025641024, "42": 0.05555555555555555, "43": 0.07407407407407407, "44": 0.0, "45": 0.0, "46": 0.0, "47": 0.0, "48": 0.0, "49": 0.3, "50": 0.0, "51": 0.5151515151515151, "52": 0.7142857142857143, "53": 0.5833333333333334, "54": 0.14285714285714285, "55": 0.18518518518518517}, {"0": 0.43137254901960786, "1": 0.5185185185185185, "2": 0.8461538461538461, "3": 0.0, "4": 0.0, "5": 0.14285714285714285, "6": 0.9047619047619048, "7": 0.0, "8": 0.6060606060606061, "9": 0.0, "10": 0.2962962962962963, "11": 0.6666666666666666, "12": 0.9090909090909091, "13": 0.08333333333333333, "14": 0.3333333333333333, "15": 0.5151515151515151, "16": 0.23809523809523808, "17": 0.0, "18": 0.7777777777777778, "19": 0.5277777777777778, "20": 0.5666666666666667, "21": 0.10714285714285714, "22": 0.925, "23": 0.2, "24": 0.38095238095238093, "25": 0.3333333333333333, "26": 0.7083333333333334, "27": 0.6666666666666666, "28": 0.0, "29": 0.16666666666666666, "30": 0.0, "31": 0.0, "32": 0.0, "33": 0.9761904761904762, "34": 0.25925925925925924, "35": 0.38095238095238093, "36": 0.6363636363636364, "37": 0.125, "38": 0.7333333333333333, "39": 0.14285714285714285, "40": 0.5, "41": 0.7948717948717948, "42": 0.1111111111111111, "43": 0.2962962962962963, "44": 0.0, "45": 0.0, "46": 0.05555555555555555, "47": 0.0, "48": 0.26666666666666666, "49": 0.4666666666666667, "50": 0.08333333333333333, "51": 0.7878787878787878, "52": 0.9047619047619048, "53": 0.9166666666666666, "54": 0.23809523809523808, "55": 0.2962962962962963}, {"0": 0.49019607843137253, "1": 0.6666666666666666, "2": 0.8974358974358975, "3": 0.0, "4": 0.3333333333333333, "5": 0.42857142857142855, "6": 1.0, "7": 0.0, "8": 0.7575757575757576, "9": 0.0, "10": 0.48148148148148145, "11": 0.8787878787878788, "12": 0.8787878787878788, "13": 0.08333333333333333, "14": 0.2962962962962963, "15": 0.3939393939393939, "16": 0.38095238095238093, "17": 0.08333333333333333, "18": 0.9166666666666666, "19": 0.6388888888888888, "20": 0.8666666666666667, "21": 0.21428571428571427, "22": 0.95, "23": 0.5333333333333333, "24": 0.42857142857142855, "25": 0.2222222222222222, "26": 0.8333333333333334, "27": 0.7037037037037037, "28": 0.0, "29": 0.5, "30": 0.0, "31": 0.0, "32": 0.0, "33": 1.0, "34": 0.4444444444444444, "35": 0.0, "36": 0.696969696969697, "37": 0.4583333333333333, "38": 0.8666666666666667, "39": 0.23809523809523808, "40": 0.5666666666666667, "41": 0.8974358974358975, "42": 0.3888888888888889, "43": 0.18518518518518517, "44": 0.0, "45": 0.25, "46": 0.0, "47": 0.0, "48": 0.26666666666666666, "49": 0.5666666666666667, "50": 0.5833333333333334, "51": 0.9393939393939394, "52": 0.9523809523809523, "53": 1.0, "54": 0.42857142857142855, "55": 0.3333333333333333}, {"0": 0.6078431372549019, "1": 0.8888888888888888, "2": 0.9487179487179487, "3": 0.0, "4": 0.0, "5": 0.6666666666666666, "6": 1.0, "7": 0.0, "8": 0.8484848484848485, "9": 0.5384615384615384, "10": 0.5925925925925926, "11": 0.8181818181818182, "12": 1.0, "13": 0.0, "14": 0.25925925925925924, "15": 0.42424242424242425, "16": 0.42857142857142855, "17": 0.4166666666666667, "18": 0.8888888888888888, "19": 0.8055555555555556, "20": 0.8666666666666667, "21": 0.35714285714285715, "22": 0.975, "23": 0.6666666666666666, "24": 0.5238095238095238, "25": 0.6666666666666666, "26": 0.75, "27": 0.8888888888888888, "28": 0.4444444444444444, "29": 0.4444444444444444, "30": 0.6666666666666666, "31": 0.0, "32": 0.0, "33": 1.0, "34": 0.3333333333333333, "35": 0.3333333333333333, "36": 0.7272727272727273, "37": 0.5833333333333334, "38": 1.0, "39": 0.5714285714285714, "40": 0.7333333333333333, "41": 0.9230769230769231, "42": 0.5, "43": 0.18518518518518517, "44": 0.0, "45": 0.8, "46": 0.05555555555555555, "47": 0.0, "48": 0.3333333333333333, "49": 0.6666666666666666, "50": 0.75, "51": 0.9393939393939394, "52": 1.0, "53": 0.9722222222222222, "54": 0.42857142857142855, "55": 0.4444444444444444}, {"0": 0.803921568627451, "1": 0.9629629629629629, "2": 1.0, "3": 0.0, "4": 0.4666666666666667, "5": 0.8571428571428571, "6": 0.9523809523809523, "7": 0.0, "8": 0.9393939393939394, "9": 0.5384615384615384, "10": 0.7407407407407407, "11": 0.8787878787878788, "12": 1.0, "13": 0.25, "14": 0.5185185185185185, "15": 0.42424242424242425, "16": 0.47619047619047616, "17": 0.6666666666666666, "18": 0.9444444444444444, "19": 0.9166666666666666, "20": 0.8333333333333334, "21": 0.2857142857142857, "22": 0.95, "23": 1.0, "24": 0.8095238095238095, "25": 0.7777777777777778, "26": 1.0, "27": 0.8888888888888888, "28": 0.8888888888888888, "29": 0.6666666666666666, "30": 0.6666666666666666, "31": 0.08333333333333333, "32": 0.0, "33": 1.0, "34": 0.2962962962962963, "35": 0.19047619047619047, "36": 0.6363636363636364, "37": 0.875, "38": 0.8666666666666667, "39": 0.7142857142857143, "40": 0.9333333333333333, "41": 0.8974358974358975, "42": 0.8888888888888888, "43": 0.3333333333333333, "44": 0.16666666666666666, "45": 1.0, "46": 0.2222222222222222, "47": 0.0, "48": 0.13333333333333333, "49": 0.8, "50": 0.8333333333333334, "51": 1.0, "52": 0.9523809523809523, "53": 1.0, "54": 0.23809523809523808, "55": 0.48148148148148145}], "val_class_acc": [{"0": 0.0, "1": 0.0, "2": 0.0, "3": 0.0, "4": 0.0, "5": 0, "6": 0.0, "7": 0.0, "8": 0.0, "9": 0.0, "10": 0.0, "11": 0, "12": 0.0, "13": 0.0, "14": 0.0, "15": 0.0, "16": 0.0, "17": 0.0, "18": 0, "19": 0, "20": 0, "21": 0, "22": 0, "23": 0, "24": 0, "25": 0, "26": 0, "27": 0, "28": 0, "29": 0, "30": 0, "31": 0, "32": 0, "33": 0, "34": 0, "35": 0, "36": 0, "37": 0, "38": 0, "39": 0, "40": 0, "41": 0, "42": 0, "43": 0, "44": 0, "45": 0, "46": 0, "47": 0, "48": 0, "49": 0, "50": 0, "51": 0, "52": 0, "53": 0, "54": 0, "55": 0}, {"0": 0.0, "1": 0.0, "2": 0.0, "3": 0.0, "4": 0.0, "5": 0, "6": 0.0, "7": 0.0, "8": 0.0, "9": 0.0, "10": 0.0, "11": 0, "12": 0.0, "13": 0.0, "14": 0.0, "15": 0.0, "16": 0.0, "17": 0.0, "18": 0, "19": 0, "20": 0, "21": 0, "22": 0, "23": 0, "24": 0, "25": 0, "26": 0, "27": 0, "28": 0, "29": 0, "30": 0, "31": 0, "32": 0, "33": 0, "34": 0, "35": 0, "36": 0, "37": 0, "38": 0, "39": 0, "40": 0, "41": 0, "42": 0, "43": 0, "44": 0, "45": 0, "46": 0, "47": 0, "48": 0, "49": 0, "50": 0, "51": 0, "52": 0, "53": 0, "54": 0, "55": 0}, {"0": 0.0, "1": 0.0, "2": 0.0, "3": 0.0, "4": 0.0, "5": 0, "6": 0.0, "7": 0.0, "8": 0.0, "9": 0.0, "10": 0.0, "11": 0, "12": 0.0, "13": 0.0, "14": 0.0, "15": 0.0, "16": 0.0, "17": 0.0, "18": 0, "19": 0, "20": 0, "21": 0, "22": 0, "23": 0, "24": 0, "25": 0, "26": 0, "27": 0, "28": 0, "29": 0, "30": 0, "31": 0, "32": 0, "33": 0, "34": 0, "35": 0, "36": 0, "37": 0, "38": 0, "39": 0, "40": 0, "41": 0, "42": 0, "43": 0, "44": 0, "45": 0, "46": 0, "47": 0, "48": 0, "49": 0, "50": 0, "51": 0, "52": 0, "53": 0, "54": 0, "55": 0}, {"0": 0.0, "1": 0.0, "2": 0.0, "3": 0.0, "4": 0.0, "5": 0,