{"train_loss": [2.650648713570022, 1.7854355470113439, 1.4030324657727533, 1.1722917608074919, 1.0201168838232686, 0.9535692394192085, 0.8400354031917227, 0.7719879280503762, 0.6455937880538776], "train_acc": [0.2805534303188324, 0.4096848666667938, 0.5073020458221436, 0.5703305006027222, 0.6418139934539795, 0.6402767300605774, 0.679477334022522, 0.7056110501289368, 0.7463489770889282], "val_loss": [2.555190169338613, 2.100948617321804, 1.7856903170699066, 1.7370711544011659, 2.1954354772483726, 2.0020140136391054, 2.158926220192258, 2.561647247112795, 1.7706080349531468], "val_acc": [0.24229073524475098, 0.38766518235206604, 0.48458147048950195, 0.5506607890129089, 0.4977973401546478, 0.5110132098197937, 0.4493391811847687, 0.4273127615451813, 0.5374448895454407], "train_class_acc": [{"0": 0.4117647058823529, "1": 0.25925925925925924, "2": 0.5897435897435898, "3": 0.0, "4": 0.0, "5": 0.047619047619047616, "6": 0.0, "7": 0.0, "8": 0.12121212121212122, "9": 0.07692307692307693, "10": 0.0, "11": 0.42424242424242425, "12": 0.5151515151515151, "13": 0.0, "14": 0.3333333333333333, "15": 0.2727272727272727, "16": 0.047619047619047616, "17": 0.0, "18": 0.4722222222222222, "19": 0.3611111111111111, "20": 0.3, "21": 0.17857142857142858, "22": 0.7, "23": 0.0, "24": 0.0, "25": 0.0, "26": 0.2916666666666667, "27": 0.1111111111111111, "28": 0.0, "29": 0.0, "30": 0.0, "31": 0.0, "32": 0.0, "33": 0.3333333333333333, "34": 0.14814814814814814, "35": 0.14285714285714285, "36": 0.5454545454545454, "37": 0.041666666666666664, "38": 0.0, "39": 0.19047619047619047, "40": 0.23333333333333334, "41": 0.46153846153846156, "42": 0.0, "43": 0.14814814814814814, "44": 0.0, "45": 0.05, "46": 0.2222222222222222, "47": 0.0, "48": 0.13333333333333333, "49": 0.2, "50": 0.0, "51": 0.24242424242424243, "52": 0.8809523809523809, "53": 0.8611111111111112, "54": 0.047619047619047616, "55": 0.48148148148148145}, {"0": 0.45098039215686275, "1": 0.18518518518518517, "2": 0.8461538461538461, "3": 0.0, "4": 0.2, "5": 0.09523809523809523, "6": 0.047619047619047616, "7": 0.0, "8": 0.06060606060606061, "9": 0.0, "10": 0.037037037037037035, "11": 0.6060606060606061, "12": 0.7878787878787878, "13": 0.08333333333333333, "14": 0.18518518518518517, "15": 0.5454545454545454, "16": 0.047619047619047616, "17": 0.0, "18": 0.6944444444444444, "19": 0.3333333333333333, "20": 0.7, "21": 0.42857142857142855, "22": 0.85, "23": 0.0, "24": 0.0, "25": 0.3333333333333333, "26": 0.4166666666666667, "27": 0.3333333333333333, "28": 0.0, "29": 0.0, "30": 0.0, "31": 0.0, "32": 0.0, "33": 0.8095238095238095, "34": 0.4444444444444444, "35": 0.09523809523809523, "36": 0.8181818181818182, "37": 0.041666666666666664, "38": 0.2, "39": 0.3333333333333333, "40": 0.4, "41": 0.7435897435897436, "42": 0.0, "43": 0.25925925925925924, "44": 0.0, "45": 0.0, "46": 0.1111111111111111, "47": 0.0, "48": 0.0, "49": 0.4, "50": 0.0, "51": 0.6666666666666666, "52": 0.9047619047619048, "53": 0.9166666666666666, "54": 0.2857142857142857, "55": 0.7037037037037037}, {"0": 0.5882352941176471, "1": 0.07407407407407407, "2": 0.8717948717948718, "3": 0.0, "4": 0.13333333333333333, "5": 0.047619047619047616, "6": 0.0, "7": 0.0, "8": 0.12121212121212122, "9": 0.0, "10": 0.07407407407407407, "11": 0.6666666666666666, "12": 0.8787878787878788, "13": 0.0, "14": 0.2962962962962963, "15": 0.5757575757575758, "16": 0.19047619047619047, "17": 0.0, "18": 0.8611111111111112, "19": 0.5833333333333334, "20": 0.7666666666666667, "21": 0.25, "22": 1.0, "23": 0.0, "24": 0.047619047619047616, "25": 0.7777777777777778, "26": 0.75, "27": 0.5555555555555556, "28": 0.0, "29": 0.05555555555555555, "30": 0.0, "31": 0.0, "32": 0.0, "33": 0.8809523809523809, "34": 0.3333333333333333, "35": 0.19047619047619047, "36": 0.9393939393939394, "37": 0.125, "38": 0.6666666666666666, "39": 0.47619047619047616, "40": 0.6, "41": 0.9230769230769231, "42": 0.05555555555555555, "43": 0.2962962962962963, "44": 0.0, "45": 0.1, "46": 0.0, "47": 0.0, "48": 0.4, "49": 0.6333333333333333, "50": 0.5833333333333334, "51": 0.9393939393939394, "52": 0.9523809523809523, "53": 1.0, "54": 0.42857142857142855, "55": 0.8148148148148148}, {"0": 0.35294117647058826, "1": 0.1111111111111111, "2": 0.9743589743589743, "3": 0.0, "4": 0.4666666666666667, "5": 0.14285714285714285, "6": 0.0, "7": 0.0, "8": 0.2727272727272727, "9": 0.0, "10": 0.2962962962962963, "11": 0.7878787878787878, "12": 0.9393939393939394, "13": 0.25, "14": 0.37037037037037035, "15": 0.30303030303030304, "16": 0.6666666666666666, "17": 0.25, "18": 0.9166666666666666, "19": 0.75, "20": 0.7, "21": 0.21428571428571427, "22": 0.95, "23": 0.0, "24": 0.23809523809523808, "25": 0.7777777777777778, "26": 0.875, "27": 0.7037037037037037, "28": 0.4444444444444444, "29": 0.4444444444444444, "30": 0.0, "31": 0.0, "32": 0.0, "33": 1.0, "34": 0.4074074074074074, "35": 0.19047619047619047, "36": 0.9696969696969697, "37": 0.2916666666666667, "38": 0.6666666666666666, "39": 0.6666666666666666, "40": 0.7666666666666667, "41": 1.0, "42": 0.0, "43": 0.4074074074074074, "44": 0.0, "45": 0.0, "46": 0.0, "47": 0.0, "48": 0.2, "49": 0.7666666666666667, "50": 0.5833333333333334, "51": 0.9393939393939394, "52": 1.0, "53": 1.0, "54": 0.42857142857142855, "55": 0.9629629629629629}, {"0": 0.45098039215686275, "1": 0.14814814814814814, "2": 0.9743589743589743, "3": 0.3333333333333333, "4": 0.6666666666666666, "5": 0.19047619047619047, "6": 0.5238095238095238, "7": 0.0, "8": 0.24242424242424243, "9": 0.23076923076923078, "10": 0.1111111111111111, "11": 0.7878787878787878, "12": 1.0, "13": 0.16666666666666666, "14": 0.5185185185185185, "15": 0.5454545454545454, "16": 0.7142857142857143, "17": 0.0, "18": 0.9444444444444444, "19": 0.9166666666666666, "20": 0.9333333333333333, "21": 0.32142857142857145, "22": 0.975, "23": 0.06666666666666667, "24": 0.19047619047619047, "25": 0.7777777777777778, "26": 0.875, "27": 0.7407407407407407, "28": 0.8888888888888888, "29": 0.7222222222222222, "30": 0.6666666666666666, "31": 0.0, "32": 0.0, "33": 0.9761904761904762, "34": 0.6296296296296297, "35": 0.38095238095238093, "36": 1.0, "37": 0.20833333333333334, "38": 1.0, "39": 0.7142857142857143, "40": 0.8666666666666667, "41": 1.0, "42": 0.1111111111111111, "43": 0.2962962962962963, "44": 0.0, "45": 0.1, "46": 0.2222222222222222, "47": 0.0, "48": 0.13333333333333333, "49": 0.9, "50": 0.8333333333333334, "51": 0.9393939393939394, "52": 0.9761904761904762, "53": 1.0, "54": 0.7142857142857143, "55": 0.9629629629629629}, {"0": 0.3333333333333333, "1": 0.25925925925925924, "2": 0.9743589743589743, "3": 0.6666666666666666, "4": 0.5333333333333333, "5": 0.42857142857142855, "6": 0.42857142857142855, "7": 0.0, "8": 0.30303030303030304, "9": 0.0, "10": 0.1111111111111111, "11": 0.7575757575757576, "12": 0.9696969696969697, "13": 0.3333333333333333, "14": 0.7037037037037037, "15": 0.6363636363636364, "16": 0.5238095238095238, "17": 0.0, "18": 0.9166666666666666, "19": 0.8888888888888888, "20": 0.9, "21": 0.32142857142857145, "22": 1.0, "23": 0.13333333333333333, "24": 0.23809523809523808, "25": 1.0, "26": 0.9583333333333334, "27": 0.8888888888888888, "28": 0.8888888888888888, "29": 0.7222222222222222, "30": 0.0, "31": 0.0, "32": 0.3333333333333333, "33": 0.9761904761904762, "34": 0.5925925925925926, "35": 0.14285714285714285, "36": 1.0, "37": 0.4166666666666667, "38": 0.7333333333333333, "39": 0.6190476190476191, "40": 0.7666666666666667, "41": 0.9487179487179487, "42": 0.0, "43": 0.2962962962962963, "44": 0.0, "45": 0.15, "46": 0.05555555555555555, "47": 0.2222222222222222, "48": 0.4, "49": 0.8666666666666667, "50": 0.8333333333333334, "51": 0.9696969696969697, "52": 1.0, "53": 0.9722222222222222, "54": 0.6666666666666666, "55": 0.9629629629629629}, {"0": 0.3333333333333333, "1": 0.25925925925925924, "2": 0.9743589743589743, "3": 1.0, "4": 0.6, "5": 0.3333333333333333, "6": 0.7142857142857143, "7": 0.0, "8": 0.3333333333333333, "9": 0.23076923076923078, "10": 0.2222222222222222,