{"mean_test_accuracy": 0.9032258093357086, "std_test_accuracy": 0.010752707719802856}