{"mean_test_accuracy": 0.7575757205486298, "std_test_accuracy": 0.0363636314868927}