{"mean_test_accuracy": 0.6708333790302277, "std_test_accuracy": 0.020833343267440796}