{"mean_test_accuracy": 0.5128205418586731, "std_test_accuracy": 0.034188032150268555}