{"mean_test_accuracy": 0.8014706075191498, "std_test_accuracy": 0.022058814764022827}