{"mean_test_accuracy": 0.8455882668495178, "std_test_accuracy": 0.05147057771682739}