{"mean_test_accuracy": 0.8307291865348816, "std_test_accuracy": 0.018229186534881592}