{"mean_test_accuracy": 0.7350427508354187, "std_test_accuracy": 0.017094016075134277}