{"mean_test_accuracy": 0.2526881694793701, "std_test_accuracy": 0.02688172459602356}