{"mean_test_accuracy": 0.6435897648334503, "std_test_accuracy": 0.01794871687889099}