{"mean_test_accuracy": 0.9699999690055847, "std_test_accuracy": 0.009999990463256836}