{"mean_test_accuracy": 0.46581199765205383, "std_test_accuracy": 0.029914528131484985}