{"mean_test_accuracy": 0.815789520740509, "std_test_accuracy": 0.047368407249450684}