{"mean_test_accuracy": 0.09210526570677757, "std_test_accuracy": 0.03947368636727333}