{"mean_test_accuracy": 0.736559122800827, "std_test_accuracy": 0.09139785170555115}