{"train_loss": [1.2779192091108442, 0.6016654214343509, 0.3187096347142984, 0.17921054092076447, 0.1129474830989902, 0.036078752067175, 0.017245916038885846, 0.010733859108442122, 0.012043487097698827, 0.01348318968068909], "train_acc": [0.616216242313385, 0.8090090155601501, 0.9045044779777527, 0.9486486315727234, 0.9693693518638611, 0.9945945739746094, 1.0, 0.99909907579422, 0.99909907579422, 0.9972972869873047], "val_loss": [0.9469154003338937, 1.060051678082882, 1.3465769596588917, 1.1017711628706028, 1.1838489325764852, 1.0783168352567232, 1.0345409703560364, 1.0231342090246005, 1.0516200466797903, 1.0385370460840373], "val_acc": [0.7564102411270142, 0.6794871687889099, 0.692307710647583, 0.7435897588729858, 0.8205128312110901, 0.807692289352417, 0.807692289352417, 0.807692289352417, 0.7948718070983887, 0.807692289352417], "train_class_acc": [{"0": 0.6046511627906976, "1": 0.75, "2": 0.6944444444444444, "3": 0.7681159420289855, "4": 0.8222222222222222, "5": 0.5833333333333334, "6": 0.5641025641025641, "7": 0.68, "8": 0.72, "9": 0.44761904761904764, "10": 0.13333333333333333, "11": 0.4, "12": 0.5111111111111111, "13": 0.6341463414634146, "14": 0.8533333333333334, "15": 0.5652173913043478, "16": 0.675, "17": 0.4, "18": 0.5581395348837209}, {"0": 0.9069767441860465, "1": 0.8611111111111112, "2": 0.8611111111111112, "3": 0.8260869565217391, "4": 0.9777777777777777, "5": 0.8611111111111112, "6": 0.7692307692307693, "7": 0.8933333333333333, "8": 0.84, "9": 0.6857142857142857, "10": 0.5666666666666667, "11": 0.8444444444444444, "12": 0.5777777777777777, "13": 0.926829268292683, "14": 0.9733333333333334, "15": 0.8347826086956521, "16": 0.925, "17": 0.4444444444444444, "18": 0.6046511627906976}, {"0": 0.9069767441860465, "1": 0.9861111111111112, "2": 0.9444444444444444, "3": 0.8985507246376812, "4": 0.9777777777777777, "5": 0.8333333333333334, "6": 0.8205128205128205, "7": 0.9333333333333333, "8": 0.9066666666666666, "9": 0.8857142857142857, "10": 0.8, "11": 0.7777777777777778, "12": 0.8888888888888888, "13": 0.926829268292683, "14": 0.9866666666666667, "15": 0.9217391304347826, "16": 0.975, "17": 0.7111111111111111, "18": 0.9069767441860465}, {"0": 0.9767441860465116, "1": 0.9861111111111112, "2": 0.9583333333333334, "3": 0.927536231884058, "4": 1.0, "5": 1.0, "6": 1.0, "7": 0.9733333333333334, "8": 0.9866666666666667, "9": 0.9142857142857143, "10": 0.9333333333333333, "11": 0.8222222222222222, "12": 0.8888888888888888, "13": 0.975609756097561, "14": 1.0, "15": 0.9478260869565217, "16": 0.95, "17": 0.8666666666666667, "18": 0.8837209302325582}, {"0": 0.9767441860465116, "1": 0.9583333333333334, "2": 0.9861111111111112, "3": 0.9710144927536232, "4": 0.9777777777777777, "5": 0.9722222222222222, "6": 0.9743589743589743, "7": 0.9866666666666667, "8": 0.96, "9": 0.9428571428571428, "10": 0.9, "11": 0.9333333333333333, "12": 0.9777777777777777, "13": 1.0, "14": 1.0, "15": 0.9739130434782609, "16": 0.975, "17": 0.9777777777777777, "18": 0.9534883720930233}, {"0": 1.0, "1": 0.9861111111111112, "2": 0.9861111111111112, "3": 1.0, "4": 1.0, "5": 1.0, "6": 1.0, "7": 0.9866666666666667, "8": 1.0, "9": 1.0, "10": 0.9666666666666667, "11": 1.0, "12": 1.0, "13": 1.0, "14": 1.0, "15": 0.991304347826087, "16": 0.975, "17": 1.0, "18": 1.0}, {"0": 1.0, "1": 1.0, "2": 1.0, "3": 1.0, "4": 1.0, "5": 1.0, "6": 1.0, "7": 1.0, "8": 1.0, "9": 1.0, "10": 1.0, "11": 1.0, "12": 1.0, "13": 1.0, "14": 1.0, "15": 1.0, "16": 1.0, "17": 1.0, "18": 1.0}, {"0": 1.0, "1": 1.0, "2": 1.0, "3": 1.0, "4": 1.0, "5": 1.0, "6": 1.0, "7": 1.0, "8": 1.0, "9": 1.0, "10": 1.0, "11": 1.0, "12": 1.0, "13": 1.0, "14": 1.0, "15": 1.0, "16": 0.975, "17": 1.0, "18": 1.0}, {"0": 1.0, "1": 1.0, "2": 1.0, "3": 1.0, "4": 1.0, "5": 1.0, "6": 1.0, "7": 1.0, "8": 1.0, "9": 1.0, "10": 1.0, "11": 1.0, "12": 1.0, "13": 1.0, "14": 1.0, "15": 0.991304347826087, "16": 1.0, "17": 1.0, "18": 1.0}, {"0": 1.0, "1": 0.9861111111111112, "2": 1.0, "3": 1.0, "4": 1.0, "5": 1.0, "6": 1.0, "7": 1.0, "8": 1.0, "9": 1.0, "10": 1.0, "11": 0.9777777777777777, "12": 1.0, "13": 1.0, "14": 1.0, "15": 1.0, "16": 0.975, "17": 1.0, "18": 1.0}], "val_class_acc": [{"0": 0, "1": 0, "2": 0, "3": 1.0, "4": 1.0, "5": 0, "6": 0, "7": 0, "8": 0, "9": 0.9444444444444444, "10": 0, "11": 0, "12": 0.25, "13": 0.5833333333333334, "14": 0, "15": 0, "16": 0, "17": 0, "18": 0.6666666666666666}, {"0": 0, "1": 0, "2": 0, "3": 1.0, "4": 0.5, "5": 0, "6": 0, "7": 0, "8": 0, "9": 0.8333333333333334, "10": 0, "11": 0, "12": 0.25, "13": 0.6666666666666666, "14": 0, "15": 0, "16": 0, "17": 0, "18": 0.75}, {"0": 0, "1": 0, "2": 0, "3": 1.0, "4": 0.6666666666666666, "5": 0, "6": 0, "7": 0, "8": 0, "9": 0.8888888888888888, "10": 0, "11": 0, "12": 0.0, "13": 0.75, "14": 0, "15": 0, "16": 0, "17": 0, "18": 0.75}, {"0": 0, "1": 0, "2": 0, "3": 1.0, "4": 1.0, "5": 0, "6": 0, "7": 0, "8": 0, "9": 0.8333333333333334, "10": 0, "11": 0, "12": 0.5, "13": 0.5833333333333334, "14": 0, "15": 0, "16": 0, "17": 0, "18": 0.5}, {"0": 0, "1": 0, "2": 0, "3": 1.0, "4": 1.0, "5": 0, "6": 0, "7": 0, "8": 0, "9": 0.8333333333333334, "10": 0, "11": 0, "12": 0.5833333333333334, "13": 0.6666666666666666, "14": 0, "15": 0, "16": 0, "17": 0, "18": 0.8333333333333334}, {"0": 0, "1": 0, "2": 0, "3": 1.0, "4": 1.0, "5": 0, "6": 0, "7": 0, "8": 0, "9": 0.8333333333333334, "10": 0, "11": 0, "12": 0.5833333333333334, "13": 0.6666666666666666, "14": 0, "15": 0, "16": 0, "17": 0, "18": 0.75}, {"0": 0, "1": 0, "2": 0, "3": 1.0, "4": 1.0, "5": 0, "6": 0, "7": 0, "8": 0, "9": 0.8333333333333334, "10": 0, "11": 0, "12": 0.5833333333333334, "13": 0.6666666666666666, "14": 0, "15": 0, "16": 0, "17": 0, "18": 0.75}, {"0": 0, "1": 0, "2": 0, "3": 1.0, "4": 1.0, "5": 0, "6": 0, "7": 0, "8": 0, "9": 0.8333333333333334, "10": 0, "11": 0, "12": 0.5833333333333334, "13": 0.6666666666666666, "14": 0, "15": 0, "16": 0, "17": 0, "18": 0.75}, {"0": 0, "1": 0, "2": 0, "3": 1.0, "4": 1.0, "5": 0, "6": 0, "7": 0, "8": 0, "9": 0.8333333333333334, "10": 0, "11": 0, "12": 0.5, "13": 0.6666666666666666, "14": 0, "15": 0, "16": 0, "17": 0, "18": 0.75}, {"0": 0, "1": 0, "2": 0, "3": 1.0, "4": 1.0, "5": 0, "6": 0, "7": 0, "8": 0, "9": 0.8333333333333334, "10": 0, "11": 0, "12": 0.5833333333333334, "13": 0.6666666666666666, "14": 0, "15": 0, "16": 0, "17": 0, "18": 0.75}], "test_loss": 0.533456748534067, "test_acc": 0.8970588445663452, "test_class_acc": {"0": 1.0, "1": 1.0, "2": 1.0, "3": 0.9166666666666666, "4": 1.0, "5": 1.0, "6": 0.8333333333333334, "7": 0.9166666666666666, "8": 1.0, "9": 0.7222222222222222, "10": 0.2222222222222222, "11": 0.8888888888888888, "12": 1.0, "13": 1.0, "14": 1.0, "15": 0.9047619047619048, "16": 1.0, "17": 1.0, "18": 0.6666666666666666}}