{"train_loss": [1.335545466914258, 0.4921894333905427, 0.31262457593198395, 0.19065450547534638, 0.16019055706250998, 0.19064443966193506, 0.14757370628477418, 0.11410945309659713, 0.061583954839508265, 0.0475024667997361, 0.04246418804283992, 0.0406254762036569, 0.02984153087052448, 0.035980597999629445, 0.04021395948459372], "train_acc": [0.5285983681678772, 0.8397234678268433, 0.8962916135787964, 0.9390320777893066, 0.9497171640396118, 0.9352608323097229, 0.9509742259979248, 0.9635449647903442, 0.9836580753326416, 0.9855436682701111, 0.9880578517913818, 0.9874292612075806, 0.9912005066871643, 0.9893149137496948, 0.9893149137496948], "val_loss": [0.9633854242592714, 1.1032283885985936, 0.9007739148883545, 0.7565116206475255, 1.1886659531876411, 0.8437818691592628, 1.134765793371976, 1.0679160552425244, 1.0082927078412403, 0.9777784735845692, 0.9550318569009297, 0.9521831293870222, 0.9521787071531914, 0.9520359213419853, 0.9518393253383941], "val_acc": [0.6655948162078857, 0.6848874688148499, 0.729903519153595, 0.7620578408241272, 0.6977491974830627, 0.758842408657074, 0.7234726548194885, 0.729903519153595, 0.7524115443229675, 0.7749196290969849, 0.7717041969299316, 0.7717041969299316, 0.7717041969299316, 0.7717041969299316, 0.7717041969299316], "train_class_acc": [{"0": 0.6790123456790124, "1": 0.44166666666666665, "2": 0.6782608695652174, "3": 0.8352941176470589, "4": 0.38333333333333336, "5": 0.16923076923076924, "6": 0.52, "7": 0.344, "8": 0.47058823529411764, "9": 0.4235294117647059, "10": 0.7922077922077922, "11": 0.632, "12": 0.44776119402985076, "13": 0.5921052631578947, "14": 0.4823529411764706, "15": 0.6172839506172839}, {"0": 0.9629629629629629, "1": 0.7916666666666666, "2": 0.9478260869565217, "3": 1.0, "4": 0.5166666666666667, "5": 0.5384615384615384, "6": 0.832, "7": 0.664, "8": 0.8588235294117647, "9": 0.8588235294117647, "10": 0.974025974025974, "11": 0.888, "12": 0.835820895522388, "13": 0.9210526315789473, "14": 0.8705882352941177, "15": 0.8888888888888888}, {"0": 0.9876543209876543, "1": 0.8416666666666667, "2": 0.9304347826086956, "3": 1.0, "4": 0.7166666666666667, "5": 0.5846153846153846, "6": 0.944, "7": 0.808, "8": 0.9411764705882353, "9": 0.9176470588235294, "10": 1.0, "11": 0.952, "12": 0.900497512437811, "13": 0.9473684210526315, "14": 0.8705882352941177, "15": 0.8888888888888888}, {"0": 0.9382716049382716, "1": 0.8916666666666667, "2": 0.9739130434782609, "3": 1.0, "4": 0.7833333333333333, "5": 0.7076923076923077, "6": 0.976, "7": 0.888, "8": 0.9882352941176471, "9": 0.9764705882352941, "10": 0.987012987012987, "11": 0.976, "12": 0.945273631840796, "13": 0.9605263157894737, "14": 0.9647058823529412, "15": 0.9629629629629629}, {"0": 0.9876543209876543, "1": 0.9166666666666666, "2": 0.9565217391304348, "3": 0.9764705882352941, "4": 0.85, "5": 0.7846153846153846, "6": 0.936, "7": 0.92, "8": 0.9647058823529412, "9": 0.9764705882352941, "10": 1.0, "11": 0.976, "12": 0.9601990049751243, "13": 0.9605263157894737, "14": 0.9882352941176471, "15": 0.9876543209876543}, {"0": 0.9753086419753086, "1": 0.9166666666666666, "2": 0.9652173913043478, "3": 0.9647058823529412, "4": 0.8666666666666667, "5": 0.7538461538461538, "6": 0.952, "7": 0.864, "8": 0.9411764705882353, "9": 0.9764705882352941, "10": 0.987012987012987, "11": 0.976, "12": 0.9203980099502488, "13": 0.9868421052631579, "14": 0.9294117647058824, "15": 0.9629629629629629}, {"0": 0.9259259259259259, "1": 0.9, "2": 0.9739130434782609, "3": 0.9647058823529412, "4": 0.85, "5": 0.8769230769230769, "6": 0.976, "7": 0.936, "8": 0.9882352941176471, "9": 0.9647058823529412, "10": 0.974025974025974, "11": 0.976, "12": 0.9552238805970149, "13": 0.9868421052631579, "14": 0.9411764705882353, "15": 0.9753086419753086}, {"0": 0.9753086419753086, "1": 0.9416666666666667, "2": 0.9826086956521739, "3": 0.9882352941176471, "4": 0.9166666666666666, "5": 0.8769230769230769, "6": 0.984, "7": 0.952, "8": 0.9882352941176471, "9": 0.9529411764705882, "10": 1.0, "11": 0.976, "12": 0.9552238805970149, "13": 0.9605263157894737, "14": 0.9764705882352941, "15": 0.9629629629629629}, {"0": 1.0, "1": 0.9833333333333333, "2": 1.0, "3": 1.0, "4": 0.9, "5": 0.8769230769230769, "6": 0.992, "7": 1.0, "8": 1.0, "9": 0.9647058823529412, "10": 1.0, "11": 0.976, "12": 0.9900497512437811, "13": 1.0, "14": 0.9882352941176471, "15": 1.0}, {"0": 0.9876543209876543, "1": 0.975, "2": 1.0, "3": 1.0, "4": 0.9, "5": 0.9230769230769231, "6": 1.0, "7": 1.0, "8": 0.9764705882352941, "9": 0.9647058823529412, "10": 1.0, "11": 1.0, "12": 0.9950248756218906, "13": 1.0, "14": 0.9882352941176471, "15": 0.9876543209876543}, {"0": 0.9876543209876543, "1": 0.9833333333333333, "2": 0.9826086956521739, "3": 1.0, "4": 0.9166666666666666, "5": 0.9076923076923077, "6": 0.992, "7": 1.0, "8": 1.0, "9": 1.0, "10": 1.0, "11": 1.0, "12": 0.9900497512437811, "13": 1.0, "14": 1.0, "15": 1.0}, {"0": 1.0, "1": 0.9833333333333333, "2": 0.991304347826087, "3": 1.0, "4": 0.9166666666666666, "5": 0.9076923076923077, "6": 0.984, "7": 0.992, "8": 1.0, "9": 1.0, "10": 1.0, "11": 0.992, "12": 0.9900497512437811, "13": 1.0, "14": 1.0, "15": 1.0}, {"0": 0.9876543209876543, "1": 0.9833333333333333, "2": 1.0, "3": 1.0, "4": 0.9, "5": 0.9538461538461539, "6": 1.0, "7": 1.0, "8": 1.0, "9": 1.0, "10": 1.0, "11": 0.992, "12": 0.9950248756218906, "13": 1.0, "14": 1.0, "15": 1.0}, {"0": 1.0, "1": 0.975, "2": 0.991304347826087, "3": 1.0, "4": 0.9333333333333333, "5": 0.9384615384615385, "6": 1.0, "7": 1.0, "8": 1.0, "9": 0.9647058823529412, "10": 1.0, "11": 1.0, "12": 0.9900497512437811, "13": 1.0, "14": 1.0, "15": 1.0}, {"0": 1.0, "1": 0.975, "2": 0.991304347826087, "3": 1.0, "4": 0.9, "5": 0.9384615384615385, "6": 1.0, "7": 1.0, "8": 1.0, "9": 1.0, "10": 1.0, "11": 0.984, "12": 1.0, "13": 1.0, "14": 1.0, "15": 0.9876543209876543}], "val_class_acc": [{"0": 0.9, "1": 1.0, "2": 1.0, "3": 1.0, "4": 0.0, "5": 1.0, "6": 1.0, "7": 0.1, "8": 0.25, "9": 0.6, "10": 0.75, "11": 1.0, "12": 0.2777777777777778, "13": 0.6666666666666666, "14": 0.9, "15": 0.35}, {"0": 1.0, "1": 0.75, "2": 1.0, "3": 1.0, "4": 1.0, "5": 0.0, "6": 0.8, "7": 0.05, "8": 0.55, "9": 0.3, "10": 0.75, "11": 1.0, "12": 0.4444444444444444, "13": 0.6666666666666666, "14": 0.75, "15": 0.9}, {"0": 1.0, "1": 0.95, "2": 1.0, "3": 1.0, "4": 0.4, "5": 1.0, "6": 0.8, "7": 0.75, "8": 0.5, "9": 0.45, "10": 0.75, "11": 0.95, "12": 0.5, "13": 0.6666666666666666, "14": 0.95, "15": 0.15}, {"0": 0.95, "1": 0.95, "2": 1.0, "3": 1.0, "4": 0.4, "5": 1.0, "6": 0.65, "7": 0.65, "8": 0.45, "9": 0.55, "10": 0.7, "11": 1.0, "12": 0.6944444444444444, "13": 0.7333333333333333, "14": 0.85, "15": 0.6}, {"0": 0.95, "1": 0.55, "2": 1.0, "3": 1.0, "4": 1.0, "5": 0.5, "6": 0.5, "7": 0.0, "8": 0.55, "9": 0.6, "10": 0.75, "11": 0.7, "12": 0.8888888888888888, "13": 0.6666666666666666, "14": 0.9, "15": 0.5}, {"0": 0.9, "1": 1.0, "2": 0.9, "3": 0.9, "4": 1.0, "5": 0.0, "6": 0.8, "7": 0.75, "8": 0.55, "9": 0.7, "10": 0.75, "11": 1.0, "12": 0.6388888888888888, "13": 0.6666666666666666, "14": 1.0, "15": 0.4}, {"0": 0.95, "1": 0.9, "2": 1.0, "3": 1.0, "4": 0.9, "5": 0.5, "6": 0.9, "7": 0.65, "8": 0.7, "9": 0.4, "10": 0.75, "11": 0.65, "12": 0.3333333333333333, "13": 0.6666666666666666, "14": 0.8, "15": 0.75}, {"0": 1.0, "1": 0.95, "2": 1.0, "3": 1.0, "4": 0.4, "5": 0.0, "6": 0.65, "7": 0.95, "8": 0.75, "9": 0.35, "10": 0.7, "11": 0.8, "12": 0.5555555555555556, "13": 0.8, "14": 0.9, "15": 0.5}, {"0": 1.0, "1": 0.95, "2": 1.0, "3": 1.0, "4": 0.5, "5": 0.0, "6": 0.8, "7": 0.95, "8": 0.75, "9": 0.4, "10": 0.7, "11": 0.8, "12": 0.5833333333333334, "13": 0.7333333333333333, "14": 0.9, "15": 0.6}, {"0": 1.0, "1": 0.95, "2": 1.0, "3": 1.0, "4": 1.0, "5": 0.0, "6": 0.8, "7": 0.95, "8": 0.75, "9": 0.45, "10": 0.7, "11": 0.8, "12": 0.5833333333333334, "13": 0.7333333333333333, "14": 0.9, "15": 0.65}, {"0": 1.0, "1": 0.95, "2": 1.0, "3": 1.0, "4": 1.0, "5": 0.0, "6": 0.8, "7": 0.9, "8": 0.75, "9": 0.45, "10": 0.7, "11": 0.8, "12": 0.5833333333333334,