{"train_loss": [1.775597432943491, 1.1147486934295068, 0.7996285494576153, 0.5074585792345878, 0.4600149560178447, 0.32613512883838425, 0.2359907548651736, 0.20641418894131977, 0.28399007042758484, 0.12804771254205297], "train_acc": [0.4196581244468689, 0.6196581125259399, 0.7307692170143127, 0.8290598392486572, 0.8538461327552795, 0.9094017148017883, 0.9290598034858704, 0.94017094373703, 0.9111111164093018, 0.9666666388511658], "val_loss": [3.2540417736226863, 1.2974806883118368, 1.185818699273196, 1.031225608424707, 0.852900382605466, 0.9210919330065901, 1.3952828255566683, 1.125828921253031, 1.4205075562000276, 0.8021020466631109], "val_acc": [0.2136363536119461, 0.5772727131843567, 0.6818181872367859, 0.7181817889213562, 0.7318181395530701, 0.7590909004211426, 0.6863636374473572, 0.6727272272109985, 0.7045454382896423, 0.8045454025268555], "train_class_acc": [{"0": 0.5102040816326531, "1": 0.2777777777777778, "2": 0.4861111111111111, "3": 0.4927536231884058, "4": 0.7647058823529411, "5": 0.08333333333333333, "6": 0.1794871794871795, "7": 0.49333333333333335, "8": 0.28, "9": 0.27927927927927926, "10": 0.0, "11": 0.37254901960784315, "12": 0.43137254901960786, "13": 0.8297872340425532, "14": 0.5066666666666667, "15": 0.4049586776859504, "16": 0.5, "17": 0.39215686274509803, "18": 0.5918367346938775}, {"0": 0.7142857142857143, "1": 0.6111111111111112, "2": 0.6388888888888888, "3": 0.7391304347826086, "4": 0.8823529411764706, "5": 0.2222222222222222, "6": 0.28205128205128205, "7": 0.72, "8": 0.38666666666666666, "9": 0.3963963963963964, "10": 0.13333333333333333, "11": 0.6862745098039216, "12": 0.6666666666666666, "13": 0.8936170212765957, "14": 0.6933333333333334, "15": 0.6694214876033058, "16": 0.8043478260869565, "17": 0.6862745098039216, "18": 0.7755102040816326}, {"0": 0.9387755102040817, "1": 0.6944444444444444, "2": 0.6805555555555556, "3": 0.855072463768116, "4": 0.9607843137254902, "5": 0.3611111111111111, "6": 0.23076923076923078, "7": 0.8666666666666667, "8": 0.4, "9": 0.5945945945945946, "10": 0.3333333333333333, "11": 0.8235294117647058, "12": 0.7647058823529411, "13": 0.9574468085106383, "14": 0.84, "15": 0.7603305785123967, "16": 0.8913043478260869, "17": 0.8431372549019608, "18": 0.8979591836734694}, {"0": 0.9795918367346939, "1": 0.875, "2": 0.8472222222222222, "3": 0.927536231884058, "4": 0.9607843137254902, "5": 0.3888888888888889, "6": 0.41025641025641024, "7": 0.92, "8": 0.7466666666666667, "9": 0.6576576576576577, "10": 0.3333333333333333, "11": 0.9411764705882353, "12": 0.9019607843137255, "13": 1.0, "14": 0.9066666666666666, "15": 0.8760330578512396, "16": 0.9347826086956522, "17": 0.8235294117647058, "18": 0.9591836734693877}, {"0": 0.9183673469387755, "1": 0.8472222222222222, "2": 0.8472222222222222, "3": 0.927536231884058, "4": 0.9411764705882353, "5": 0.5555555555555556, "6": 0.5384615384615384, "7": 0.9466666666666667, "8": 0.84, "9": 0.6936936936936937, "10": 0.5666666666666667, "11": 0.9019607843137255, "12": 0.8627450980392157, "13": 1.0, "14": 0.9333333333333333, "15": 0.9008264462809917, "16": 0.8913043478260869, "17": 0.9215686274509803, "18": 0.9591836734693877}, {"0": 0.9795918367346939, "1": 0.9027777777777778, "2": 0.9444444444444444, "3": 0.9420289855072463, "4": 1.0, "5": 0.7222222222222222, "6": 0.7435897435897436, "7": 0.8933333333333333, "8": 0.8266666666666667, "9": 0.8108108108108109, "10": 0.7, "11": 0.9803921568627451, "12": 1.0, "13": 1.0, "14": 0.9066666666666666, "15": 0.9421487603305785, "16": 0.9565217391304348, "17": 0.9607843137254902, "18": 1.0}, {"0": 0.9795918367346939, "1": 0.9305555555555556, "2": 0.8888888888888888, "3": 0.9130434782608695, "4": 1.0, "5": 0.6111111111111112, "6": 0.7692307692307693, "7": 0.96, "8": 0.9466666666666667, "9": 0.8468468468468469, "10": 0.8, "11": 0.9803921568627451, "12": 0.9215686274509803, "13": 1.0, "14": 0.9866666666666667, "15": 0.9834710743801653, "16": 0.9565217391304348, "17": 1.0, "18": 1.0}, {"0": 0.9591836734693877, "1": 0.9166666666666666, "2": 0.9166666666666666, "3": 0.9855072463768116, "4": 0.9803921568627451, "5": 0.8333333333333334, "6": 0.8974358974358975, "7": 0.9066666666666666, "8": 0.96, "9": 0.8378378378378378, "10": 0.9, "11": 0.9803921568627451, "12": 0.9607843137254902, "13": 0.9787234042553191, "14": 0.9866666666666667, "15": 0.9504132231404959, "16": 0.9565217391304348, "17": 1.0, "18": 1.0}, {"0": 0.9387755102040817, "1": 0.9305555555555556, "2": 0.9444444444444444, "3": 0.9420289855072463, "4": 0.9803921568627451, "5": 0.8611111111111112, "6": 0.7692307692307693, "7": 0.96, "8": 0.9333333333333333, "9": 0.8198198198198198, "10": 0.9333333333333333, "11": 0.8823529411764706, "12": 0.9411764705882353, "13": 0.9361702127659575, "14": 0.9333333333333333, "15": 0.9090909090909091, "16": 0.9347826086956522, "17": 0.8627450980392157, "18": 0.8979591836734694}, {"0": 1.0, "1": 0.8888888888888888, "2": 0.9861111111111112, "3": 0.9855072463768116, "4": 0.9803921568627451, "5": 1.0, "6": 0.8205128205128205, "7": 1.0, "8": 1.0, "9": 0.8558558558558559, "10": 1.0, "11": 1.0, "12": 1.0, "13": 0.9787234042553191, "14": 0.9733333333333334, "15": 0.9917355371900827, "16": 1.0, "17": 0.9803921568627451, "18": 1.0}], "val_class_acc": [{"0": 0.0, "1": 0.0, "2": 0.16666666666666666, "3": 0.75, "4": 0.08333333333333333, "5": 0.0, "6": 0.0, "7": 0.0, "8": 0.25, "9": 0.4444444444444444, "10": 0.0, "11": 0.0, "12": 0.0, "13": 0.0, "14": 0.25, "15": 0.9545454545454546, "16": 0.0, "17": 0.0, "18": 0.0}, {"0": 0.9166666666666666, "1": 0.6666666666666666, "2": 0.16666666666666666, "3": 1.0, "4": 1.0, "5": 0.5, "6": 0.0, "7": 1.0, "8": 0.0, "9": 0.6666666666666666, "10": 0.0, "11": 0.5833333333333334, "12": 0.3333333333333333, "13": 0.75, "14": 0.8333333333333334, "15": 0.36363636363636365, "16": 0.4444444444444444, "17": 1.0, "18": 0.08333333333333333}, {"0": 0.6666666666666666, "1": 0.6666666666666666, "2": 0.5833333333333334, "3": 1.0, "4": 1.0, "5": 1.0, "6": 0.0, "7": 0.6666666666666666, "8": 0.75, "9": 0.5555555555555556, "10": 0.0, "11": 0.5, "12": 0.4166666666666667, "13": 0.75, "14": 0.6666666666666666, "15": 0.5, "16": 0.7777777777777778, "17": 1.0, "18": 1.0}, {"0": 0.9166666666666666, "1": 0.8333333333333334, "2": 0.5, "3": 1.0, "4": 0.5, "5": 0.0, "6": 1.0, "7": 0.5833333333333334, "8": 0.8333333333333334, "9": 0.6111111111111112, "10": 0.0, "11": 0.5, "12": 0.6666666666666666, "13": 0.75, "14": 0.6666666666666666, "15": 0.6818181818181818, "16": 1.0, "17": 1.0, "18": 1.0}, {"0": 0.9166666666666666, "1": 0.5833333333333334, "2": 0.9166666666666666, "3": 1.0, "4": 0.9166666666666666, "5": 1.0, "6": 0.0, "7": 0.4166666666666667, "8": 0.5833333333333334, "9": 0.6666666666666666, "10": 0.0, "11": 0.5, "12": 0.75, "13": 0.75, "14": 0.75, "15": 0.7272727272727273, "16": 0.8888888888888888, "17": 1.0, "18": 0.8333333333333334}, {"0": 1.0, "1": 0.8333333333333334, "2": 0.3333333333333333, "3": 1.0, "4": 0.9166666666666666, "5": 0.5, "6": 0.8333333333333334, "7": 0.75, "8": 0.75, "9": 0.6111111111111112, "10": 0.0, "11": 0.5, "12": 0.5833333333333334, "13": 0.75, "14": 0.8333333333333334, "15": 0.8636363636363636, "16": 0.6666666666666666, "17": 1.0, "18": 1.0}, {"0": 0.5833333333333334, "1": 0.8333333333333334, "2": 0.9166666666666666, "3": 1.0, "4": 1.0, "5": 1.0, "6": 0.5, "7": 0.4166666666666667, "8": 0.8333333333333334, "9": 0.5555555555555556, "10": 0.0, "11": 0.08333333333333333, "12": 1.0, "13": 0.75, "14": 0.75, "15": 0.45454545454545453, "16": 0.3333333333333333, "17": 0.8333333333333334, "18": 0.9166666666666666}, {"0": 0.9166666666666666, "1": 0.5, "2": 0.5833333333333334, "3": 1.0, "4": 0.8333333333333334, "5": 0.8333333333333334, "6": 0.16666666666666666, "7": 0.9166666666666666, "8": 0.75, "9": 0.6666666666666666, "10": 0.0, "11": 0.4166666666666667, "12": 0.5, "13": 0.75, "14": 0.6666666666666666, "15": 0.7272727272727273, "16": 0.5555555555555556, "17": 0.25, "18": 1.0}, {"0": 0.9166666666666666, "1": 0.4166666666666667,