{"train_loss": [1.07289318423681, 0.226911165038599, 0.09413359293479628, 0.0670380059934949, 0.03531265072353919, 0.09427402194773656, 0.06182111150249752, 0.031121243757715723, 0.029499258252954623, 0.022878231073225255, 0.018809243736406734, 0.01746591390327716, 0.01833952387123506, 0.020768145684306096, 0.019758835041885893], "train_acc": [0.6402398347854614, 0.9247168302536011, 0.974017322063446, 0.982678234577179, 0.9906728863716125, 0.974017322063446, 0.9860092997550964, 0.9920053482055664, 0.9913390874862671, 0.9920053482055664, 0.9966688752174377, 0.9966688752174377, 0.9953364133834839, 0.9960026741027832, 0.9973351359367371], "val_loss": [1.5410019606351852, 1.2155727767059579, 1.517575832977891, 1.5818662516213953, 2.4423542055115104, 1.458922818750143, 1.46755031731911, 1.4686004594317636, 1.4652624116255901, 1.4751298177242278, 1.4751637835311704, 1.4752506652008741, 1.4752845925209113, 1.4753448244230822, 1.4754088999866508], "val_acc": [0.6100000143051147, 0.7699999809265137, 0.6699999570846558, 0.7599999904632568, 0.6699999570846558, 0.7899999618530273, 0.7999999523162842, 0.7999999523162842, 0.8100000023841858, 0.8100000023841858, 0.8100000023841858, 0.8100000023841858, 0.8100000023841858, 0.8100000023841858, 0.8100000023841858], "train_class_acc": [{"0": 0.7887323943661971, "1": 0.75, "2": 0.6347826086956522, "3": 0.7866666666666666, "4": 0.6166666666666667, "5": 0.49230769230769234, "6": 0.624, "7": 0.608, "8": 0.48, "9": 0.49333333333333335, "10": 0.6567164179104478, "11": 0.816, "12": 0.5654450261780105, "13": 0.7272727272727273, "14": 0.6133333333333333, "15": 0.5492957746478874}, {"0": 0.9859154929577465, "1": 0.9666666666666667, "2": 0.9130434782608695, "3": 0.9866666666666667, "4": 0.85, "5": 0.8615384615384616, "6": 0.888, "7": 0.896, "8": 0.88, "9": 0.9066666666666666, "10": 0.9552238805970149, "11": 0.968, "12": 0.9214659685863874, "13": 0.9696969696969697, "14": 0.8666666666666667, "15": 0.971830985915493}, {"0": 0.9859154929577465, "1": 0.9916666666666667, "2": 0.9652173913043478, "3": 0.9866666666666667, "4": 0.9833333333333333, "5": 0.9230769230769231, "6": 1.0, "7": 0.952, "8": 0.96, "9": 0.9733333333333334, "10": 1.0, "11": 0.984, "12": 0.9738219895287958, "13": 0.9696969696969697, "14": 0.9466666666666667, "15": 0.971830985915493}, {"0": 0.9859154929577465, "1": 0.9833333333333333, "2": 0.9652173913043478, "3": 0.9866666666666667, "4": 0.9666666666666667, "5": 0.9692307692307692, "6": 0.992, "7": 0.968, "8": 0.9866666666666667, "9": 0.9733333333333334, "10": 0.9850746268656716, "11": 1.0, "12": 0.9842931937172775, "13": 0.9848484848484849, "14": 1.0, "15": 0.9859154929577465}, {"0": 1.0, "1": 0.9916666666666667, "2": 0.9826086956521739, "3": 1.0, "4": 1.0, "5": 0.9846153846153847, "6": 0.976, "7": 0.992, "8": 1.0, "9": 1.0, "10": 1.0, "11": 0.992, "12": 0.9738219895287958, "13": 1.0, "14": 1.0, "15": 1.0}, {"0": 1.0, "1": 0.9916666666666667, "2": 0.991304347826087, "3": 1.0, "4": 1.0, "5": 0.9692307692307692, "6": 0.968, "7": 0.984, "8": 0.9466666666666667, "9": 0.9466666666666667, "10": 1.0, "11": 1.0, "12": 0.9895287958115183, "13": 0.9848484848484849, "14": 0.84, "15": 0.9154929577464789}, {"0": 0.9859154929577465, "1": 1.0, "2": 1.0, "3": 1.0, "4": 0.9833333333333333, "5": 0.9846153846153847, "6": 0.992, "7": 1.0, "8": 0.8133333333333334, "9": 0.9866666666666667, "10": 1.0, "11": 1.0, "12": 0.9947643979057592, "13": 1.0, "14": 0.9866666666666667, "15": 1.0}, {"0": 1.0, "1": 0.9916666666666667, "2": 1.0, "3": 1.0, "4": 0.9666666666666667, "5": 1.0, "6": 0.984, "7": 0.992, "8": 0.9466666666666667, "9": 0.9866666666666667, "10": 1.0, "11": 0.992, "12": 1.0, "13": 1.0, "14": 1.0, "15": 1.0}, {"0": 1.0, "1": 0.9916666666666667, "2": 0.9739130434782609, "3": 1.0, "4": 0.9833333333333333, "5": 0.9846153846153847, "6": 0.992, "7": 1.0, "8": 0.9733333333333334, "9": 1.0, "10": 0.9850746268656716, "11": 1.0, "12": 0.9895287958115183, "13": 1.0, "14": 0.9866666666666667, "15": 1.0}, {"0": 0.9859154929577465, "1": 1.0, "2": 1.0, "3": 1.0, "4": 0.9666666666666667, "5": 1.0, "6": 1.0, "7": 0.968, "8": 0.96, "9": 1.0, "10": 1.0, "11": 0.992, "12": 1.0, "13": 1.0, "14": 0.9866666666666667, "15": 1.0}, {"0": 1.0, "1": 1.0, "2": 1.0, "3": 1.0, "4": 1.0, "5": 1.0, "6": 0.992, "7": 0.992, "8": 0.9866666666666667, "9": 0.9866666666666667, "10": 1.0, "11": 1.0, "12": 1.0, "13": 1.0, "14": 0.9866666666666667, "15": 1.0}, {"0": 1.0, "1": 1.0, "2": 0.991304347826087, "3": 1.0, "4": 0.9833333333333333, "5": 1.0, "6": 1.0, "7": 0.984, "8": 0.9866666666666667, "9": 1.0, "10": 1.0, "11": 1.0, "12": 1.0, "13": 1.0, "14": 1.0, "15": 1.0}, {"0": 1.0, "1": 1.0, "2": 1.0, "3": 1.0, "4": 0.9833333333333333, "5": 1.0, "6": 0.992, "7": 0.992, "8": 0.9866666666666667, "9": 0.9866666666666667, "10": 1.0, "11": 1.0, "12": 0.9947643979057592, "13": 1.0, "14": 1.0, "15": 0.9859154929577465}, {"0": 1.0, "1": 1.0, "2": 1.0, "3": 1.0, "4": 1.0, "5": 1.0, "6": 1.0, "7": 1.0, "8": 1.0, "9": 0.9866666666666667, "10": 0.9701492537313433, "11": 0.992, "12": 1.0, "13": 1.0, "14": 0.9866666666666667, "15": 0.9859154929577465}, {"0": 1.0, "1": 1.0, "2": 1.0, "3": 1.0, "4": 0.9833333333333333, "5": 1.0, "6": 1.0, "7": 1.0, "8": 0.9866666666666667, "9": 0.9733333333333334, "10": 1.0, "11": 1.0, "12": 1.0, "13": 1.0, "14": 1.0, "15": 1.0}], "val_class_acc": [{"0": 0, "1": 0, "2": 0.7, "3": 1.0, "4": 0, "5": 0, "6": 0, "7": 0, "8": 0, "9": 0.5, "10": 0.55, "11": 0, "12": 0, "13": 0, "14": 0, "15": 0.3}, {"0": 0, "1": 0, "2": 0.9, "3": 1.0, "4": 0, "5": 0, "6": 0, "7": 0, "8": 0, "9": 0.5, "10": 0.75, "11": 0, "12": 0, "13": 0, "14": 0, "15": 0.7}, {"0": 0, "1": 0, "2": 0.65, "3": 1.0, "4": 0, "5": 0, "6": 0, "7": 0, "8": 0, "9": 0.45, "10": 0.55, "11": 0, "12": 0, "13": 0, "14": 0, "15": 0.7}, {"0": 0, "1": 0, "2": 0.8, "3": 1.0, "4": 0, "5": 0, "6": 0, "7": 0, "8": 0, "9": 0.5, "10": 0.75, "11": 0, "12": 0, "13": 0, "14": 0, "15": 0.75}, {"0": 0, "1": 0, "2": 0.75, "3": 1.0, "4": 0, "5": 0, "6": 0, "7": 0, "8": 0, "9": 0.45, "10": 0.7, "11": 0, "12": 0, "13": 0, "14": 0, "15": 0.45}, {"0": 0, "1": 0, "2": 0.75, "3": 1.0, "4": 0, "5": 0, "6": 0, "7": 0, "8": 0, "9": 0.45, "10": 0.75, "11": 0, "12": 0, "13": 0, "14": 0, "15": 1.0}, {"0": 0, "1": 0, "2": 0.8, "3": 1.0, "4": 0, "5": 0, "6": 0, "7": 0, "8": 0, "9": 0.5, "10": 0.7, "11": 0, "12": 0, "13": 0, "14": 0, "15": 1.0}, {"0": 0, "1": 0, "2": 0.8, "3": 1.0, "4": 0, "5": 0, "6": 0, "7": 0, "8": 0, "9": 0.5, "10": 0.7, "11": 0, "12": 0, "13": 0, "14": 0, "15": 1.0}, {"0": 0, "1": 0, "2": 0.85, "3": 1.0, "4": 0, "5": 0, "6": 0, "7": 0, "8": 0, "9": 0.5, "10": 0.7, "11": 0, "12": 0, "13": 0, "14": 0, "15": 1.0}, {"0": 0, "1": 0, "2": 0.85, "3": 1.0, "4": 0, "5": 0, "6": 0, "7": 0, "8": 0, "9": 0.5, "10": 0.7, "11": 0, "12": 0, "13": 0, "14": 0, "15": 1.0}, {"0": 0, "1": 0, "2": 0.85, "3": 1.0, "4": 0, "5": 0, "6": 0, "7": 0, "8": 0, "9": 0.5, "10": 0.7, "11": 0, "12": 0, "13": 0, "14": 0, "15": 1.0}, {"0": 0, "1": 0, "2": 0.85, "3": 1.0, "4": 0, "5": 0, "6": 0, "7": 0, "8": 0, "9": 0.5, "10": 0.7, "11": 0, "12": 0, "13": 0, "14": 0, "15": 1.0}, {"0": 0, "1": 0, "2": 0.85, "3": 1.0, "4": 0, "5": 0, "6": 0, "7": 0, "8": 0, "9": 0.5, "10": 0.7, "11": 0, "12": 0, "13": 0, "14": 0, "15": 1.0}, {"0": 0, "1": 0, "2": 0.85, "3": 1.0, "4": 0, "5": 0, "6": 0, "7": 0, "8": 0, "9": 0.5, "10": 0.7, "11": 0, "12": 0, "13": 0, "14": 0, "15": 1.0}, {"0": 0, "1": 0, "2": 0.85, "3": 1.0, "4": 0, "5": 0, "6": 0, "7": 0, "8": 0, "9": 0.5, "10": 0.7, "11": 0, "12": 0, "13": 0, "14": 0, "15": 1.0}], "test_loss": 0.16768817919698037, "test_acc": 0.9454545378684998, "test_class_acc": {"0": 0.9333333333333333, "1": 0.9, "2": 0.85, "3": 1.0, "4": 0.8, "5": 1.0, "6": 0.95, "7": 1.0, "8": 1.0, "9": 0.8, "10": 1.0, "11": 1.0, "12": 0.9142857142857143, "13": 1.0, "14": 1.0, "15": 1.0}}