{"train_loss": [1.0629237400858647, 0.2099680375207903, 0.1277050932603755, 0.11462953344215797, 0.0926668252202612, 0.07843842724791736, 0.094569500176524, 0.03983423078923547, 0.04386492227497315, 0.012303108025209135, 0.013331781460998272, 0.0391345708712367, 0.03257933613820134, 0.02008826609171853, 0.01749330088160089], "train_acc": [0.6489007472991943, 0.9380413293838501, 0.9593604207038879, 0.9646902084350586, 0.9733511209487915, 0.9753497838973999, 0.9673550724983215, 0.9886742234230042, 0.9860092997550964, 0.9980013370513916, 0.9953364133834839, 0.992671549320221, 0.9933377504348755, 0.9946702122688293, 0.9933377504348755], "val_loss": [1.2979440677165985, 1.082014741525054, 1.6814448555000125, 0.8900381264276802, 1.2363983234227636, 1.2641109924810008, 1.3212709641898983, 0.8803834072541212, 1.1594324344882625, 1.200983945701737, 1.4872177653206746, 1.002881226560512, 0.9684493135749199, 0.955025719951609, 0.9484592505106775], "val_acc": [0.6800000071525574, 0.7199999690055847, 0.6599999666213989, 0.8199999928474426, 0.7999999523162842, 0.7799999713897705, 0.75, 0.8700000047683716, 0.7999999523162842, 0.8299999833106995, 0.8199999928474426, 0.8299999833106995, 0.8199999928474426, 0.8199999928474426, 0.8199999928474426], "train_class_acc": [{"0": 0.676056338028169, "1": 0.7916666666666666, "2": 0.6086956521739131, "3": 0.8133333333333334, "4": 0.6, "5": 0.5384615384615384, "6": 0.664, "7": 0.656, "8": 0.5733333333333334, "9": 0.44, "10": 0.6567164179104478, "11": 0.784, "12": 0.6701570680628273, "13": 0.6515151515151515, "14": 0.4533333333333333, "15": 0.5774647887323944}, {"0": 0.9859154929577465, "1": 0.9583333333333334, "2": 0.9217391304347826, "3": 1.0, "4": 0.9666666666666667, "5": 0.9076923076923077, "6": 0.904, "7": 0.936, "8": 0.9333333333333333, "9": 0.8933333333333333, "10": 0.9402985074626866, "11": 0.976, "12": 0.93717277486911, "13": 0.9696969696969697, "14": 0.8933333333333333, "15": 0.8873239436619719}, {"0": 0.971830985915493, "1": 1.0, "2": 0.9652173913043478, "3": 0.9866666666666667, "4": 0.9, "5": 0.9230769230769231, "6": 0.976, "7": 0.944, "8": 0.9733333333333334, "9": 0.9066666666666666, "10": 0.9552238805970149, "11": 1.0, "12": 0.9581151832460733, "13": 1.0, "14": 0.92, "15": 0.9014084507042254}, {"0": 1.0, "1": 0.9833333333333333, "2": 0.991304347826087, "3": 0.9866666666666667, "4": 0.9333333333333333, "5": 0.9538461538461539, "6": 0.952, "7": 0.984, "8": 0.88, "9": 0.9466666666666667, "10": 1.0, "11": 0.952, "12": 0.9685863874345549, "13": 0.9848484848484849, "14": 0.9066666666666666, "15": 0.9859154929577465}, {"0": 0.9859154929577465, "1": 1.0, "2": 0.9478260869565217, "3": 0.9866666666666667, "4": 0.9833333333333333, "5": 0.9846153846153847, "6": 0.992, "7": 0.96, "8": 0.96, "9": 0.9866666666666667, "10": 0.9850746268656716, "11": 0.968, "12": 0.9633507853403142, "13": 0.9848484848484849, "14": 0.96, "15": 0.9436619718309859}, {"0": 0.9577464788732394, "1": 0.975, "2": 0.9391304347826087, "3": 0.9733333333333334, "4": 0.9833333333333333, "5": 0.9846153846153847, "6": 0.96, "7": 0.976, "8": 0.9733333333333334, "9": 0.9866666666666667, "10": 0.9701492537313433, "11": 0.976, "12": 0.9895287958115183, "13": 1.0, "14": 0.9733333333333334, "15": 1.0}, {"0": 0.9014084507042254, "1": 0.9916666666666667, "2": 0.9739130434782609, "3": 0.9866666666666667, "4": 0.9333333333333333, "5": 0.9538461538461539, "6": 0.984, "7": 0.952, "8": 0.9733333333333334, "9": 0.96, "10": 0.9552238805970149, "11": 0.984, "12": 0.9424083769633508, "13": 1.0, "14": 1.0, "15": 0.9859154929577465}, {"0": 1.0, "1": 0.9916666666666667, "2": 1.0, "3": 0.9466666666666667, "4": 1.0, "5": 1.0, "6": 1.0, "7": 0.992, "8": 1.0, "9": 0.96, "10": 0.9850746268656716, "11": 1.0, "12": 0.9842931937172775, "13": 1.0, "14": 0.96, "15": 0.9859154929577465}, {"0": 1.0, "1": 0.9916666666666667, "2": 0.9565217391304348, "3": 1.0, "4": 0.9833333333333333, "5": 0.9230769230769231, "6": 0.984, "7": 0.984, "8": 0.9866666666666667, "9": 1.0, "10": 1.0, "11": 0.984, "12": 1.0, "13": 1.0, "14": 0.9866666666666667, "15": 0.9859154929577465}, {"0": 1.0, "1": 1.0, "2": 1.0, "3": 1.0, "4": 1.0, "5": 1.0, "6": 0.992, "7": 1.0, "8": 1.0, "9": 1.0, "10": 1.0, "11": 1.0, "12": 0.9947643979057592, "13": 0.9848484848484849, "14": 1.0, "15": 1.0}, {"0": 1.0, "1": 1.0, "2": 0.991304347826087, "3": 1.0, "4": 0.9833333333333333, "5": 0.9846153846153847, "6": 1.0, "7": 1.0, "8": 0.9866666666666667, "9": 0.9866666666666667, "10": 0.9850746268656716, "11": 1.0, "12": 1.0, "13": 1.0, "14": 0.9866666666666667, "15": 1.0}, {"0": 1.0, "1": 0.9916666666666667, "2": 1.0, "3": 1.0, "4": 1.0, "5": 1.0, "6": 1.0, "7": 1.0, "8": 1.0, "9": 0.9466666666666667, "10": 1.0, "11": 1.0, "12": 1.0, "13": 1.0, "14": 0.9333333333333333, "15": 0.9859154929577465}, {"0": 1.0, "1": 1.0, "2": 0.991304347826087, "3": 1.0, "4": 0.9833333333333333, "5": 1.0, "6": 1.0, "7": 1.0, "8": 1.0, "9": 1.0, "10": 1.0, "11": 1.0, "12": 1.0, "13": 1.0, "14": 0.8933333333333333, "15": 1.0}, {"0": 1.0, "1": 1.0, "2": 0.9739130434782609, "3": 1.0, "4": 1.0, "5": 1.0, "6": 0.984, "7": 1.0, "8": 1.0, "9": 1.0, "10": 0.9850746268656716, "11": 1.0, "12": 0.9947643979057592, "13": 1.0, "14": 0.9866666666666667, "15": 1.0}, {"0": 0.9859154929577465, "1": 1.0, "2": 0.991304347826087, "3": 1.0, "4": 1.0, "5": 1.0, "6": 1.0, "7": 1.0, "8": 1.0, "9": 0.9866666666666667, "10": 0.9701492537313433, "11": 0.992, "12": 1.0, "13": 0.9848484848484849, "14": 0.96, "15": 1.0}], "val_class_acc": [{"0": 0, "1": 0, "2": 0.95, "3": 1.0, "4": 0, "5": 0, "6": 0, "7": 0, "8": 0, "9": 0.6, "10": 0.6, "11": 0, "12": 0, "13": 0, "14": 0, "15": 0.25}, {"0": 0, "1": 0, "2": 0.75, "3": 1.0, "4": 0, "5": 0, "6": 0, "7": 0, "8": 0, "9": 0.5, "10": 0.7, "11": 0, "12": 0, "13": 0, "14": 0, "15": 0.65}, {"0": 0, "1": 0, "2": 0.95, "3": 0.85, "4": 0, "5": 0, "6": 0, "7": 0, "8": 0, "9": 0.35, "10": 0.75, "11": 0, "12": 0, "13": 0, "14": 0, "15": 0.4}, {"0": 0, "1": 0, "2": 1.0, "3": 1.0, "4": 0, "5": 0, "6": 0, "7": 0, "8": 0, "9": 0.5, "10": 0.75, "11": 0, "12": 0, "13": 0, "14": 0, "15": 0.85}, {"0": 0, "1": 0, "2": 0.9, "3": 1.0, "4": 0, "5": 0, "6": 0, "7": 0, "8": 0, "9": 0.6, "10": 0.75, "11": 0, "12": 0, "13": 0, "14": 0, "15": 0.75}, {"0": 0, "1": 0, "2": 1.0, "3": 0.7, "4": 0, "5": 0, "6": 0, "7": 0, "8": 0, "9": 0.7, "10": 0.75, "11": 0, "12": 0, "13": 0, "14": 0, "15": 0.75}, {"0": 0, "1": 0, "2": 0.7, "3": 1.0, "4": 0, "5": 0, "6": 0, "7": 0, "8": 0, "9": 0.5, "10": 0.65, "11": 0, "12": 0, "13": 0, "14": 0, "15": 0.9}, {"0": 0, "1": 0, "2": 0.95, "3": 1.0, "4": 0, "5": 0, "6": 0, "7": 0, "8": 0, "9": 0.65, "10": 0.75, "11": 0, "12": 0, "13": 0, "14": 0, "15": 1.0}, {"0": 0, "1": 0, "2": 1.0, "3": 1.0, "4": 0, "5": 0, "6": 0, "7": 0, "8": 0, "9": 0.65, "10": 0.6, "11": 0, "12": 0, "13": 0, "14": 0, "15": 0.75}, {"0": 0, "1": 0, "2": 0.95, "3": 1.0, "4": 0, "5": 0, "6": 0, "7": 0, "8": 0, "9": 0.55, "10": 0.65, "11": 0, "12": 0, "13": 0, "14": 0, "15": 1.0}, {"0": 0, "1": 0, "2": 1.0, "3": 1.0, "4": 0, "5": 0, "6": 0, "7": 0, "8": 0, "9": 0.75, "10": 0.6, "11": 0, "12": 0, "13": 0, "14": 0, "15": 0.75}, {"0": 0, "1": 0, "2": 0.85, "3": 0.95, "4": 0, "5": 0, "6": 0, "7": 0, "8": 0, "9": 0.65, "10": 0.7, "11": 0, "12": 0, "13": 0, "14": 0, "15": 1.0}, {"0": 0, "1": 0, "2": 0.85, "3": 0.95, "4": 0, "5": 0, "6": 0, "7": 0, "8": 0, "9": 0.65, "10": 0.65, "11": 0, "12": 0, "13": 0, "14": 0, "15": 1.0}, {"0": 0, "1": 0, "2": 0.85, "3": 0.95, "4": 0, "5": 0, "6": 0, "7": 0, "8": 0, "9": 0.65, "10": 0.65, "11": 0, "12": 0, "13": 0, "14": 0, "15": 1.0}, {"0": 0, "1": 0, "2": 0.85, "3": 0.95, "4": 0, "5": 0, "6": 0, "7": 0, "8": 0, "9": 0.65, "10": 0.65, "11": 0, "12": 0, "13": 0, "14": 0, "15": 1.0}], "test_loss": 0.1972420242713468, "test_acc": 0.9454545378684998, "test_class_acc": {"0": 1.0, "1": 1.0, "2": 0.75, "3": 1.0, "4": 1.0, "5": 1.0, "6": 1.0, "7": 1.0, "8": 1.0, "9": 1.0, "10": 1.0, "11": 1.0, "12": 0.8, "13": 1.0, "14": 1.0, "15": 0.8}}