{"train_loss": [0.8658436501955057], "train_acc": [0.7121211886405945], "val_loss": [1.6253133018811543], "val_acc": [0.6875], "train_class_acc": [{"0": 0.7441860465116279, "1": 0.7777777777777778, "2": 0.5111111111111111, "3": 0.4888888888888889, "4": 0.8292682926829268, "5": 0.8608695652173913, "6": 0.875, "7": 0.5555555555555556, "8": 0.5581395348837209}], "val_class_acc": [{"0": 0, "1": 1.0, "2": 0, "3": 0.6666666666666666, "4": 0.6666666666666666, "5": 0, "6": 0, "7": 0, "8": 0.4166666666666667}], "test_loss": 0.8927652694845712, "test_acc": 0.6881720423698425, "test_class_acc": {"0": 0.5555555555555556, "1": 1.0, "2": 1.0, "3": 0.5555555555555556, "4": 1.0, "5": 0.7142857142857143, "6": 1.0, "7": 0.0, "8": 0.3333333333333333}}