{"train_loss": [1.7311983710935774, 0.6679120045237239, 0.33901784777416516, 0.2733809547200284, 0.15262060370565508, 0.12003977484017667, 0.11598448128931782, 0.06973320618915733, 0.07129998501252072, 0.06586303059035113, 0.06007882183748997, 0.06197253026484994, 0.0579129421649153, 0.0634658502650141, 0.0653193513169126], "train_acc": [0.517913281917572, 0.8390949368476868, 0.9107479453086853, 0.9189189076423645, 0.9585166573524475, 0.9679446816444397, 0.9679446816444397, 0.9861721992492676, 0.9836580753326416, 0.9830295443534851, 0.9861721992492676, 0.9842866063117981, 0.9861721992492676, 0.9830295443534851, 0.9849151372909546], "val_loss": [0.9569799999715431, 0.6510741875246406, 0.6144514927203345, 0.663210437444437, 0.6360060221806073, 0.707338371613569, 0.8110908101600298, 0.7915764098007747, 0.7623914768574969, 0.7574446780930522, 0.7499178089935129, 0.7498425272431141, 0.7497258498992208, 0.7496467604784002, 0.7496179691051699], "val_acc": [0.7524115443229675, 0.8006430864334106, 0.8006430864334106, 0.7942122220993042, 0.8038585186004639, 0.8038585186004639, 0.7974276542663574, 0.8006430864334106, 0.8102893829345703, 0.8102893829345703, 0.8135048151016235, 0.8135048151016235, 0.8135048151016235, 0.8135048151016235, 0.8135048151016235], "train_class_acc": [{"0": 0.7037037037037037, "1": 0.375, "2": 0.6434782608695652, "3": 0.8823529411764706, "4": 0.26666666666666666, "5": 0.16923076923076924, "6": 0.488, "7": 0.272, "8": 0.6235294117647059, "9": 0.43529411764705883, "10": 0.922077922077922, "11": 0.584, "12": 0.48756218905472637, "13": 0.5263157894736842, "14": 0.43529411764705883, "15": 0.5185185185185185}, {"0": 0.9753086419753086, "1": 0.7583333333333333, "2": 0.9304347826086956, "3": 1.0, "4": 0.5333333333333333, "5": 0.38461538461538464, "6": 0.832, "7": 0.608, "8": 0.8705882352941177, "9": 0.8823529411764706, "10": 0.974025974025974, "11": 0.904, "12": 0.8756218905472637, "13": 0.9473684210526315, "14": 0.9176470588235294, "15": 0.9012345679012346}, {"0": 0.9876543209876543, "1": 0.9083333333333333, "2": 0.9652173913043478, "3": 1.0, "4": 0.4, "5": 0.5692307692307692, "6": 0.936, "7": 0.88, "8": 0.9176470588235294, "9": 0.9882352941176471, "10": 0.987012987012987, "11": 0.928, "12": 0.9502487562189055, "13": 0.9736842105263158, "14": 0.9294117647058824, "15": 0.9629629629629629}, {"0": 0.9876543209876543, "1": 0.9, "2": 0.9826086956521739, "3": 1.0, "4": 0.6, "5": 0.5538461538461539, "6": 0.928, "7": 0.872, "8": 0.9764705882352941, "9": 0.9529411764705882, "10": 0.987012987012987, "11": 0.936, "12": 0.9552238805970149, "13": 0.9868421052631579, "14": 0.9176470588235294, "15": 0.9506172839506173}, {"0": 0.9876543209876543, "1": 0.9333333333333333, "2": 1.0, "3": 1.0, "4": 0.7333333333333333, "5": 0.6923076923076923, "6": 1.0, "7": 0.952, "8": 0.9647058823529412, "9": 0.9882352941176471, "10": 0.987012987012987, "11": 0.96, "12": 1.0, "13": 0.9868421052631579, "14": 0.9764705882352941, "15": 0.9753086419753086}, {"0": 1.0, "1": 0.9416666666666667, "2": 1.0, "3": 1.0, "4": 0.8666666666666667, "5": 0.7692307692307693, "6": 1.0, "7": 0.936, "8": 0.9882352941176471, "9": 0.9882352941176471, "10": 1.0, "11": 0.96, "12": 0.9900497512437811, "13": 0.9868421052631579, "14": 1.0, "15": 0.9629629629629629}, {"0": 1.0, "1": 0.9333333333333333, "2": 1.0, "3": 1.0, "4": 0.9, "5": 0.8461538461538461, "6": 0.992, "7": 0.952, "8": 0.9647058823529412, "9": 0.9882352941176471, "10": 0.987012987012987, "11": 0.968, "12": 0.9751243781094527, "13": 0.9736842105263158, "14": 0.9764705882352941, "15": 0.9753086419753086}, {"0": 1.0, "1": 0.95, "2": 1.0, "3": 1.0, "4": 0.9166666666666666, "5": 0.9846153846153847, "6": 1.0, "7": 0.984, "8": 1.0, "9": 1.0, "10": 1.0, "11": 0.96, "12": 1.0, "13": 0.9868421052631579, "14": 0.9764705882352941, "15": 1.0}, {"0": 1.0, "1": 0.95, "2": 0.991304347826087, "3": 1.0, "4": 0.9333333333333333, "5": 0.9538461538461539, "6": 0.992, "7": 0.968, "8": 1.0, "9": 0.9882352941176471, "10": 1.0, "11": 0.984, "12": 1.0, "13": 0.9868421052631579, "14": 0.9647058823529412, "15": 1.0}, {"0": 0.9876543209876543, "1": 0.9583333333333334, "2": 0.9826086956521739, "3": 1.0, "4": 0.9333333333333333, "5": 0.9538461538461539, "6": 1.0, "7": 0.96, "8": 1.0, "9": 1.0, "10": 1.0, "11": 0.96, "12": 1.0, "13": 0.9868421052631579, "14": 0.9882352941176471, "15": 1.0}, {"0": 1.0, "1": 0.9416666666666667, "2": 1.0, "3": 1.0, "4": 0.9666666666666667, "5": 0.9538461538461539, "6": 1.0, "7": 0.96, "8": 0.9882352941176471, "9": 1.0, "10": 1.0, "11": 0.976, "12": 1.0, "13": 0.9868421052631579, "14": 1.0, "15": 1.0}, {"0": 0.9876543209876543, "1": 0.9416666666666667, "2": 1.0, "3": 1.0, "4": 0.95, "5": 0.9384615384615385, "6": 1.0, "7": 0.968, "8": 1.0, "9": 1.0, "10": 1.0, "11": 0.968, "12": 1.0, "13": 1.0, "14": 0.9882352941176471, "15": 0.9876543209876543}, {"0": 1.0, "1": 0.95, "2": 1.0, "3": 1.0, "4": 0.9166666666666666, "5": 0.9692307692307692, "6": 1.0, "7": 0.984, "8": 1.0, "9": 0.9882352941176471, "10": 1.0, "11": 0.96, "12": 1.0, "13": 0.9868421052631579, "14": 1.0, "15": 1.0}, {"0": 0.9753086419753086, "1": 0.95, "2": 1.0, "3": 1.0, "4": 0.9333333333333333, "5": 0.9230769230769231, "6": 1.0, "7": 0.968, "8": 1.0, "9": 1.0, "10": 1.0, "11": 0.968, "12": 0.9950248756218906, "13": 0.9868421052631579, "14": 1.0, "15": 1.0}, {"0": 1.0, "1": 0.9416666666666667, "2": 0.991304347826087, "3": 1.0, "4": 0.95, "5": 0.9384615384615385, "6": 1.0, "7": 0.968, "8": 1.0, "9": 1.0, "10": 1.0, "11": 0.96, "12": 1.0, "13": 1.0, "14": 1.0, "15": 1.0}], "val_class_acc": [{"0": 1.0, "1": 1.0, "2": 1.0, "3": 1.0, "4": 0.6, "5": 0.0, "6": 0.55, "7": 0.05, "8": 0.55, "9": 0.9, "10": 0.75, "11": 1.0, "12": 0.8611111111111112, "13": 0.6666666666666666, "14": 0.8, "15": 0.75}, {"0": 1.0, "1": 1.0, "2": 1.0, "3": 1.0, "4": 0.0, "5": 1.0, "6": 0.7, "7": 0.2, "8": 0.55, "9": 0.75, "10": 0.75, "11": 0.95, "12": 0.9722222222222222, "13": 0.8, "14": 0.7, "15": 1.0}, {"0": 1.0, "1": 0.85, "2": 1.0, "3": 1.0, "4": 0.5, "5": 0.0, "6": 0.75, "7": 0.75, "8": 0.55, "9": 0.65, "10": 0.75, "11": 1.0, "12": 0.9444444444444444, "13": 0.6666666666666666, "14": 0.75, "15": 0.95}, {"0": 1.0, "1": 1.0, "2": 1.0, "3": 1.0, "4": 0.0, "5": 0.5, "6": 0.9, "7": 0.6, "8": 0.55, "9": 0.6, "10": 0.75, "11": 1.0, "12": 0.8888888888888888, "13": 0.6666666666666666, "14": 0.85, "15": 0.75}, {"0": 1.0, "1": 1.0, "2": 1.0, "3": 1.0, "4": 0.0, "5": 1.0, "6": 0.85, "7": 0.9, "8": 0.55, "9": 0.65, "10": 0.75, "11": 0.95, "12": 0.6944444444444444, "13": 0.7333333333333333, "14": 0.85, "15": 0.7}, {"0": 1.0, "1": 1.0, "2": 1.0, "3": 1.0, "4": 0.0, "5": 1.0, "6": 0.8, "7": 0.75, "8": 0.55, "9": 0.65, "10": 0.75, "11": 1.0, "12": 0.8055555555555556, "13": 0.6666666666666666, "14": 0.8, "15": 0.75}, {"0": 1.0, "1": 0.95, "2": 1.0, "3": 1.0, "4": 0.0, "5": 1.0, "6": 0.85, "7": 0.6, "8": 0.55, "9": 0.65, "10": 0.75, "11": 0.95, "12": 0.7777777777777778, "13": 0.6666666666666666, "14": 0.7, "15": 1.0}, {"0": 1.0, "1": 1.0, "2": 1.0, "3": 1.0, "4": 0.0, "5": 1.0, "6": 0.85, "7": 0.55, "8": 0.55, "9": 0.65, "10": 0.75, "11": 0.95, "12": 0.8055555555555556, "13": 0.6666666666666666, "14": 0.7, "15": 1.0}, {"0": 1.0, "1": 1.0, "2": 1.0, "3": 1.0, "4": 0.0, "5": 1.0, "6": 0.85, "7": 0.55, "8": 0.55, "9": 0.65, "10": 0.75, "11": 1.0, "12": 0.8333333333333334, "13": 0.6666666666666666, "14": 0.75, "15": 1.0}, {"0": 1.0, "1": 1.0, "2": 1.0, "3": 1.0, "4": 0.0, "5": 1.0, "6": 0.85, "7": 0.55, "8": 0.55, "9": 0.65, "10": 0.75, "11": 1.0, "12": 0.8333333333333334, "13": 0.6666666666666666, "14": 0.75, "15": 1.0}, {"0": 1.0, "1": 1.0, "2": 1.0, "3": 1.0, "4": 0.0, "5": 1.0, "6": 0.85, "7": 0.55, "8": 0.55, "9": 0.65, "10": 0.75, "11": 1.0, "12": 0.8611111111111112, "13": 0.6666666666666666, "14": 0.75, "15": 1.0}, {"0": 1.0, "1": 1.0, "2": 1.0, "3": 1.0, "4": 0.0, "5": 1.0, "6": 0.85, "7": 0.55, "8": 0.55, "9": 0.65, "10": 0.75, "11": 1.0, "12": 0.8611111111111112, "13": 0.6666666666666666, "14": 0.75, "15": 1.0}, {"0": 1.0,