{"train_loss": [1.377403625344808, 1.1042259627738884, 0.9126643003615658, 0.7674388054197868, 0.6227033231374437, 0.5120687294322832, 0.4209606069115411, 0.33637359313732756, 0.2664184123409533, 0.25049339579006213, 0.18933408702105547, 0.14712314487360748, 0.12596557837111497, 0.06596319584044076, 0.04361699765498659, 0.02734973423957693, 0.026338409606070645, 0.026012675781874398, 0.02575428972713056, 0.02244309769918631], "train_acc": [0.415929203539823, 0.4911504424778761, 0.584070796460177, 0.6716814159292035, 0.7663716814159292, 0.8070796460176991, 0.8424778761061946, 0.8823008849557522, 0.8982300884955752, 0.9132743362831859, 0.9371681415929204, 0.9495575221238938, 0.9646017699115044, 0.9823008849557522, 0.9867256637168141, 0.9929203539823008, 0.995575221238938, 0.9929203539823008, 0.9964601769911504, 0.995575221238938], "val_loss": [1.2227160652618947, 1.5720385742692982, 1.1442629831839788, 4.315858751640724, 0.7581221477092366, 0.6286926533855735, 0.6165211451348483, 0.45667249222315665, 0.41748258484652523, 0.49747533960656226, 0.6436551410948377, 0.4313054725843689, 0.4708866469114492, 0.40779578897035795, 0.4328933377707436, 0.4347246904419768, 0.45304946708344845, 0.44325257576146415, 0.4503008135884026, 0.4843494547366464], "val_acc": [0.45936395759717313, 0.46996466431095407, 0.46996466431095407, 0.36395759717314485, 0.6749116607773852, 0.8127208480565371, 0.7561837455830389, 0.8657243816254416, 0.8798586572438163, 0.8445229681978799, 0.8551236749116607, 0.8798586572438163, 0.872791519434629, 0.8833922261484098, 0.8798586572438163, 0.8904593639575972, 0.8939929328621908, 0.8939929328621908, 0.8939929328621908, 0.8939929328621908], "train_class_acc": [{"0": 0, "1": 0, "2": 0, "3": 0.46875, "4": 0.5159235668789809, "5": 0, "6": 0, "7": 0, "8": 0, "9": 0.42686567164179107, "10": 0, "11": 0, "12": 0.22142857142857142, "13": 0.20454545454545456, "14": 0, "15": 0, "16": 0, "17": 0, "18": 0.5845070422535211}, {"0": 0, "1": 0, "2": 0, "3": 0.5267857142857143, "4": 0.6114649681528662, "5": 0, "6": 0, "7": 0, "8": 0, "9": 0.42686567164179107, "10": 0, "11": 0, "12": 0.21428571428571427, "13": 0.48484848484848486, "14": 0, "15": 0, "16": 0, "17": 0, "18": 0.7323943661971831}, {"0": 0, "1": 0, "2": 0, "3": 0.6205357142857143, "4": 0.6942675159235668, "5": 0, "6": 0, "7": 0, "8": 0, "9": 0.48955223880597015, "10": 0, "11": 0, "12": 0.35714285714285715, "13": 0.6212121212121212, "14": 0, "15": 0, "16": 0, "17": 0, "18": 0.8169014084507042}, {"0": 0, "1": 0, "2": 0, "3": 0.71875, "4": 0.7006369426751592, "5": 0, "6": 0, "7": 0, "8": 0, "9": 0.5701492537313433, "10": 0, "11": 0, "12": 0.4785714285714286, "13": 0.8257575757575758, "14": 0, "15": 0, "16": 0, "17": 0, "18": 0.852112676056338}, {"0": 0, "1": 0, "2": 0, "3": 0.8258928571428571, "4": 0.7834394904458599, "5": 0, "6": 0, "7": 0, "8": 0, "9": 0.6268656716417911, "10": 0, "11": 0, "12": 0.6642857142857143, "13": 0.9621212121212122, "14": 0, "15": 0, "16": 0, "17": 0, "18": 0.9014084507042254}, {"0": 0, "1": 0, "2": 0, "3": 0.84375, "4": 0.7961783439490446, "5": 0, "6": 0, "7": 0, "8": 0, "9": 0.7582089552238805, "10": 0, "11": 0, "12": 0.6571428571428571, "13": 0.9772727272727273, "14": 0, "15": 0, "16": 0, "17": 0, "18": 0.8661971830985915}, {"0": 0, "1": 0, "2": 0, "3": 0.875, "4": 0.8535031847133758, "5": 0, "6": 0, "7": 0, "8": 0, "9": 0.764179104477612, "10": 0, "11": 0, "12": 0.7357142857142858, "13": 0.9924242424242424, "14": 0, "15": 0, "16": 0, "17": 0, "18": 0.9295774647887324}, {"0": 0, "1": 0, "2": 0, "3": 0.9285714285714286, "4": 0.8598726114649682, "5": 0, "6": 0, "7": 0, "8": 0, "9": 0.835820895522388, "10": 0, "11": 0, "12": 0.8071428571428572, "13": 0.9621212121212122, "14": 0, "15": 0, "16": 0, "17": 0, "18": 0.9436619718309859}, {"0": 0, "1": 0, "2": 0, "3": 0.9196428571428571, "4": 0.8980891719745223, "5": 0, "6": 0, "7": 0, "8": 0, "9": 0.8537313432835821, "10": 0, "11": 0, "12": 0.8285714285714286, "13": 0.9924242424242424, "14": 0, "15": 0, "16": 0, "17": 0, "18": 0.9507042253521126}, {"0": 0, "1": 0, "2": 0, "3": 0.9285714285714286, "4": 0.9299363057324841, "5": 0, "6": 0, "7": 0, "8": 0, "9": 0.8567164179104477, "10": 0, "11": 0, "12": 0.8642857142857143, "13": 0.9772727272727273, "14": 0, "15": 0, "16": 0, "17": 0, "18": 0.9929577464788732}, {"0": 0, "1": 0, "2": 0, "3": 0.96875, "4": 0.9554140127388535, "5": 0, "6": 0, "7": 0, "8": 0, "9": 0.9194029850746268, "10": 0, "11": 0, "12": 0.85, "13": 0.9772727272727273, "14": 0, "15": 0, "16": 0, "17": 0, "18": 0.9577464788732394}, {"0": 0, "1": 0, "2": 0, "3": 0.9776785714285714, "4": 0.9363057324840764, "5": 0, "6": 0, "7": 0, "8": 0, "9": 0.9164179104477612, "10": 0, "11": 0, "12": 0.9142857142857143, "13": 0.9924242424242424, "14": 0, "15": 0, "16": 0, "17": 0, "18": 0.9929577464788732}, {"0": 0, "1": 0, "2": 0, "3": 0.96875, "4": 0.9490445859872612, "5": 0, "6": 0, "7": 0, "8": 0, "9": 0.9462686567164179, "10": 0, "11": 0, "12": 0.9642857142857143, "13": 1.0, "14": 0, "15": 0, "16": 0, "17": 0, "18": 0.9859154929577465}, {"0": 0, "1": 0, "2": 0, "3": 0.9821428571428571, "4": 0.9745222929936306, "5": 0, "6": 0, "7": 0, "8": 0, "9": 0.9761194029850746, "10": 0, "11": 0, "12": 0.9785714285714285, "13": 1.0, "14": 0, "15": 0, "16": 0, "17": 0, "18": 0.9929577464788732}, {"0": 0, "1": 0, "2": 0, "3": 0.9910714285714286, "4": 0.9872611464968153, "5": 0, "6": 0, "7": 0, "8": 0, "9": 0.9761194029850746, "10": 0, "11": 0, "12": 0.9857142857142858, "13": 0.9924242424242424, "14": 0, "15": 0, "16": 0, "17": 0, "18": 1.0}, {"0": 0, "1": 0, "2": 0, "3": 0.9955357142857143, "4": 0.9872611464968153, "5": 0, "6": 0, "7": 0, "8": 0, "9": 0.991044776119403, "10": 0, "11": 0, "12": 0.9857142857142858, "13": 1.0, "14": 0, "15": 0, "16": 0, "17": 0, "18": 1.0}, {"0": 0, "1": 0, "2": 0, "3": 1.0, "4": 0.9872611464968153, "5": 0, "6": 0, "7": 0, "8": 0, "9": 0.9940298507462687, "10": 0, "11": 0, "12": 0.9928571428571429, "13": 1.0, "14": 0, "15": 0, "16": 0, "17": 0, "18": 1.0}, {"0": 0, "1": 0, "2": 0, "3": 0.9955357142857143, "4": 0.9872611464968153, "5": 0, "6": 0, "7": 0, "8": 0, "9": 0.9880597014925373, "10": 0, "11": 0, "12": 0.9928571428571429, "13": 1.0, "14": 0, "15": 0, "16": 0, "17": 0, "18": 1.0}, {"0": 0, "1": 0, "2": 0, "3": 1.0, "4": 0.9936305732484076, "5": 0, "6": 0, "7": 0, "8": 0, "9": 1.0, "10": 0, "11": 0, "12": 0.9928571428571429, "13": 0.9848484848484849, "14": 0, "15": 0, "16": 0, "17": 0, "18": 1.0}, {"0": 0, "1": 0, "2": 0, "3": 0.9910714285714286, "4": 0.9872611464968153, "5": 0, "6": 0, "7": 0, "8": 0, "9": 0.9970149253731343, "10": 0, "11": 0, "12": 1.0, "13": 1.0, "14": 0, "15": 0, "16": 0, "17": 0, "18": 1.0}], "val_class_acc": [{"0": 0, "1": 0, "2": 0, "3": 0.0, "4": 0.6666666666666666, "5": 0, "6": 0, "7": 0, "8": 0, "9": 0.72, "10": 0, "11": 0, "12": 0.0, "13": 0.975, "14": 0, "15": 0, "16": 0, "17": 0, "18": 0.38461538461538464}, {"0": 0, "1": 0, "2": 0, "3": 0.0, "4": 0.7878787878787878, "5": 0, "6": 0, "7": 0, "8": 0, "9": 0.52, "10": 0, "11": 0, "12": 0.32, "13": 0.325, "14": 0, "15": 0, "16": 0, "17": 0, "18": 1.0}, {"0": 0, "1": 0, "2": 0, "3": 0.021739130434782608, "4": 0.48484848484848486, "5": 0, "6": 0, "7": 0, "8": 0, "9": 0.5866666666666667, "10": 0, "11": 0, "12": 0.02, "13": 1.0, "14": 0, "15": 0, "16": 0, "17": 0, "18": 0.7948717948717948}, {"0": 0, "1": 0, "2": 0, "3": 0.1956521739130435, "4": 1.0, "5": 0, "6": 0, "7": 0, "8": 0, "9": 0.44, "10": 0, "11": 0, "12": 0.18, "13": 0.025, "14": 0, "15": 0, "16": 0, "17": 0, "18": 0.46153846153846156}, {"0": 0, "1": 0, "2": 0, "3": 0.6521739130434783, "4": 0.9696969696969697, "5": 0, "6": 0, "7": 0, "8": 0, "9": 0.76, "10": 0, "11": 0, "12": 0.02, "13": 0.925, "14": 0, "15": 0, "16": 0, "17": 0, "18": 0.8717948717948718}, {"0": 0, "1": 0, "2": 0, "3": 0.8478260869565217, "4": 0.9696969696969697, "5": 0, "6": 0, "7": 0, "8": 0, "9": 0.6533333333333333, "10": 0, "11": 0, "12": 0.64, "13": 0.975, "14": 0, "15": 0, "16": 0, "17": 0,