{"train_loss": [1.7155247875767896, 1.027256682795337, 0.7571180929485549, 0.4807457341088189, 0.34338915034746514, 0.3105726410435815, 0.33365128508999814, 0.27106208933724296, 0.09408164499088739, 0.06863670917148264], "train_acc": [0.45299145579338074, 0.6658119559288025, 0.7452991604804993, 0.8410256505012512, 0.8974359035491943, 0.9076923131942749, 0.8803418874740601, 0.9111111164093018, 0.9752136468887329, 0.9811965823173523], "val_loss": [7.503209755637429, 1.1033319196917795, 1.2696927653794938, 0.9066276829351079, 1.1104013752192259, 1.0067909359931946, 1.2158968523398719, 0.9492345788262108, 0.768182757022706, 0.7518596827983857], "val_acc": [0.19090908765792847, 0.613636314868927, 0.6863636374473572, 0.7318181395530701, 0.7090908885002136, 0.6727272272109985, 0.6363636255264282, 0.7136363387107849, 0.8136363625526428, 0.8045454025268555], "train_class_acc": [{"0": 0.5714285714285714, "1": 0.4166666666666667, "2": 0.4305555555555556, "3": 0.6521739130434783, "4": 0.7450980392156863, "5": 0.25, "6": 0.20512820512820512, "7": 0.48, "8": 0.13333333333333333, "9": 0.38738738738738737, "10": 0.0, "11": 0.5294117647058824, "12": 0.37254901960784315, "13": 0.6170212765957447, "14": 0.6, "15": 0.4297520661157025, "16": 0.5652173913043478, "17": 0.45098039215686275, "18": 0.6326530612244898}, {"0": 0.7551020408163265, "1": 0.6805555555555556, "2": 0.5833333333333334, "3": 0.8115942028985508, "4": 0.9019607843137255, "5": 0.16666666666666666, "6": 0.20512820512820512, "7": 0.7066666666666667, "8": 0.28, "9": 0.5765765765765766, "10": 0.06666666666666667, "11": 0.7450980392156863, "12": 0.7843137254901961, "13": 0.9574468085106383, "14": 0.7866666666666666, "15": 0.7272727272727273, "16": 0.8913043478260869, "17": 0.8235294117647058, "18": 0.8571428571428571}, {"0": 0.8979591836734694, "1": 0.7638888888888888, "2": 0.7222222222222222, "3": 0.855072463768116, "4": 0.9019607843137255, "5": 0.3333333333333333, "6": 0.358974358974359, "7": 0.88, "8": 0.5866666666666667, "9": 0.6486486486486487, "10": 0.1, "11": 0.803921568627451, "12": 0.7058823529411765, "13": 0.9148936170212766, "14": 0.8533333333333334, "15": 0.8016528925619835, "16": 0.8695652173913043, "17": 0.7843137254901961, "18": 0.8979591836734694}, {"0": 0.8775510204081632, "1": 0.7916666666666666, "2": 0.8611111111111112, "3": 0.9420289855072463, "4": 0.9215686274509803, "5": 0.4444444444444444, "6": 0.48717948717948717, "7": 0.8933333333333333, "8": 0.8533333333333334, "9": 0.7027027027027027, "10": 0.5, "11": 0.9803921568627451, "12": 0.9215686274509803, "13": 0.9574468085106383, "14": 0.92, "15": 0.9090909090909091, "16": 0.8913043478260869, "17": 0.8823529411764706, "18": 0.8979591836734694}, {"0": 0.9795918367346939, "1": 0.875, "2": 0.9166666666666666, "3": 0.927536231884058, "4": 0.9607843137254902, "5": 0.5, "6": 0.38461538461538464, "7": 0.96, "8": 0.92, "9": 0.8558558558558559, "10": 0.7333333333333333, "11": 0.9215686274509803, "12": 0.9215686274509803, "13": 0.9787234042553191, "14": 0.9466666666666667, "15": 0.9586776859504132, "16": 0.9565217391304348, "17": 0.9803921568627451, "18": 0.9795918367346939}, {"0": 0.9387755102040817, "1": 0.8472222222222222, "2": 0.9305555555555556, "3": 0.9565217391304348, "4": 1.0, "5": 0.5555555555555556, "6": 0.5897435897435898, "7": 0.9866666666666667, "8": 0.8933333333333333, "9": 0.8558558558558559, "10": 0.6666666666666666, "11": 0.9803921568627451, "12": 0.9607843137254902, "13": 1.0, "14": 0.8933333333333333, "15": 0.9421487603305785, "16": 0.9782608695652174, "17": 1.0, "18": 1.0}, {"0": 0.9795918367346939, "1": 0.875, "2": 0.8194444444444444, "3": 0.9565217391304348, "4": 0.9803921568627451, "5": 0.5277777777777778, "6": 0.46153846153846156, "7": 0.9333333333333333, "8": 0.84, "9": 0.8108108108108109, "10": 0.6333333333333333, "11": 0.9607843137254902, "12": 0.9607843137254902, "13": 1.0, "14": 0.9466666666666667, "15": 0.9173553719008265, "16": 0.9565217391304348, "17": 0.9215686274509803, "18": 0.9591836734693877}, {"0": 0.9591836734693877, "1": 0.9305555555555556, "2": 0.8472222222222222, "3": 0.8695652173913043, "4": 0.9607843137254902, "5": 0.4444444444444444, "6": 0.6923076923076923, "7": 0.92, "8": 0.9333333333333333, "9": 0.8918918918918919, "10": 0.8333333333333334, "11": 0.9019607843137255, "12": 1.0, "13": 1.0, "14": 0.96, "15": 0.9586776859504132, "16": 0.9565217391304348, "17": 1.0, "18": 1.0}, {"0": 0.9795918367346939, "1": 0.9583333333333334, "2": 1.0, "3": 0.9565217391304348, "4": 0.9803921568627451, "5": 0.8333333333333334, "6": 0.8717948717948718, "7": 0.9866666666666667, "8": 0.9866666666666667, "9": 0.972972972972973, "10": 1.0, "11": 1.0, "12": 0.9803921568627451, "13": 1.0, "14": 0.96, "15": 0.9917355371900827, "16": 1.0, "17": 1.0, "18": 1.0}, {"0": 1.0, "1": 1.0, "2": 1.0, "3": 0.9710144927536232, "4": 1.0, "5": 0.8611111111111112, "6": 0.8461538461538461, "7": 1.0, "8": 1.0, "9": 0.972972972972973, "10": 0.9666666666666667, "11": 1.0, "12": 0.9215686274509803, "13": 1.0, "14": 1.0, "15": 0.9917355371900827, "16": 1.0, "17": 1.0, "18": 1.0}], "val_class_acc": [{"0": 0.0, "1": 0.5, "2": 0.0, "3": 1.0, "4": 0.0, "5": 0.0, "6": 0.0, "7": 0.0, "8": 0.0, "9": 0.2222222222222222, "10": 0.0, "11": 0.0, "12": 0.5833333333333334, "13": 0.0, "14": 0.0, "15": 0.45454545454545453, "16": 0.3333333333333333, "17": 0.0, "18": 0.0}, {"0": 1.0, "1": 1.0, "2": 0.75, "3": 0.25, "4": 0.6666666666666666, "5": 1.0, "6": 0.0, "7": 0.5833333333333334, "8": 0.5833333333333334, "9": 0.6666666666666666, "10": 0.0, "11": 0.5, "12": 0.5833333333333334, "13": 1.0, "14": 0.5, "15": 0.3181818181818182, "16": 0.3333333333333333, "17": 0.5, "18": 1.0}, {"0": 0.5833333333333334, "1": 1.0, "2": 0.5833333333333334, "3": 1.0, "4": 1.0, "5": 0.0, "6": 1.0, "7": 0.4166666666666667, "8": 0.5, "9": 0.5555555555555556, "10": 0.0, "11": 0.5833333333333334, "12": 0.5833333333333334, "13": 1.0, "14": 0.5833333333333334, "15": 0.7272727272727273, "16": 0.6666666666666666, "17": 0.5833333333333334, "18": 1.0}, {"0": 0.9166666666666666, "1": 0.75, "2": 0.9166666666666666, "3": 1.0, "4": 0.9166666666666666, "5": 0.0, "6": 0.16666666666666666, "7": 0.0, "8": 0.5, "9": 0.9444444444444444, "10": 0.0, "11": 0.5833333333333334, "12": 0.6666666666666666, "13": 0.75, "14": 0.6666666666666666, "15": 1.0, "16": 0.6666666666666666, "17": 0.9166666666666666, "18": 1.0}, {"0": 1.0, "1": 1.0, "2": 0.75, "3": 1.0, "4": 1.0, "5": 0.0, "6": 0.3333333333333333, "7": 1.0, "8": 0.75, "9": 0.6666666666666666, "10": 0.0, "11": 0.6666666666666666, "12": 0.0, "13": 0.75, "14": 0.6666666666666666, "15": 0.5, "16": 0.6666666666666666, "17": 0.8333333333333334, "18": 1.0}, {"0": 0.8333333333333334, "1": 0.6666666666666666, "2": 0.6666666666666666, "3": 1.0, "4": 0.9166666666666666, "5": 0.0, "6": 0.16666666666666666, "7": 0.4166666666666667, "8": 0.6666666666666666, "9": 0.6666666666666666, "10": 0.0, "11": 0.6666666666666666, "12": 0.75, "13": 0.75, "14": 0.5833333333333334, "15": 0.5909090909090909, "16": 0.6666666666666666, "17": 1.0, "18": 0.75}, {"0": 1.0, "1": 0.75, "2": 0.9166666666666666, "3": 1.0, "4": 0.75, "5": 0.5, "6": 0.3333333333333333, "7": 0.0, "8": 0.6666666666666666, "9": 0.5, "10": 0.0, "11": 0.5833333333333334, "12": 0.16666666666666666, "13": 0.75, "14": 0.6666666666666666, "15": 0.45454545454545453, "16": 0.6666666666666666, "17": 0.9166666666666666, "18": 1.0}, {"0": 0.8333333333333334, "1": 0.75, "2": 0.75, "3": 1.0, "4": 1.0, "5": 0.5, "6": 0.5, "7": 0.25, "8": 0.5833333333333334, "9": 0.6666666666666666, "10": 0.0, "11": 0.5833333333333334, "12": 0.3333333333333333, "13": 0.6666666666666666, "14": 0.6666666666666666, "15": 0.8181818181818182, "16": 1.0, "17": 0.9166666666666666, "18": 1.0}, {"0": 1.0, "1": 0.75, "2": 0.5833333333333334, "3": 1.0, "4": 0.9166666666666666, "5": 0.5, "6": 1.0, "7": 0.5833333333333334, "8": 0.75, "9": 0.8333333333333334, "10": 0.0, "11": 0.5833333333333334, "12": 0.75, "13": 0.75, "14": 0.75, "15": 0.9545454545454546, "16": 1.0,