{"train_loss": [2.5332372649103148, 2.017124467018323, 1.358382052437872, 0.7618132316149198, 0.42063278703608065, 0.21085801165328066, 0.1663457195982974, 0.14892728726069132, 0.1370915092464186, 0.11304757865066202, 0.10959786242908902, 0.1103114264133649, 0.1025346040725708, 0.09412728181252113, 0.09582470390531751], "train_acc": [0.1299145370721817, 0.3213675320148468, 0.5529914498329163, 0.7683760523796082, 0.8948717713356018, 0.9547008275985718, 0.9726495742797852, 0.9837606549263, 0.9846153855323792, 0.9914529919624329, 0.9931623935699463, 0.9940170645713806, 0.9974358677864075, 0.9940170645713806, 0.9965811967849731], "val_loss": [2.533199778470126, 2.5675729578191584, 3.8940691861239345, 2.581694940003482, 4.090969343618913, 1.7893858367746527, 1.7334172465584494, 1.7366500442678279, 1.7411810333078557, 1.727230139212175, 1.720231795310974, 1.7658867554231124, 1.7424987901340832, 1.7501324892044068, 1.7135087295012041], "val_acc": [0.11363635957241058, 0.2181818187236786, 0.1772727221250534, 0.3227272629737854, 0.18636363744735718, 0.3909090757369995, 0.40909090638160706, 0.41363635659217834, 0.40454545617103577, 0.40909090638160706, 0.40454545617103577, 0.38181817531585693, 0.3999999761581421, 0.40454545617103577, 0.4227272570133209], "train_class_acc": [{"0": 0.08163265306122448, "1": 0.1388888888888889, "2": 0.19444444444444445, "3": 0.3333333333333333, "4": 0.17647058823529413, "5": 0.0, "6": 0.0, "7": 0.17333333333333334, "8": 0.09333333333333334, "9": 0.04504504504504504, "10": 0.0, "11": 0.0784313725490196, "12": 0.058823529411764705, "13": 0.1702127659574468, "14": 0.17333333333333334, "15": 0.14049586776859505, "16": 0.13043478260869565, "17": 0.19607843137254902, "18": 0.12244897959183673}, {"0": 0.5306122448979592, "1": 0.4722222222222222, "2": 0.2361111111111111, "3": 0.8115942028985508, "4": 0.5490196078431373, "5": 0.05555555555555555, "6": 0.0, "7": 0.21333333333333335, "8": 0.18666666666666668, "9": 0.23423423423423423, "10": 0.0, "11": 0.37254901960784315, "12": 0.0784313725490196, "13": 0.2553191489361702, "14": 0.7733333333333333, "15": 0.24793388429752067, "16": 0.043478260869565216, "17": 0.37254901960784315, "18": 0.2653061224489796}, {"0": 0.8979591836734694, "1": 0.5972222222222222, "2": 0.7222222222222222, "3": 0.9420289855072463, "4": 0.8627450980392157, "5": 0.08333333333333333, "6": 0.05128205128205128, "7": 0.72, "8": 0.38666666666666666, "9": 0.44144144144144143, "10": 0.06666666666666667, "11": 0.2549019607843137, "12": 0.1568627450980392, "13": 0.851063829787234, "14": 0.84, "15": 0.5702479338842975, "16": 0.1956521739130435, "17": 0.6274509803921569, "18": 0.5306122448979592}, {"0": 0.9591836734693877, "1": 0.9027777777777778, "2": 0.875, "3": 0.9855072463768116, "4": 1.0, "5": 0.16666666666666666, "6": 0.2564102564102564, "7": 0.8666666666666667, "8": 0.6666666666666666, "9": 0.7657657657657657, "10": 0.4666666666666667, "11": 0.5294117647058824, "12": 0.4117647058823529, "13": 1.0, "14": 0.9333333333333333, "15": 0.8264462809917356, "16": 0.45652173913043476, "17": 0.8823529411764706, "18": 0.8979591836734694}, {"0": 0.9795918367346939, "1": 0.9166666666666666, "2": 0.9166666666666666, "3": 0.9710144927536232, "4": 0.9607843137254902, "5": 0.5555555555555556, "6": 0.8717948717948718, "7": 0.92, "8": 0.8933333333333333, "9": 0.918918918918919, "10": 0.7, "11": 0.7647058823529411, "12": 0.7843137254901961, "13": 0.9787234042553191, "14": 0.96, "15": 0.9173553719008265, "16": 0.7608695652173914, "17": 0.9607843137254902, "18": 0.9387755102040817}, {"0": 0.9795918367346939, "1": 1.0, "2": 1.0, "3": 0.9565217391304348, "4": 1.0, "5": 0.6944444444444444, "6": 0.9487179487179487, "7": 0.9733333333333334, "8": 0.9466666666666667, "9": 0.990990990990991, "10": 0.8666666666666667, "11": 0.9607843137254902, "12": 0.8823529411764706, "13": 1.0, "14": 0.9466666666666667, "15": 1.0, "16": 0.782608695652174, "17": 1.0, "18": 0.9387755102040817}, {"0": 0.9795918367346939, "1": 0.9861111111111112, "2": 1.0, "3": 0.9710144927536232, "4": 1.0, "5": 0.6944444444444444, "6": 0.9743589743589743, "7": 1.0, "8": 1.0, "9": 1.0, "10": 0.9333333333333333, "11": 0.9803921568627451, "12": 0.9803921568627451, "13": 1.0, "14": 0.9733333333333334, "15": 1.0, "16": 0.782608695652174, "17": 1.0, "18": 1.0}, {"0": 1.0, "1": 0.9861111111111112, "2": 1.0, "3": 0.9855072463768116, "4": 1.0, "5": 0.8055555555555556, "6": 0.9743589743589743, "7": 1.0, "8": 0.9866666666666667, "9": 1.0, "10": 0.9666666666666667, "11": 1.0, "12": 0.9803921568627451, "13": 1.0, "14": 1.0, "15": 1.0, "16": 0.8695652173913043, "17": 1.0, "18": 1.0}, {"0": 1.0, "1": 1.0, "2": 1.0, "3": 1.0, "4": 0.9803921568627451, "5": 0.7777777777777778, "6": 0.9743589743589743, "7": 0.9866666666666667, "8": 1.0, "9": 1.0, "10": 0.9666666666666667, "11": 0.9803921568627451, "12": 0.9607843137254902, "13": 1.0, "14": 1.0, "15": 1.0, "16": 0.9347826086956522, "17": 1.0, "18": 1.0}, {"0": 1.0, "1": 1.0, "2": 1.0, "3": 1.0, "4": 1.0, "5": 0.9722222222222222, "6": 1.0, "7": 1.0, "8": 1.0, "9": 1.0, "10": 0.9333333333333333, "11": 0.9803921568627451, "12": 0.9803921568627451, "13": 1.0, "14": 1.0, "15": 1.0, "16": 0.9130434782608695, "17": 1.0, "18": 0.9795918367346939}, {"0": 1.0, "1": 1.0, "2": 1.0, "3": 1.0, "4": 1.0, "5": 0.8888888888888888, "6": 1.0, "7": 1.0, "8": 0.9866666666666667, "9": 1.0, "10": 1.0, "11": 1.0, "12": 0.9803921568627451, "13": 1.0, "14": 1.0, "15": 1.0, "16": 0.9565217391304348, "17": 1.0, "18": 1.0}, {"0": 1.0, "1": 1.0, "2": 1.0, "3": 1.0, "4": 1.0, "5": 0.9166666666666666, "6": 1.0, "7": 1.0, "8": 1.0, "9": 1.0, "10": 0.9666666666666667, "11": 1.0, "12": 1.0, "13": 1.0, "14": 1.0, "15": 1.0, "16": 0.9347826086956522, "17": 1.0, "18": 1.0}, {"0": 0.9795918367346939, "1": 1.0, "2": 1.0, "3": 1.0, "4": 1.0, "5": 1.0, "6": 1.0, "7": 1.0, "8": 1.0, "9": 1.0, "10": 0.9666666666666667, "11": 1.0, "12": 1.0, "13": 1.0, "14": 1.0, "15": 1.0, "16": 0.9782608695652174, "17": 1.0, "18": 1.0}, {"0": 1.0, "1": 1.0, "2": 1.0, "3": 0.9855072463768116, "4": 1.0, "5": 0.9166666666666666, "6": 1.0, "7": 1.0, "8": 0.9866666666666667, "9": 1.0, "10": 0.9666666666666667, "11": 1.0, "12": 1.0, "13": 1.0, "14": 1.0, "15": 1.0, "16": 0.9782608695652174, "17": 1.0, "18": 1.0}, {"0": 1.0, "1": 1.0, "2": 1.0, "3": 1.0, "4": 1.0, "5": 0.9722222222222222, "6": 0.9743589743589743, "7": 1.0, "8": 1.0, "9": 1.0, "10": 1.0, "11": 1.0, "12": 0.9803921568627451, "13": 1.0, "14": 1.0, "15": 1.0, "16": 0.9782608695652174, "17": 1.0, "18": 1.0}], "val_class_acc": [{"0": 0.0, "1": 1.0, "2": 0.0, "3": 0.0, "4": 0.0, "5": 0.0, "6": 0.0, "7": 0.0, "8": 0.0, "9": 0.0, "10": 0.0, "11": 0.0, "12": 0.0, "13": 0.0, "14": 0.08333333333333333, "15": 0.0, "16": 0.0, "17": 0.0, "18": 1.0}, {"0": 0.0, "1": 0.3333333333333333, "2": 0.8333333333333334, "3": 0.4166666666666667, "4": 0.5, "5": 0.0, "6": 0.0, "7": 0.3333333333333333, "8": 0.0, "9": 0.6111111111111112, "10": 0.0, "11": 0.0, "12": 0.0, "13": 0.0, "14": 0.6666666666666666, "15": 0.0, "16": 0.0, "17": 0.0, "18": 0.0}, {"0": 0.0, "1": 0.75, "2": 0.16666666666666666, "3": 0.5, "4": 0.0, "5": 0.0, "6": 0.0, "7": 0.0, "8": 0.8333333333333334, "9": 0.6666666666666666, "10": 0.0, "11": 0.0, "12": 0.0, "13": 0.0, "14": 0.0, "15": 0.0, "16": 0.0, "17": 0.0, "18": 0.0}, {"0": 0.75, "1": 0.0, "2": 0.25, "3": 0.9166666666666666, "4": 0.16666666666666666, "5": 0.0, "6": 0.0, "7": 0.6666666666666666, "8": 0.0, "9": 0.0, "10": 0.0, "11": 0.0, "12": 0.0, "13": 0.25, "14": 1.0, "15": 0.7727272727272727, "16": 0.0, "17": 0.5, "18": 0.0}, {"0": 0.0, "1": 0.25, "2": 0.16666666666666666, "3": 0.16666666666666666, "4": 0.5, "5": 0.0, "6": 0.0, "7": 0.0, "8": 0.08333333333333333, "9": 0.9444444444444444, "10": 0.0, "11": 0.0, "12": 0.0, "13": 0.25, "14": 0.0, "15": 0.0, "16": 0.0, "17": 0.08333333333333333, "18": 0.5}, {"0": 0.4166666666666667, "1": 0.25, "2": 0.5833333333333334, "3": 0.9166666666666666, "4": 0.4166666666666667, "5": 0.0, "6": 0.16666666666666666,