{"train_loss": [1.904889963388194, 1.261064347054891], "train_acc": [0.3249738812446594, 0.546499490737915], "val_loss": [3.1631037975377576, 1.6000325604775214], "val_acc": [0.22994652390480042, 0.5347593426704407], "train_class_acc": [{"0": 0.3673469387755102, "1": 0.4583333333333333, "2": 0.6231884057971014, "3": 0.5098039215686274, "4": 0.08333333333333333, "5": 0.05128205128205128, "6": 0.3333333333333333, "7": 0.14666666666666667, "8": 0.21568627450980393, "9": 0.49019607843137253, "10": 0.5106382978723404, "11": 0.4533333333333333, "12": 0.15702479338842976, "13": 0.15217391304347827, "14": 0.2549019607843137, "15": 0.3469387755102041}, {"0": 0.7346938775510204, "1": 0.3333333333333333, "2": 0.7681159420289855, "3": 0.8627450980392157, "4": 0.3055555555555556, "5": 0.1794871794871795, "6": 0.56, "7": 0.29333333333333333, "8": 0.45098039215686275, "9": 0.6862745098039216, "10": 0.851063829787234, "11": 0.68, "12": 0.47107438016528924, "13": 0.5652173913043478, "14": 0.5098039215686274, "15": 0.5306122448979592}], "val_class_acc": [{"0": 0.0, "1": 0.0, "2": 0.3333333333333333, "3": 1.0, "4": 0.0, "5": 0.0, "6": 0.0, "7": 0.0, "8": 0.4166666666666667, "9": 0.4166666666666667, "10": 0.5, "11": 0.5, "12": 0.0, "13": 0.1111111111111111, "14": 0.0, "15": 0.3333333333333333}, {"0": 0.9166666666666666, "1": 0.4166666666666667, "2": 1.0, "3": 1.0, "4": 1.0, "5": 0.0, "6": 0.0, "7": 0.08333333333333333, "8": 0.5, "9": 0.5, "10": 0.75, "11": 1.0, "12": 0.3181818181818182, "13": 0.0, "14": 0.8333333333333334, "15": 0.25}], "test_loss": 1.0115785862823639, "test_acc": 0.5989583730697632, "test_class_acc": {"0": 0.9166666666666666, "1": 0.5, "2": 1.0, "3": 1.0, "4": 1.0, "5": 0.0, "6": 0.6666666666666666, "7": 0.3333333333333333, "8": 0.9166666666666666, "9": 0.5833333333333334, "10": 1.0, "11": 0.6666666666666666, "12": 0.5, "13": 0.0, "14": 0.5, "15": 0.0}}