{"train_loss": [2.505665159225464, 1.996856194276076, 1.3026538653251452, 0.7879679449603089, 0.42943925022060037, 0.22790927316388512, 0.1765846515313173, 0.15108672624979264, 0.1457000996821966, 0.1309421897953392, 0.12099384212086343, 0.11469743104062528, 0.10130763965794164, 0.09997165799140931, 0.10596923848502657], "train_acc": [0.1367521435022354, 0.3162393271923065, 0.5709401965141296, 0.7581196427345276, 0.8871794939041138, 0.9623931646347046, 0.9726495742797852, 0.9846153855323792, 0.9837606549263, 0.9888888597488403, 0.995726466178894, 0.995726466178894, 0.9965811967849731, 0.9965811967849731, 0.9991452693939209], "val_loss": [2.980049974268133, 3.4867146080190485, 3.470347040349787, 3.1462388293309647, 3.4771271488883277, 1.9823535767468539, 1.9397461132569747, 1.8705811749805104, 1.8446224386041814, 1.8733191056685015, 1.8938187371600759, 1.874186430194161, 1.8505217898975719, 1.8877028898759323, 1.8436163663864136], "val_acc": [0.12272726744413376, 0.18636363744735718, 0.18636363744735718, 0.2818181812763214, 0.26818180084228516, 0.3590908944606781, 0.3590908944606781, 0.38181817531585693, 0.3863636255264282, 0.37272727489471436, 0.37727272510528564, 0.38181817531585693, 0.3863636255264282, 0.3954545259475708, 0.37727272510528564], "train_class_acc": [{"0": 0.20408163265306123, "1": 0.08333333333333333, "2": 0.3333333333333333, "3": 0.13043478260869565, "4": 0.1568627450980392, "5": 0.027777777777777776, "6": 0.0, "7": 0.06666666666666667, "8": 0.25333333333333335, "9": 0.08108108108108109, "10": 0.0, "11": 0.11764705882352941, "12": 0.1568627450980392, "13": 0.02127659574468085, "14": 0.26666666666666666, "15": 0.0743801652892562, "16": 0.13043478260869565, "17": 0.13725490196078433, "18": 0.24489795918367346}, {"0": 0.7142857142857143, "1": 0.2916666666666667, "2": 0.2361111111111111, "3": 0.5217391304347826, "4": 0.6666666666666666, "5": 0.0, "6": 0.0, "7": 0.2, "8": 0.18666666666666668, "9": 0.13513513513513514, "10": 0.0, "11": 0.23529411764705882, "12": 0.17647058823529413, "13": 0.3404255319148936, "14": 0.7866666666666666, "15": 0.3305785123966942, "16": 0.13043478260869565, "17": 0.3137254901960784, "18": 0.5102040816326531}, {"0": 0.8571428571428571, "1": 0.5277777777777778, "2": 0.6805555555555556, "3": 0.8695652173913043, "4": 0.9411764705882353, "5": 0.08333333333333333, "6": 0.0, "7": 0.56, "8": 0.37333333333333335, "9": 0.4594594594594595, "10": 0.03333333333333333, "11": 0.21568627450980393, "12": 0.3333333333333333, "13": 0.9361702127659575, "14": 0.8933333333333333, "15": 0.6115702479338843, "16": 0.2826086956521739, "17": 0.803921568627451, "18": 0.7959183673469388}, {"0": 0.9795918367346939, "1": 0.7916666666666666, "2": 0.9166666666666666, "3": 0.9565217391304348, "4": 0.9019607843137255, "5": 0.1388888888888889, "6": 0.1282051282051282, "7": 0.8933333333333333, "8": 0.5866666666666667, "9": 0.7837837837837838, "10": 0.16666666666666666, "11": 0.5294117647058824, "12": 0.5882352941176471, "13": 0.9574468085106383, "14": 0.92, "15": 0.8512396694214877, "16": 0.5652173913043478, "17": 0.9019607843137255, "18": 0.9183673469387755}, {"0": 1.0, "1": 0.9166666666666666, "2": 0.9305555555555556, "3": 0.9855072463768116, "4": 1.0, "5": 0.5277777777777778, "6": 0.46153846153846156, "7": 0.9733333333333334, "8": 0.7866666666666666, "9": 0.9459459459459459, "10": 0.6666666666666666, "11": 0.9215686274509803, "12": 0.803921568627451, "13": 0.9787234042553191, "14": 0.9733333333333334, "15": 0.9008264462809917, "16": 0.6956521739130435, "17": 0.9411764705882353, "18": 0.9591836734693877}, {"0": 0.9795918367346939, "1": 0.8333333333333334, "2": 0.9861111111111112, "3": 1.0, "4": 1.0, "5": 0.9722222222222222, "6": 0.6923076923076923, "7": 1.0, "8": 1.0, "9": 0.9819819819819819, "10": 0.8333333333333334, "11": 1.0, "12": 0.9019607843137255, "13": 1.0, "14": 1.0, "15": 0.9834710743801653, "16": 0.9565217391304348, "17": 0.9803921568627451, "18": 1.0}, {"0": 0.9795918367346939, "1": 0.9027777777777778, "2": 0.9861111111111112, "3": 1.0, "4": 1.0, "5": 0.9722222222222222, "6": 0.8974358974358975, "7": 0.9866666666666667, "8": 1.0, "9": 0.963963963963964, "10": 0.8, "11": 1.0, "12": 0.9411764705882353, "13": 1.0, "14": 1.0, "15": 0.9834710743801653, "16": 0.9565217391304348, "17": 1.0, "18": 1.0}, {"0": 0.9795918367346939, "1": 0.9305555555555556, "2": 1.0, "3": 1.0, "4": 1.0, "5": 0.9444444444444444, "6": 0.8974358974358975, "7": 0.9866666666666667, "8": 1.0, "9": 0.990990990990991, "10": 0.9666666666666667, "11": 1.0, "12": 0.9607843137254902, "13": 1.0, "14": 1.0, "15": 1.0, "16": 0.9782608695652174, "17": 1.0, "18": 1.0}, {"0": 1.0, "1": 0.9305555555555556, "2": 0.9861111111111112, "3": 1.0, "4": 1.0, "5": 0.9722222222222222, "6": 0.9230769230769231, "7": 1.0, "8": 1.0, "9": 1.0, "10": 0.9666666666666667, "11": 1.0, "12": 0.9607843137254902, "13": 0.9787234042553191, "14": 1.0, "15": 0.9917355371900827, "16": 0.9130434782608695, "17": 1.0, "18": 1.0}, {"0": 1.0, "1": 1.0, "2": 1.0, "3": 1.0, "4": 1.0, "5": 1.0, "6": 0.9487179487179487, "7": 1.0, "8": 0.96, "9": 1.0, "10": 0.8666666666666667, "11": 1.0, "12": 0.9607843137254902, "13": 1.0, "14": 1.0, "15": 0.9917355371900827, "16": 0.9782608695652174, "17": 1.0, "18": 1.0}, {"0": 1.0, "1": 0.9861111111111112, "2": 1.0, "3": 1.0, "4": 1.0, "5": 0.9722222222222222, "6": 1.0, "7": 1.0, "8": 1.0, "9": 1.0, "10": 0.9333333333333333, "11": 1.0, "12": 0.9803921568627451, "13": 1.0, "14": 1.0, "15": 1.0, "16": 1.0, "17": 1.0, "18": 1.0}, {"0": 1.0, "1": 0.9861111111111112, "2": 1.0, "3": 1.0, "4": 1.0, "5": 0.9722222222222222, "6": 1.0, "7": 1.0, "8": 1.0, "9": 0.9819819819819819, "10": 1.0, "11": 1.0, "12": 1.0, "13": 1.0, "14": 1.0, "15": 0.9917355371900827, "16": 1.0, "17": 1.0, "18": 1.0}, {"0": 1.0, "1": 0.9861111111111112, "2": 1.0, "3": 1.0, "4": 1.0, "5": 1.0, "6": 0.9743589743589743, "7": 1.0, "8": 1.0, "9": 1.0, "10": 0.9666666666666667, "11": 1.0, "12": 0.9803921568627451, "13": 1.0, "14": 1.0, "15": 1.0, "16": 1.0, "17": 1.0, "18": 1.0}, {"0": 1.0, "1": 0.9861111111111112, "2": 1.0, "3": 1.0, "4": 1.0, "5": 0.9444444444444444, "6": 0.9743589743589743, "7": 1.0, "8": 1.0, "9": 1.0, "10": 1.0, "11": 1.0, "12": 1.0, "13": 1.0, "14": 1.0, "15": 1.0, "16": 1.0, "17": 1.0, "18": 1.0}, {"0": 0.9795918367346939, "1": 1.0, "2": 1.0, "3": 1.0, "4": 1.0, "5": 1.0, "6": 1.0, "7": 1.0, "8": 1.0, "9": 1.0, "10": 1.0, "11": 1.0, "12": 1.0, "13": 1.0, "14": 1.0, "15": 1.0, "16": 1.0, "17": 1.0, "18": 1.0}], "val_class_acc": [{"0": 0.0, "1": 0.0, "2": 0.0, "3": 0.0, "4": 0.0, "5": 0.0, "6": 0.0, "7": 1.0, "8": 0.0, "9": 0.0, "10": 0.0, "11": 0.0, "12": 0.0, "13": 0.0, "14": 0.25, "15": 0.0, "16": 0.0, "17": 0.0, "18": 1.0}, {"0": 0.5833333333333334, "1": 0.0, "2": 0.0, "3": 1.0, "4": 0.75, "5": 0.0, "6": 0.0, "7": 0.0, "8": 0.0, "9": 0.2222222222222222, "10": 0.0, "11": 0.0, "12": 0.0, "13": 0.16666666666666666, "14": 0.25, "15": 0.18181818181818182, "16": 0.0, "17": 0.0, "18": 0.0}, {"0": 0.16666666666666666, "1": 0.0, "2": 0.0, "3": 0.0, "4": 0.0, "5": 0.3333333333333333, "6": 0.0, "7": 0.0, "8": 0.0, "9": 0.0, "10": 0.0, "11": 0.25, "12": 0.0, "13": 0.5833333333333334, "14": 0.16666666666666666, "15": 0.5454545454545454, "16": 0.0, "17": 0.5833333333333334, "18": 0.5}, {"0": 0.25, "1": 0.8333333333333334, "2": 0.0, "3": 1.0, "4": 0.5, "5": 0.0, "6": 0.0, "7": 0.0, "8": 0.0, "9": 0.3333333333333333, "10": 0.0, "11": 0.0, "12": 0.0, "13": 0.6666666666666666, "14": 1.0, "15": 0.0, "16": 0.0, "17": 0.4166666666666667, "18": 0.0}, {"0": 0.16666666666666666, "1": 0.0, "2": 0.16666666666666666, "3": 0.8333333333333334, "4": 0.75, "5": 0.0, "6": 0.0, "7": 0.4166666666666667, "8": 0.5, "9": 0.2222222222222222, "10": 0.0, "11": 0.0, "12": 0.0, "13": 0.08333333333333333, "14": 0.3333333333333333, "15": 0.2727272727272727, "16": 0.0, "17": 0.4166666666666667, "18": 0.4166666666666667}, {"0": 0.5, "1": 0.0, "2": 0.4166666666666667, "3": 1.0, "4": 0.75, "5": 0.0, "6": 0.0, "7": 0.4166666666666667,