{"train_loss": [1.30912632985158, 0.5389547568183761, 0.2940451228940809, 0.2248495726972013, 0.13820141449167922, 0.10385953806139328, 0.11572504571160755, 0.09626507099952784, 0.042440714801216986, 0.016054334869893553], "train_acc": [0.5765765905380249, 0.8288288116455078, 0.9198198318481445, 0.9270270466804504, 0.9657657742500305, 0.9693693518638611, 0.9657657742500305, 0.976576566696167, 0.9909909963607788, 0.9972972869873047], "val_loss": [2.593874353628892, 2.6782912566111636, 2.304866222234873, 0.6579973254448328, 1.0071400514779947, 1.4278197624744513, 1.4092058065610054, 2.011439424294692, 1.5306210365050879, 1.555226173156347], "val_acc": [0.5, 0.41025641560554504, 0.43589743971824646, 0.7564102411270142, 0.8333333730697632, 0.7179487347602844, 0.7051281929016113, 0.7051281929016113, 0.7692307829856873, 0.7564102411270142], "train_class_acc": [{"0": 0.5348837209302325, "1": 0.7361111111111112, "2": 0.6527777777777778, "3": 0.7681159420289855, "4": 0.6666666666666666, "5": 0.6111111111111112, "6": 0.41025641025641024, "7": 0.6533333333333333, "8": 0.6133333333333333, "9": 0.5142857142857142, "10": 0.03333333333333333, "11": 0.4222222222222222, "12": 0.4222222222222222, "13": 0.5609756097560976, "14": 0.7866666666666666, "15": 0.5739130434782609, "16": 0.725, "17": 0.37777777777777777, "18": 0.32558139534883723}, {"0": 0.8372093023255814, "1": 0.9583333333333334, "2": 0.8055555555555556, "3": 0.855072463768116, "4": 0.9555555555555556, "5": 0.8055555555555556, "6": 0.7948717948717948, "7": 0.88, "8": 0.84, "9": 0.7714285714285715, "10": 0.5666666666666667, "11": 0.7111111111111111, "12": 0.7111111111111111, "13": 0.926829268292683, "14": 0.8933333333333333, "15": 0.8347826086956521, "16": 0.95, "17": 0.6888888888888889, "18": 0.7906976744186046}, {"0": 0.9534883720930233, "1": 0.9444444444444444, "2": 0.9305555555555556, "3": 0.9565217391304348, "4": 1.0, "5": 0.9444444444444444, "6": 0.8974358974358975, "7": 0.9333333333333333, "8": 0.8533333333333334, "9": 0.8952380952380953, "10": 0.8333333333333334, "11": 0.8666666666666667, "12": 0.8444444444444444, "13": 0.975609756097561, "14": 0.9866666666666667, "15": 0.9217391304347826, "16": 0.925, "17": 0.8222222222222222, "18": 0.9534883720930233}, {"0": 0.9534883720930233, "1": 0.9861111111111112, "2": 0.9722222222222222, "3": 0.9710144927536232, "4": 0.9333333333333333, "5": 0.9166666666666666, "6": 0.9230769230769231, "7": 0.9466666666666667, "8": 0.9333333333333333, "9": 0.8857142857142857, "10": 0.9666666666666667, "11": 0.8666666666666667, "12": 0.8888888888888888, "13": 0.975609756097561, "14": 0.9733333333333334, "15": 0.9217391304347826, "16": 0.975, "17": 0.7333333333333333, "18": 0.8372093023255814}, {"0": 0.9302325581395349, "1": 0.9861111111111112, "2": 0.9722222222222222, "3": 0.9855072463768116, "4": 0.9555555555555556, "5": 1.0, "6": 0.9743589743589743, "7": 1.0, "8": 0.9866666666666667, "9": 0.9142857142857143, "10": 0.9333333333333333, "11": 0.9333333333333333, "12": 0.9111111111111111, "13": 0.975609756097561, "14": 0.9866666666666667, "15": 0.991304347826087, "16": 0.975, "17": 0.9111111111111111, "18": 0.9767441860465116}, {"0": 0.9534883720930233, "1": 0.9722222222222222, "2": 0.9722222222222222, "3": 0.9855072463768116, "4": 1.0, "5": 0.9722222222222222, "6": 0.9230769230769231, "7": 0.96, "8": 0.9866666666666667, "9": 0.9333333333333333, "10": 0.9, "11": 0.9777777777777777, "12": 1.0, "13": 0.9512195121951219, "14": 1.0, "15": 0.9565217391304348, "16": 0.975, "17": 1.0, "18": 1.0}, {"0": 0.9767441860465116, "1": 0.9722222222222222, "2": 0.9583333333333334, "3": 0.9855072463768116, "4": 0.9777777777777777, "5": 0.9444444444444444, "6": 0.9743589743589743, "7": 0.96, "8": 0.9733333333333334, "9": 0.9619047619047619, "10": 0.9333333333333333, "11": 0.8666666666666667, "12": 0.9555555555555556, "13": 0.975609756097561, "14": 0.9466666666666667, "15": 0.991304347826087, "16": 0.975, "17": 0.9777777777777777, "18": 1.0}, {"0": 0.9534883720930233, "1": 1.0, "2": 1.0, "3": 0.9710144927536232, "4": 1.0, "5": 1.0, "6": 1.0, "7": 0.96, "8": 1.0, "9": 0.9619047619047619, "10": 1.0, "11": 0.9333333333333333, "12": 0.9777777777777777, "13": 1.0, "14": 0.9866666666666667, "15": 0.9478260869565217, "16": 0.95, "17": 0.9555555555555556, "18": 1.0}, {"0": 1.0, "1": 1.0, "2": 1.0, "3": 1.0, "4": 1.0, "5": 1.0, "6": 1.0, "7": 0.9866666666666667, "8": 1.0, "9": 0.9904761904761905, "10": 0.9333333333333333, "11": 0.9777777777777777, "12": 1.0, "13": 1.0, "14": 1.0, "15": 0.9826086956521739, "16": 0.975, "17": 0.9555555555555556, "18": 1.0}, {"0": 1.0, "1": 1.0, "2": 1.0, "3": 1.0, "4": 1.0, "5": 1.0, "6": 1.0, "7": 1.0, "8": 0.9866666666666667, "9": 0.9904761904761905, "10": 1.0, "11": 1.0, "12": 1.0, "13": 1.0, "14": 1.0, "15": 1.0, "16": 0.975, "17": 1.0, "18": 1.0}], "val_class_acc": [{"0": 0, "1": 0, "2": 0, "3": 0.5, "4": 0.75, "5": 0, "6": 0, "7": 0, "8": 0, "9": 0.4444444444444444, "10": 0, "11": 0, "12": 0.3333333333333333, "13": 1.0, "14": 0, "15": 0, "16": 0, "17": 0, "18": 0.0}, {"0": 0, "1": 0, "2": 0, "3": 0.0, "4": 0.4166666666666667, "5": 0, "6": 0, "7": 0, "8": 0, "9": 0.6111111111111112, "10": 0, "11": 0, "12": 0.0, "13": 0.75, "14": 0, "15": 0, "16": 0, "17": 0, "18": 0.5833333333333334}, {"0": 0, "1": 0, "2": 0, "3": 1.0, "4": 0.25, "5": 0, "6": 0, "7": 0, "8": 0, "9": 0.3888888888888889, "10": 0, "11": 0, "12": 0.25, "13": 0.75, "14": 0, "15": 0, "16": 0, "17": 0, "18": 0.0}, {"0": 0, "1": 0, "2": 0, "3": 1.0, "4": 1.0, "5": 0, "6": 0, "7": 0, "8": 0, "9": 0.9444444444444444, "10": 0, "11": 0, "12": 0.5, "13": 0.75, "14": 0, "15": 0, "16": 0, "17": 0, "18": 0.25}, {"0": 0, "1": 0, "2": 0, "3": 1.0, "4": 1.0, "5": 0, "6": 0, "7": 0, "8": 0, "9": 1.0, "10": 0, "11": 0, "12": 0.3333333333333333, "13": 0.75, "14": 0, "15": 0, "16": 0, "17": 0, "18": 0.8333333333333334}, {"0": 0, "1": 0, "2": 0, "3": 0.9166666666666666, "4": 1.0, "5": 0, "6": 0, "7": 0, "8": 0, "9": 0.6666666666666666, "10": 0, "11": 0, "12": 0.25, "13": 0.75, "14": 0, "15": 0, "16": 0, "17": 0, "18": 0.75}, {"0": 0, "1": 0, "2": 0, "3": 1.0, "4": 1.0, "5": 0, "6": 0, "7": 0, "8": 0, "9": 0.6666666666666666, "10": 0, "11": 0, "12": 0.16666666666666666, "13": 0.75, "14": 0, "15": 0, "16": 0, "17": 0, "18": 0.6666666666666666}, {"0": 0, "1": 0, "2": 0, "3": 1.0, "4": 0.5833333333333334, "5": 0, "6": 0, "7": 0, "8": 0, "9": 0.8333333333333334, "10": 0, "11": 0, "12": 0.25, "13": 0.75, "14": 0, "15": 0, "16": 0, "17": 0, "18": 0.75}, {"0": 0, "1": 0, "2": 0, "3": 1.0, "4": 0.9166666666666666, "5": 0, "6": 0, "7": 0, "8": 0, "9": 0.8888888888888888, "10": 0, "11": 0, "12": 0.25, "13": 0.75, "14": 0, "15": 0, "16": 0, "17": 0, "18": 0.75}, {"0": 0, "1": 0, "2": 0, "3": 1.0, "4": 0.9166666666666666, "5": 0, "6": 0, "7": 0, "8": 0, "9": 0.8333333333333334, "10": 0, "11": 0, "12": 0.25, "13": 0.75, "14": 0, "15": 0, "16": 0, "17": 0, "18": 0.75}], "test_loss": 0.6938103639758101, "test_acc": 0.7941176891326904, "test_class_acc": {"0": 0.8888888888888888, "1": 0.9166666666666666, "2": 0.8333333333333334, "3": 0.75, "4": 1.0, "5": 1.0, "6": 1.0, "7": 0.6666666666666666, "8": 0.6666666666666666, "9": 0.5, "10": 0.5555555555555556, "11": 1.0, "12": 0.8888888888888888, "13": 0.8888888888888888, "14": 1.0, "15": 0.6190476190476191, "16": 1.0, "17": 1.0, "18": 0.5555555555555556}}