{"mean_test_accuracy": 0.9666667282581329, "std_test_accuracy": 0.016666680574417114}