{"mean_test_accuracy": 0.7850877344608307, "std_test_accuracy": 0.0043859779834747314}