{"train_loss": [1.5679165175965089, 0.8598449014695585, 0.5193686563766862, 0.43320202967589927, 0.2709954224659233, 0.21456532810922702, 0.2009572175447221, 0.10644501337125632, 0.04887074836050019, 0.034159081277623383, 0.029620956828041136, 0.026340441985587153, 0.021839083924640432, 0.021123485247504313, 0.01869071342533721], "train_acc": [0.445141077041626, 0.702194333076477, 0.815047025680542, 0.861024022102356, 0.9205851554870605, 0.9278996586799622, 0.9331243634223938, 0.9717868566513062, 0.9843260049819946, 0.9895506501197815, 0.9926854968070984, 0.9937304258346558, 0.9958202838897705, 0.9958202838897705, 0.9947753548622131], "val_loss": [2.1761688331869196, 1.0752269904562497, 0.8092502926122696, 0.9218995073700652, 0.9397002323505713, 1.301754246022612, 1.121700977896624, 0.5381695135312284, 0.4791477248869478, 0.517887990224489, 0.5015526558845279, 0.5140475706660492, 0.5337412061896872, 0.548861711221264, 0.5435262845759404], "val_acc": [0.34224599599838257, 0.6417112350463867, 0.732620358467102, 0.6898396015167236, 0.7540107369422913, 0.625668466091156, 0.5989304780960083, 0.8128342628479004, 0.8074866533279419, 0.8074866533279419, 0.8235294222831726, 0.8235294222831726, 0.8181818127632141, 0.8128342628479004, 0.8128342628479004], "train_class_acc": [{"0": 0.6122448979591837, "1": 0.4722222222222222, "2": 0.6811594202898551, "3": 0.7058823529411765, "4": 0.05555555555555555, "5": 0.05128205128205128, "6": 0.38666666666666666, "7": 0.30666666666666664, "8": 0.19607843137254902, "9": 0.39215686274509803, "10": 0.723404255319149, "11": 0.6266666666666667, "12": 0.30578512396694213, "13": 0.5652173913043478, "14": 0.45098039215686275, "15": 0.5306122448979592}, {"0": 0.7551020408163265, "1": 0.6805555555555556, "2": 0.782608695652174, "3": 0.6666666666666666, "4": 0.5, "5": 0.3333333333333333, "6": 0.72, "7": 0.5066666666666667, "8": 0.7058823529411765, "9": 0.7843137254901961, "10": 0.8936170212765957, "11": 0.7466666666666667, "12": 0.7520661157024794, "13": 0.8695652173913043, "14": 0.6862745098039216, "15": 0.7142857142857143}, {"0": 0.9183673469387755, "1": 0.8333333333333334, "2": 0.8985507246376812, "3": 0.9411764705882353, "4": 0.5555555555555556, "5": 0.2564102564102564, "6": 0.8666666666666667, "7": 0.6666666666666666, "8": 0.8431372549019608, "9": 0.8823529411764706, "10": 0.9574468085106383, "11": 0.84, "12": 0.8429752066115702, "13": 0.8260869565217391, "14": 0.8627450980392157, "15": 0.8163265306122449}, {"0": 0.9183673469387755, "1": 0.8472222222222222, "2": 0.927536231884058, "3": 0.9803921568627451, "4": 0.6944444444444444, "5": 0.28205128205128205, "6": 0.92, "7": 0.7866666666666666, "8": 0.8235294117647058, "9": 0.9019607843137255, "10": 0.9574468085106383, "11": 0.88, "12": 0.8925619834710744, "13": 0.9347826086956522, "14": 0.9019607843137255, "15": 0.8979591836734694}, {"0": 1.0, "1": 0.9027777777777778, "2": 0.927536231884058, "3": 0.9803921568627451, "4": 0.6388888888888888, "5": 0.7692307692307693, "6": 0.96, "7": 0.8133333333333334, "8": 0.9607843137254902, "9": 0.9411764705882353, "10": 0.9574468085106383, "11": 0.9466666666666667, "12": 0.9090909090909091, "13": 1.0, "14": 0.9803921568627451, "15": 0.9795918367346939}, {"0": 0.9795918367346939, "1": 0.9583333333333334, "2": 0.9420289855072463, "3": 1.0, "4": 0.6111111111111112, "5": 0.6410256410256411, "6": 0.9733333333333334, "7": 0.9066666666666666, "8": 0.9411764705882353, "9": 1.0, "10": 1.0, "11": 0.9733333333333334, "12": 0.9173553719008265, "13": 0.9347826086956522, "14": 0.9411764705882353, "15": 0.9387755102040817}, {"0": 0.9387755102040817, "1": 0.9166666666666666, "2": 0.9710144927536232, "3": 0.9803921568627451, "4": 0.8611111111111112, "5": 0.7692307692307693, "6": 0.9466666666666667, "7": 0.9066666666666666, "8": 0.8627450980392157, "9": 0.9215686274509803, "10": 1.0, "11": 0.9866666666666667, "12": 0.9586776859504132, "13": 0.9347826086956522, "14": 0.9215686274509803, "15": 0.9387755102040817}, {"0": 1.0, "1": 0.9861111111111112, "2": 1.0, "3": 1.0, "4": 0.9722222222222222, "5": 0.8461538461538461, "6": 1.0, "7": 0.9066666666666666, "8": 1.0, "9": 0.9607843137254902, "10": 1.0, "11": 0.9866666666666667, "12": 0.9504132231404959, "13": 1.0, "14": 0.9607843137254902, "15": 0.9795918367346939}, {"0": 1.0, "1": 0.9444444444444444, "2": 0.9855072463768116, "3": 0.9803921568627451, "4": 1.0, "5": 0.9230769230769231, "6": 1.0, "7": 0.9466666666666667, "8": 1.0, "9": 1.0, "10": 1.0, "11": 1.0, "12": 1.0, "13": 1.0, "14": 0.9607843137254902, "15": 1.0}, {"0": 1.0, "1": 0.9722222222222222, "2": 1.0, "3": 1.0, "4": 1.0, "5": 0.9230769230769231, "6": 1.0, "7": 0.9733333333333334, "8": 0.9607843137254902, "9": 1.0, "10": 1.0, "11": 1.0, "12": 1.0, "13": 1.0, "14": 0.9803921568627451, "15": 1.0}, {"0": 1.0, "1": 0.9583333333333334, "2": 1.0, "3": 1.0, "4": 1.0, "5": 0.9743589743589743, "6": 1.0, "7": 0.9733333333333334, "8": 1.0, "9": 1.0, "10": 1.0, "11": 1.0, "12": 1.0, "13": 1.0, "14": 0.9803921568627451, "15": 1.0}, {"0": 1.0, "1": 0.9861111111111112, "2": 1.0, "3": 1.0, "4": 1.0, "5": 0.9487179487179487, "6": 1.0, "7": 0.9733333333333334, "8": 0.9803921568627451, "9": 1.0, "10": 1.0, "11": 1.0, "12": 1.0, "13": 1.0, "14": 1.0, "15": 1.0}, {"0": 1.0, "1": 0.9722222222222222, "2": 1.0, "3": 1.0, "4": 1.0, "5": 0.9487179487179487, "6": 1.0, "7": 1.0, "8": 1.0, "9": 1.0, "10": 1.0, "11": 1.0, "12": 1.0, "13": 1.0, "14": 1.0, "15": 1.0}, {"0": 1.0, "1": 0.9861111111111112, "2": 1.0, "3": 1.0, "4": 1.0, "5": 0.9230769230769231, "6": 1.0, "7": 1.0, "8": 1.0, "9": 1.0, "10": 1.0, "11": 1.0, "12": 1.0, "13": 1.0, "14": 1.0, "15": 1.0}, {"0": 1.0, "1": 0.9861111111111112, "2": 1.0, "3": 1.0, "4": 1.0, "5": 0.9743589743589743, "6": 1.0, "7": 0.9866666666666667, "8": 0.9803921568627451, "9": 1.0, "10": 1.0, "11": 1.0, "12": 1.0, "13": 0.9782608695652174, "14": 1.0, "15": 1.0}], "val_class_acc": [{"0": 0.16666666666666666, "1": 0.25, "2": 0.16666666666666666, "3": 1.0, "4": 0.5, "5": 0.0, "6": 0.0, "7": 0.0, "8": 0.0, "9": 0.5833333333333334, "10": 0.75, "11": 0.5833333333333334, "12": 0.13636363636363635, "13": 0.0, "14": 0.5833333333333334, "15": 0.75}, {"0": 0.9166666666666666, "1": 0.6666666666666666, "2": 1.0, "3": 1.0, "4": 1.0, "5": 0.0, "6": 0.16666666666666666, "7": 0.6666666666666666, "8": 0.5, "9": 0.3333333333333333, "10": 0.75, "11": 0.8333333333333334, "12": 0.45454545454545453, "13": 0.4444444444444444, "14": 1.0, "15": 0.5}, {"0": 1.0, "1": 0.5833333333333334, "2": 1.0, "3": 1.0, "4": 1.0, "5": 0.0, "6": 0.5, "7": 0.6666666666666666, "8": 0.5, "9": 0.4166666666666667, "10": 0.75, "11": 0.8333333333333334, "12": 0.7272727272727273, "13": 1.0, "14": 1.0, "15": 0.5833333333333334}, {"0": 1.0, "1": 0.8333333333333334, "2": 1.0, "3": 0.6666666666666666, "4": 1.0, "5": 0.0, "6": 0.5, "7": 0.8333333333333334, "8": 0.16666666666666666, "9": 0.16666666666666666, "10": 0.6666666666666666, "11": 0.6666666666666666, "12": 0.7727272727272727, "13": 0.6666666666666666, "14": 1.0, "15": 0.8333333333333334}, {"0": 1.0, "1": 0.75, "2": 1.0, "3": 0.5, "4": 1.0, "5": 0.5, "6": 0.9166666666666666, "7": 0.8333333333333334, "8": 0.6666666666666666, "9": 0.3333333333333333, "10": 0.9166666666666666, "11": 0.75, "12": 0.5454545454545454, "13": 1.0, "14": 1.0, "15": 0.5833333333333334}, {"0": 1.0, "1": 0.9166666666666666, "2": 0.75, "3": 0.4166666666666667, "4": 0.0, "5": 0.16666666666666666, "6": 0.5833333333333334, "7": 0.3333333333333333, "8": 0.5, "9": 0.4166666666666667, "10": 0.75, "11": 0.8333333333333334, "12": 0.5454545454545454, "13": 0.3333333333333333, "14": 0.9166666666666666, "15": 1.0}, {"0": 0.3333333333333333, "1": 0.6666666666666666, "2": 1.0, "3": 0.4166666666666667, "4": 0.0, "5": 1.0, "6": 0.6666666666666666, "7": 0.0, "8": 0.6666666666666666, "9": 0.0, "10": 0.9166666666666666, "11": 0.5833333333333334, "12": 0.7272727272727273, "13": 1.0, "14": 0.5, "15": 1.0}, {"0": 1.0, "1": 0.75, "2": 1.0, "3": 0.6666666666666666, "4": 0.5, "5": 1.0,