{"train_loss": [1.4258989044615966, 0.7082387714052151, 0.5204748545492082, 0.4334185887653626, 0.33034465616897857, 0.2226843836414652, 0.1454261807314156, 0.09567068134168846, 0.07448874521404972, 0.12733939665300595, 0.18963482146430663, 0.14986230838603984, 0.05397020953794009, 0.017665721866318738, 0.014814410153328749], "train_acc": [0.5151515007019043, 0.7481713891029358, 0.8181818127632141, 0.8443050980567932, 0.8934169411659241, 0.931034505367279, 0.954023003578186, 0.9749216437339783, 0.977011501789093, 0.9613375067710876, 0.9487982988357544, 0.9592476487159729, 0.9874607920646667, 0.9968652129173279, 0.9979101419448853], "val_loss": [1.5271695710439732, 1.0982755183536101, 0.9880560717301413, 1.5634026414251583, 0.7621825777820964, 0.9313496451645611, 0.9275187309333347, 0.7465131292966279, 1.032363619364021, 1.0258146786594136, 0.9321687411576669, 1.0943986874939349, 0.6171213777805554, 0.5725693479379549, 0.6006898139827551], "val_acc": [0.5508021712303162, 0.6417112350463867, 0.6844919919967651, 0.5614973306655884, 0.7486631274223328, 0.7272727489471436, 0.732620358467102, 0.7967914342880249, 0.7379679083824158, 0.732620358467102, 0.732620358467102, 0.732620358467102, 0.8021390438079834, 0.8235294222831726, 0.8021390438079834], "train_class_acc": [{"0": 0.7142857142857143, "1": 0.5277777777777778, "2": 0.5942028985507246, "3": 0.7058823529411765, "4": 0.19444444444444445, "5": 0.20512820512820512, "6": 0.6133333333333333, "7": 0.28, "8": 0.2549019607843137, "9": 0.45098039215686275, "10": 0.6382978723404256, "11": 0.6933333333333334, "12": 0.5289256198347108, "13": 0.6304347826086957, "14": 0.4117647058823529, "15": 0.5918367346938775}, {"0": 0.9183673469387755, "1": 0.6944444444444444, "2": 0.8695652173913043, "3": 0.8823529411764706, "4": 0.3888888888888889, "5": 0.1282051282051282, "6": 0.76, "7": 0.56, "8": 0.7058823529411765, "9": 0.7450980392156863, "10": 0.9574468085106383, "11": 0.8933333333333333, "12": 0.7603305785123967, "13": 0.8913043478260869, "14": 0.7647058823529411, "15": 0.8163265306122449}, {"0": 0.9183673469387755, "1": 0.7083333333333334, "2": 0.8985507246376812, "3": 0.9607843137254902, "4": 0.4166666666666667, "5": 0.3076923076923077, "6": 0.8933333333333333, "7": 0.6266666666666667, "8": 0.8823529411764706, "9": 0.8627450980392157, "10": 0.9574468085106383, "11": 0.8666666666666667, "12": 0.8512396694214877, "13": 0.9782608695652174, "14": 0.9215686274509803, "15": 0.8367346938775511}, {"0": 0.8979591836734694, "1": 0.75, "2": 0.927536231884058, "3": 0.9019607843137255, "4": 0.4166666666666667, "5": 0.2564102564102564, "6": 0.8933333333333333, "7": 0.7866666666666666, "8": 0.8823529411764706, "9": 0.9019607843137255, "10": 0.9787234042553191, "11": 0.9333333333333333, "12": 0.8760330578512396, "13": 0.9130434782608695, "14": 0.9215686274509803, "15": 0.9591836734693877}, {"0": 0.9795918367346939, "1": 0.875, "2": 0.9565217391304348, "3": 0.9607843137254902, "4": 0.6944444444444444, "5": 0.41025641025641024, "6": 0.96, "7": 0.8533333333333334, "8": 0.8627450980392157, "9": 0.8431372549019608, "10": 0.9574468085106383, "11": 0.9866666666666667, "12": 0.9173553719008265, "13": 0.9347826086956522, "14": 0.9411764705882353, "15": 0.8979591836734694}, {"0": 1.0, "1": 0.8611111111111112, "2": 0.927536231884058, "3": 1.0, "4": 0.6388888888888888, "5": 0.6153846153846154, "6": 0.96, "7": 0.8933333333333333, "8": 0.9411764705882353, "9": 0.9803921568627451, "10": 1.0, "11": 1.0, "12": 0.9752066115702479, "13": 0.9565217391304348, "14": 0.9607843137254902, "15": 0.9795918367346939}, {"0": 1.0, "1": 0.875, "2": 0.9565217391304348, "3": 1.0, "4": 0.75, "5": 0.8205128205128205, "6": 0.9733333333333334, "7": 0.8933333333333333, "8": 0.9607843137254902, "9": 1.0, "10": 1.0, "11": 1.0, "12": 0.9834710743801653, "13": 0.9782608695652174, "14": 0.9803921568627451, "15": 1.0}, {"0": 1.0, "1": 0.9305555555555556, "2": 0.9565217391304348, "3": 1.0, "4": 0.9166666666666666, "5": 0.8974358974358975, "6": 0.9733333333333334, "7": 0.9733333333333334, "8": 1.0, "9": 1.0, "10": 1.0, "11": 1.0, "12": 0.9752066115702479, "13": 0.9565217391304348, "14": 1.0, "15": 1.0}, {"0": 0.9795918367346939, "1": 0.9305555555555556, "2": 0.9710144927536232, "3": 0.9803921568627451, "4": 0.9166666666666666, "5": 0.9230769230769231, "6": 1.0, "7": 0.9466666666666667, "8": 1.0, "9": 1.0, "10": 1.0, "11": 1.0, "12": 0.9752066115702479, "13": 1.0, "14": 1.0, "15": 1.0}, {"0": 1.0, "1": 0.9305555555555556, "2": 0.9420289855072463, "3": 1.0, "4": 0.9444444444444444, "5": 0.7948717948717948, "6": 0.9733333333333334, "7": 0.8666666666666667, "8": 1.0, "9": 0.9803921568627451, "10": 1.0, "11": 1.0, "12": 0.9834710743801653, "13": 0.9782608695652174, "14": 1.0, "15": 0.9591836734693877}, {"0": 1.0, "1": 0.8888888888888888, "2": 0.9710144927536232, "3": 1.0, "4": 0.9722222222222222, "5": 0.8974358974358975, "6": 0.9466666666666667, "7": 0.92, "8": 0.8823529411764706, "9": 0.9607843137254902, "10": 0.9574468085106383, "11": 0.9333333333333333, "12": 0.9504132231404959, "13": 1.0, "14": 0.9607843137254902, "15": 0.9795918367346939}, {"0": 1.0, "1": 0.9722222222222222, "2": 0.9420289855072463, "3": 0.9803921568627451, "4": 0.8333333333333334, "5": 0.8974358974358975, "6": 1.0, "7": 0.9866666666666667, "8": 0.9411764705882353, "9": 0.9803921568627451, "10": 0.9787234042553191, "11": 0.9466666666666667, "12": 0.9669421487603306, "13": 0.9782608695652174, "14": 0.9411764705882353, "15": 0.9183673469387755}, {"0": 1.0, "1": 0.9861111111111112, "2": 0.9710144927536232, "3": 1.0, "4": 1.0, "5": 1.0, "6": 1.0, "7": 0.9866666666666667, "8": 0.9607843137254902, "9": 1.0, "10": 1.0, "11": 1.0, "12": 1.0, "13": 0.9782608695652174, "14": 1.0, "15": 0.8979591836734694}, {"0": 1.0, "1": 1.0, "2": 1.0, "3": 1.0, "4": 1.0, "5": 0.9743589743589743, "6": 1.0, "7": 0.9866666666666667, "8": 1.0, "9": 1.0, "10": 1.0, "11": 1.0, "12": 1.0, "13": 0.9782608695652174, "14": 1.0, "15": 1.0}, {"0": 1.0, "1": 0.9861111111111112, "2": 1.0, "3": 1.0, "4": 0.9722222222222222, "5": 1.0, "6": 1.0, "7": 1.0, "8": 1.0, "9": 1.0, "10": 1.0, "11": 1.0, "12": 1.0, "13": 1.0, "14": 1.0, "15": 1.0}], "val_class_acc": [{"0": 0.8333333333333334, "1": 0.75, "2": 1.0, "3": 0.75, "4": 1.0, "5": 0.0, "6": 0.16666666666666666, "7": 0.0, "8": 0.8333333333333334, "9": 0.0, "10": 0.75, "11": 0.75, "12": 0.5, "13": 1.0, "14": 0.3333333333333333, "15": 0.25}, {"0": 0.9166666666666666, "1": 0.9166666666666666, "2": 1.0, "3": 0.9166666666666666, "4": 0.0, "5": 0.3333333333333333, "6": 0.6666666666666666, "7": 0.5833333333333334, "8": 0.08333333333333333, "9": 0.5, "10": 0.75, "11": 1.0, "12": 0.5454545454545454, "13": 0.6666666666666666, "14": 1.0, "15": 0.0}, {"0": 1.0, "1": 0.5833333333333334, "2": 1.0, "3": 0.75, "4": 0.0, "5": 0.0, "6": 0.8333333333333334, "7": 0.5833333333333334, "8": 0.3333333333333333, "9": 0.3333333333333333, "10": 0.75, "11": 1.0, "12": 0.5, "13": 0.8888888888888888, "14": 0.9166666666666666, "15": 1.0}, {"0": 0.9166666666666666, "1": 0.8333333333333334, "2": 1.0, "3": 0.4166666666666667, "4": 0.5, "5": 0.8333333333333334, "6": 0.6666666666666666, "7": 0.0, "8": 0.3333333333333333, "9": 0.0, "10": 0.5833333333333334, "11": 1.0, "12": 0.45454545454545453, "13": 0.6666666666666666, "14": 1.0, "15": 0.0}, {"0": 1.0, "1": 0.9166666666666666, "2": 1.0, "3": 0.75, "4": 0.0, "5": 1.0, "6": 0.4166666666666667, "7": 0.75, "8": 0.5, "9": 0.75, "10": 0.75, "11": 1.0, "12": 0.6363636363636364, "13": 0.6666666666666666, "14": 0.6666666666666666, "15": 1.0}, {"0": 0.9166666666666666, "1": 0.5833333333333334, "2": 1.0, "3": 0.8333333333333334, "4": 0.5, "5": 0.5, "6": 0.5833333333333334, "7": 0.25, "8": 0.5833333333333334, "9": 0.8333333333333334, "10": 0.5, "11": 1.0, "12": 0.7727272727272727, "13": 1.0, "14": 0.5833333333333334, "15": 1.0}, {"0": 1.0, "1": 0.8333333333333334, "2": 1.0, "3": 1.0, "4": 1.0, "5": 0.3333333333333333, "6": 0.25, "7": 0.5833333333333334, "8": 0.4166666666666667,