{"mean_test_accuracy": 0.662393182516098, "std_test_accuracy": 0.038461536169052124}