{"mean_test_accuracy": 0.8870967626571655, "std_test_accuracy": 0.11290323734283447}