{"train_loss": [1.2828039370141588, 0.5941029540053359, 0.44500306420498065, 0.2693449207657092, 0.1038831875533671, 0.1179010082271185, 0.09624886540947734, 0.07647192146931146, 0.11279724088606534, 0.09660872558282839], "train_acc": [0.5954955220222473, 0.8144144415855408, 0.8666666746139526, 0.9198198318481445, 0.9738738536834717, 0.9675675630569458, 0.9738738536834717, 0.9747747778892517, 0.9711712002754211, 0.9693693518638611], "val_loss": [1.2049833566714556, 1.340716643211169, 1.3741347338908758, 1.0727294102693214, 1.399413594068625, 1.192979545165331, 1.075143072849665, 0.9271298830325787, 0.8398103041526599, 1.280469713302759], "val_acc": [0.6410256624221802, 0.6794871687889099, 0.7051281929016113, 0.7051281929016113, 0.7307692170143127, 0.807692289352417, 0.7564102411270142, 0.7435897588729858, 0.8461538553237915, 0.7435897588729858], "train_class_acc": [{"0": 0.5813953488372093, "1": 0.8333333333333334, "2": 0.6944444444444444, "3": 0.6956521739130435, "4": 0.7111111111111111, "5": 0.5, "6": 0.5897435897435898, "7": 0.7333333333333333, "8": 0.68, "9": 0.5142857142857142, "10": 0.03333333333333333, "11": 0.26666666666666666, "12": 0.28888888888888886, "13": 0.5853658536585366, "14": 0.84, "15": 0.6086956521739131, "16": 0.725, "17": 0.26666666666666666, "18": 0.4883720930232558}, {"0": 0.9069767441860465, "1": 0.9027777777777778, "2": 0.875, "3": 0.8695652173913043, "4": 0.9555555555555556, "5": 0.8888888888888888, "6": 0.7692307692307693, "7": 0.88, "8": 0.92, "9": 0.6476190476190476, "10": 0.5333333333333333, "11": 0.6666666666666666, "12": 0.7111111111111111, "13": 0.8780487804878049, "14": 0.9333333333333333, "15": 0.7478260869565218, "16": 0.925, "17": 0.6444444444444445, "18": 0.7674418604651163}, {"0": 0.8372093023255814, "1": 0.9583333333333334, "2": 0.8055555555555556, "3": 0.8695652173913043, "4": 0.8888888888888888, "5": 0.9166666666666666, "6": 0.8974358974358975, "7": 0.9733333333333334, "8": 0.8666666666666667, "9": 0.7904761904761904, "10": 0.6333333333333333, "11": 0.8222222222222222, "12": 0.7555555555555555, "13": 0.8780487804878049, "14": 0.9466666666666667, "15": 0.9130434782608695, "16": 0.925, "17": 0.8, "18": 0.813953488372093}, {"0": 0.9069767441860465, "1": 0.9722222222222222, "2": 0.9027777777777778, "3": 0.8985507246376812, "4": 1.0, "5": 0.9166666666666666, "6": 0.8717948717948718, "7": 0.9866666666666667, "8": 0.96, "9": 0.8666666666666667, "10": 0.8, "11": 0.8222222222222222, "12": 0.7777777777777778, "13": 0.9512195121951219, "14": 0.9733333333333334, "15": 0.9478260869565217, "16": 0.975, "17": 0.8666666666666667, "18": 0.9534883720930233}, {"0": 0.9767441860465116, "1": 1.0, "2": 1.0, "3": 0.9710144927536232, "4": 0.9777777777777777, "5": 0.9722222222222222, "6": 0.9230769230769231, "7": 1.0, "8": 0.9733333333333334, "9": 0.9714285714285714, "10": 0.9666666666666667, "11": 0.9333333333333333, "12": 0.9111111111111111, "13": 1.0, "14": 0.9733333333333334, "15": 0.991304347826087, "16": 0.975, "17": 0.9555555555555556, "18": 0.9534883720930233}, {"0": 0.9534883720930233, "1": 0.9861111111111112, "2": 1.0, "3": 0.9855072463768116, "4": 1.0, "5": 0.9722222222222222, "6": 0.9743589743589743, "7": 0.96, "8": 0.9866666666666667, "9": 0.9047619047619048, "10": 0.9, "11": 0.9333333333333333, "12": 0.9777777777777777, "13": 1.0, "14": 1.0, "15": 0.9478260869565217, "16": 0.975, "17": 0.9555555555555556, "18": 1.0}, {"0": 0.9534883720930233, "1": 0.9861111111111112, "2": 1.0, "3": 0.9855072463768116, "4": 1.0, "5": 1.0, "6": 0.9487179487179487, "7": 0.96, "8": 0.9866666666666667, "9": 0.9523809523809523, "10": 0.9333333333333333, "11": 0.9555555555555556, "12": 1.0, "13": 0.975609756097561, "14": 0.9866666666666667, "15": 0.9739130434782609, "16": 0.975, "17": 0.9555555555555556, "18": 0.9534883720930233}, {"0": 1.0, "1": 0.9861111111111112, "2": 0.9861111111111112, "3": 1.0, "4": 1.0, "5": 0.9722222222222222, "6": 1.0, "7": 0.9866666666666667, "8": 1.0, "9": 0.9809523809523809, "10": 1.0, "11": 0.8444444444444444, "12": 1.0, "13": 1.0, "14": 1.0, "15": 1.0, "16": 0.925, "17": 0.8222222222222222, "18": 0.9069767441860465}, {"0": 0.9767441860465116, "1": 0.9861111111111112, "2": 0.9583333333333334, "3": 1.0, "4": 1.0, "5": 1.0, "6": 1.0, "7": 0.9733333333333334, "8": 0.9733333333333334, "9": 0.9714285714285714, "10": 0.9666666666666667, "11": 0.9555555555555556, "12": 0.9333333333333333, "13": 0.975609756097561, "14": 1.0, "15": 0.9217391304347826, "16": 1.0, "17": 0.9333333333333333, "18": 0.9767441860465116}, {"0": 1.0, "1": 0.9861111111111112, "2": 0.9305555555555556, "3": 0.9855072463768116, "4": 1.0, "5": 1.0, "6": 1.0, "7": 0.96, "8": 0.9466666666666667, "9": 0.9619047619047619, "10": 0.9666666666666667, "11": 0.9555555555555556, "12": 0.9555555555555556, "13": 0.926829268292683, "14": 0.9733333333333334, "15": 0.9565217391304348, "16": 0.975, "17": 1.0, "18": 1.0}], "val_class_acc": [{"0": 0, "1": 0, "2": 0, "3": 0.5, "4": 1.0, "5": 0, "6": 0, "7": 0, "8": 0, "9": 0.5555555555555556, "10": 0, "11": 0, "12": 0.3333333333333333, "13": 0.6666666666666666, "14": 0, "15": 0, "16": 0, "17": 0, "18": 0.8333333333333334}, {"0": 0, "1": 0, "2": 0, "3": 1.0, "4": 0.9166666666666666, "5": 0, "6": 0, "7": 0, "8": 0, "9": 0.5555555555555556, "10": 0, "11": 0, "12": 0.25, "13": 0.6666666666666666, "14": 0, "15": 0, "16": 0, "17": 0, "18": 0.75}, {"0": 0, "1": 0, "2": 0, "3": 1.0, "4": 1.0, "5": 0, "6": 0, "7": 0, "8": 0, "9": 0.5, "10": 0, "11": 0, "12": 0.16666666666666666, "13": 0.6666666666666666, "14": 0, "15": 0, "16": 0, "17": 0, "18": 1.0}, {"0": 0, "1": 0, "2": 0, "3": 0.75, "4": 1.0, "5": 0, "6": 0, "7": 0, "8": 0, "9": 0.8888888888888888, "10": 0, "11": 0, "12": 0.3333333333333333, "13": 0.6666666666666666, "14": 0, "15": 0, "16": 0, "17": 0, "18": 0.5}, {"0": 0, "1": 0, "2": 0, "3": 1.0, "4": 0.9166666666666666, "5": 0, "6": 0, "7": 0, "8": 0, "9": 0.6111111111111112, "10": 0, "11": 0, "12": 0.3333333333333333, "13": 0.6666666666666666, "14": 0, "15": 0, "16": 0, "17": 0, "18": 0.9166666666666666}, {"0": 0, "1": 0, "2": 0, "3": 1.0, "4": 1.0, "5": 0, "6": 0, "7": 0, "8": 0, "9": 0.9444444444444444, "10": 0, "11": 0, "12": 0.4166666666666667, "13": 0.6666666666666666, "14": 0, "15": 0, "16": 0, "17": 0, "18": 0.75}, {"0": 0, "1": 0, "2": 0, "3": 0.75, "4": 1.0, "5": 0, "6": 0, "7": 0, "8": 0, "9": 0.7222222222222222, "10": 0, "11": 0, "12": 0.4166666666666667, "13": 0.75, "14": 0, "15": 0, "16": 0, "17": 0, "18": 0.9166666666666666}, {"0": 0, "1": 0, "2": 0, "3": 1.0, "4": 1.0, "5": 0, "6": 0, "7": 0, "8": 0, "9": 0.6666666666666666, "10": 0, "11": 0, "12": 0.5833333333333334, "13": 0.75, "14": 0, "15": 0, "16": 0, "17": 0, "18": 0.5}, {"0": 0, "1": 0, "2": 0, "3": 1.0, "4": 1.0, "5": 0, "6": 0, "7": 0, "8": 0, "9": 1.0, "10": 0, "11": 0, "12": 0.4166666666666667, "13": 0.75, "14": 0, "15": 0, "16": 0, "17": 0, "18": 0.8333333333333334}, {"0": 0, "1": 0, "2": 0, "3": 1.0, "4": 0.5833333333333334, "5": 0, "6": 0, "7": 0, "8": 0, "9": 0.7222222222222222, "10": 0, "11": 0, "12": 0.5, "13": 0.75, "14": 0, "15": 0, "16": 0, "17": 0, "18": 0.9166666666666666}], "test_loss": 0.9678122456751618, "test_acc": 0.779411792755127, "test_class_acc": {"0": 1.0, "1": 1.0, "2": 0.8333333333333334, "3": 0.6666666666666666, "4": 1.0, "5": 0.8333333333333334, "6": 1.0, "7": 0.75, "8": 1.0, "9": 0.7777777777777778, "10": 0.2222222222222222, "11": 0.2222222222222222, "12": 0.8888888888888888, "13": 1.0, "14": 0.6666666666666666, "15": 0.7142857142857143, "16": 0.7777777777777778, "17": 1.0, "18": 0.5555555555555556}}