{"train_loss": [1.0897629641879305, 0.5173940435464464], "train_acc": [0.6323366761207581, 0.8283499479293823], "val_loss": [1.5592793146769206, 1.538925306002299], "val_acc": [0.6000000238418579, 0.6000000238418579], "train_class_acc": [{"0": 0.6976744186046512, "1": 0.7777777777777778, "2": 0.7246376811594203, "3": 0.7333333333333333, "4": 0.5833333333333334, "5": 0.41025641025641024, "6": 0.72, "7": 0.7733333333333333, "8": 0.35555555555555557, "9": 0.3111111111111111, "10": 0.7804878048780488, "11": 0.7866666666666666, "12": 0.5391304347826087, "13": 0.7, "14": 0.35555555555555557, "15": 0.6046511627906976}, {"0": 0.8604651162790697, "1": 0.9305555555555556, "2": 0.8405797101449275, "3": 0.9777777777777777, "4": 0.75, "5": 0.6666666666666666, "6": 0.92, "7": 0.8133333333333334, "8": 0.6444444444444445, "9": 0.6, "10": 0.926829268292683, "11": 0.9733333333333334, "12": 0.8695652173913043, "13": 0.825, "14": 0.5333333333333333, "15": 0.813953488372093}], "val_class_acc": [{"0": 0, "1": 0, "2": 0.3333333333333333, "3": 1.0, "4": 0, "5": 0, "6": 0, "7": 0, "8": 0, "9": 0.16666666666666666, "10": 0.75, "11": 0, "12": 0, "13": 0, "14": 0, "15": 0.75}, {"0": 0, "1": 0, "2": 1.0, "3": 0.9166666666666666, "4": 0, "5": 0, "6": 0, "7": 0, "8": 0, "9": 0.25, "10": 0.8333333333333334, "11": 0, "12": 0, "13": 0, "14": 0, "15": 0.0}], "test_loss": 1.5004409902475098, "test_acc": 0.581818163394928, "test_class_acc": {"0": 0.1111111111111111, "1": 1.0, "2": 0.08333333333333333, "3": 1.0, "4": 0.8333333333333334, "5": 0.5, "6": 0.6666666666666666, "7": 0.75, "8": 0.0, "9": 0.6666666666666666, "10": 0.8888888888888888, "11": 0.5833333333333334, "12": 0.5238095238095238, "13": 0.7777777777777778, "14": 0.1111111111111111, "15": 0.8888888888888888}}