{"train_loss": [1.3251184051101272, 0.5182925936338064, 0.38111508161098034, 0.27129770936192693, 0.1678921457078006, 0.11912940555327647, 0.0903829977654659, 0.07974380718225295, 0.06989792642091308, 0.10522278457678653], "train_acc": [0.570270299911499, 0.8477477431297302, 0.8864864706993103, 0.9216216206550598, 0.9558558464050293, 0.9675675630569458, 0.9720720648765564, 0.9783783555030823, 0.9819819927215576, 0.9657657742500305], "val_loss": [2.082467250334911, 2.9865493529882188, 1.6525302162537208, 1.161971006829005, 1.9245787033667932, 1.222417747363066, 1.0817811901752765, 1.4598788603758202, 1.2314686148594587, 1.4723538679954333], "val_acc": [0.44871795177459717, 0.3205128312110901, 0.6025640964508057, 0.7564102411270142, 0.6410256624221802, 0.7179487347602844, 0.7692307829856873, 0.7051281929016113, 0.7307692170143127, 0.7051281929016113], "train_class_acc": [{"0": 0.6046511627906976, "1": 0.7222222222222222, "2": 0.6666666666666666, "3": 0.7391304347826086, "4": 0.7555555555555555, "5": 0.5, "6": 0.358974358974359, "7": 0.64, "8": 0.6, "9": 0.44761904761904764, "10": 0.06666666666666667, "11": 0.4666666666666667, "12": 0.4222222222222222, "13": 0.5609756097560976, "14": 0.84, "15": 0.5565217391304348, "16": 0.6, "17": 0.28888888888888886, "18": 0.4883720930232558}, {"0": 0.8837209302325582, "1": 0.9722222222222222, "2": 0.875, "3": 0.8985507246376812, "4": 1.0, "5": 0.7222222222222222, "6": 0.8205128205128205, "7": 0.8933333333333333, "8": 0.8533333333333334, "9": 0.7047619047619048, "10": 0.7333333333333333, "11": 0.7555555555555555, "12": 0.7111111111111111, "13": 0.926829268292683, "14": 0.9866666666666667, "15": 0.808695652173913, "16": 0.95, "17": 0.8222222222222222, "18": 0.7441860465116279}, {"0": 0.9302325581395349, "1": 0.9444444444444444, "2": 0.9305555555555556, "3": 0.9420289855072463, "4": 1.0, "5": 0.8611111111111112, "6": 0.7692307692307693, "7": 0.88, "8": 0.8533333333333334, "9": 0.7714285714285715, "10": 0.8, "11": 0.9111111111111111, "12": 0.8222222222222222, "13": 0.926829268292683, "14": 0.9866666666666667, "15": 0.8608695652173913, "16": 0.95, "17": 0.8, "18": 0.9302325581395349}, {"0": 0.9302325581395349, "1": 0.9861111111111112, "2": 0.8888888888888888, "3": 0.9420289855072463, "4": 0.9333333333333333, "5": 0.9722222222222222, "6": 0.8974358974358975, "7": 0.9466666666666667, "8": 0.92, "9": 0.8476190476190476, "10": 0.7333333333333333, "11": 0.9555555555555556, "12": 0.8444444444444444, "13": 1.0, "14": 0.9466666666666667, "15": 0.9478260869565217, "16": 0.925, "17": 0.8888888888888888, "18": 0.9534883720930233}, {"0": 1.0, "1": 0.9861111111111112, "2": 0.9722222222222222, "3": 0.9710144927536232, "4": 1.0, "5": 0.9722222222222222, "6": 0.9487179487179487, "7": 0.9733333333333334, "8": 0.92, "9": 0.9238095238095239, "10": 0.9, "11": 0.9333333333333333, "12": 0.9777777777777777, "13": 1.0, "14": 1.0, "15": 0.9391304347826087, "16": 0.95, "17": 0.8222222222222222, "18": 0.9767441860465116}, {"0": 1.0, "1": 0.9861111111111112, "2": 0.9722222222222222, "3": 0.9710144927536232, "4": 0.9777777777777777, "5": 0.9722222222222222, "6": 0.9743589743589743, "7": 0.9866666666666667, "8": 0.9066666666666666, "9": 0.9428571428571428, "10": 0.8666666666666667, "11": 1.0, "12": 1.0, "13": 0.975609756097561, "14": 0.96, "15": 0.9652173913043478, "16": 0.975, "17": 0.9777777777777777, "18": 1.0}, {"0": 0.9767441860465116, "1": 0.9861111111111112, "2": 0.9583333333333334, "3": 0.9710144927536232, "4": 1.0, "5": 1.0, "6": 0.9743589743589743, "7": 1.0, "8": 0.9733333333333334, "9": 0.9428571428571428, "10": 0.9333333333333333, "11": 0.9111111111111111, "12": 0.9555555555555556, "13": 1.0, "14": 1.0, "15": 0.9652173913043478, "16": 0.975, "17": 0.9777777777777777, "18": 0.9767441860465116}, {"0": 1.0, "1": 1.0, "2": 0.9861111111111112, "3": 0.9565217391304348, "4": 1.0, "5": 0.9166666666666666, "6": 0.9743589743589743, "7": 1.0, "8": 0.96, "9": 0.9619047619047619, "10": 0.9666666666666667, "11": 1.0, "12": 1.0, "13": 1.0, "14": 1.0, "15": 0.991304347826087, "16": 0.925, "17": 0.9777777777777777, "18": 0.9302325581395349}, {"0": 1.0, "1": 0.9861111111111112, "2": 0.9861111111111112, "3": 1.0, "4": 1.0, "5": 1.0, "6": 1.0, "7": 0.9866666666666667, "8": 0.96, "9": 1.0, "10": 1.0, "11": 0.9555555555555556, "12": 0.9333333333333333, "13": 1.0, "14": 1.0, "15": 0.9826086956521739, "16": 0.975, "17": 0.8666666666666667, "18": 1.0}, {"0": 1.0, "1": 1.0, "2": 0.9444444444444444, "3": 1.0, "4": 0.9777777777777777, "5": 0.9722222222222222, "6": 0.9487179487179487, "7": 1.0, "8": 0.9866666666666667, "9": 0.9619047619047619, "10": 1.0, "11": 0.8444444444444444, "12": 0.8222222222222222, "13": 1.0, "14": 1.0, "15": 0.9652173913043478, "16": 0.975, "17": 0.9111111111111111, "18": 0.9767441860465116}], "val_class_acc": [{"0": 0, "1": 0, "2": 0, "3": 0.5833333333333334, "4": 1.0, "5": 0, "6": 0, "7": 0, "8": 0, "9": 0.3333333333333333, "10": 0, "11": 0, "12": 0.4166666666666667, "13": 0.4166666666666667, "14": 0, "15": 0, "16": 0, "17": 0, "18": 0.0}, {"0": 0, "1": 0, "2": 0, "3": 0.3333333333333333, "4": 0.0, "5": 0, "6": 0, "7": 0, "8": 0, "9": 0.9444444444444444, "10": 0, "11": 0, "12": 0.16666666666666666, "13": 0.16666666666666666, "14": 0, "15": 0, "16": 0, "17": 0, "18": 0.0}, {"0": 0, "1": 0, "2": 0, "3": 1.0, "4": 0.8333333333333334, "5": 0, "6": 0, "7": 0, "8": 0, "9": 0.3333333333333333, "10": 0, "11": 0, "12": 0.08333333333333333, "13": 0.5, "14": 0, "15": 0, "16": 0, "17": 0, "18": 1.0}, {"0": 0, "1": 0, "2": 0, "3": 1.0, "4": 1.0, "5": 0, "6": 0, "7": 0, "8": 0, "9": 0.6111111111111112, "10": 0, "11": 0, "12": 0.5, "13": 0.75, "14": 0, "15": 0, "16": 0, "17": 0, "18": 0.75}, {"0": 0, "1": 0, "2": 0, "3": 0.9166666666666666, "4": 0.5833333333333334, "5": 0, "6": 0, "7": 0, "8": 0, "9": 0.8333333333333334, "10": 0, "11": 0, "12": 0.0, "13": 0.75, "14": 0, "15": 0, "16": 0, "17": 0, "18": 0.6666666666666666}, {"0": 0, "1": 0, "2": 0, "3": 1.0, "4": 1.0, "5": 0, "6": 0, "7": 0, "8": 0, "9": 0.6666666666666666, "10": 0, "11": 0, "12": 0.5, "13": 0.75, "14": 0, "15": 0, "16": 0, "17": 0, "18": 0.4166666666666667}, {"0": 0, "1": 0, "2": 0, "3": 1.0, "4": 1.0, "5": 0, "6": 0, "7": 0, "8": 0, "9": 0.7222222222222222, "10": 0, "11": 0, "12": 0.25, "13": 0.75, "14": 0, "15": 0, "16": 0, "17": 0, "18": 0.9166666666666666}, {"0": 0, "1": 0, "2": 0, "3": 1.0, "4": 0.8333333333333334, "5": 0, "6": 0, "7": 0, "8": 0, "9": 0.7222222222222222, "10": 0, "11": 0, "12": 0.16666666666666666, "13": 0.75, "14": 0, "15": 0, "16": 0, "17": 0, "18": 0.75}, {"0": 0, "1": 0, "2": 0, "3": 1.0, "4": 1.0, "5": 0, "6": 0, "7": 0, "8": 0, "9": 0.7222222222222222, "10": 0, "11": 0, "12": 0.5, "13": 0.75, "14": 0, "15": 0, "16": 0, "17": 0, "18": 0.4166666666666667}, {"0": 0, "1": 0, "2": 0, "3": 1.0, "4": 0.9166666666666666, "5": 0, "6": 0, "7": 0, "8": 0, "9": 0.6111111111111112, "10": 0, "11": 0, "12": 0.25, "13": 0.75, "14": 0, "15": 0, "16": 0, "17": 0, "18": 0.75}], "test_loss": 0.5907383326352026, "test_acc": 0.8235294222831726, "test_class_acc": {"0": 1.0, "1": 0.9166666666666666, "2": 1.0, "3": 0.8333333333333334, "4": 1.0, "5": 0.6666666666666666, "6": 1.0, "7": 0.8333333333333334, "8": 0.75, "9": 0.6666666666666666, "10": 0.1111111111111111, "11": 1.0, "12": 0.4444444444444444, "13": 0.8888888888888888, "14": 1.0, "15": 0.8571428571428571, "16": 1.0, "17": 1.0, "18": 0.6666666666666666}}