{"mean_test_accuracy": 0.6752136945724487, "std_test_accuracy": 0.017094016075134277}